segment_id,start_imu_index,end_imu_index,start_timestamp,end_timestamp,frame_count,max_NIS,median_NIS,max_residual_norm,median_residual_norm,median_R_x,median_R_y,median_R_z,median_P_pred_theta_x,median_P_pred_theta_y,median_P_pred_theta_z,median_S_xx,median_S_yy,median_S_zz,median_abs_standardized_x,median_abs_standardized_y,median_abs_standardized_z,median_K_theta_x,median_K_theta_y,median_K_theta_z,median_abs_K_bg_x,median_abs_K_bg_y,median_abs_K_bg_z,median_omega_hat_norm
1,489,490,1786181236.5255215,1786181236.52987,2,13.911702507317214,13.05825498791494,0.001290784383242249,0.0012501673405096356,1.14209e-07,6.434706e-08,7.21049e-08,8.134801353418944e-09,2.925027192169404e-09,4.84406431649212e-09,1.2234380135341893e-07,6.72720871921694e-08,7.694896431649213e-08,3.5110539933649294,0.21493326015908032,0.8187324037412503,0.06649124920052418,0.04348052350700381,0.0629515050745164,0.03024516673517113,0.023510208104271034,0.030321060055816845,0.0023657151155136707
2,569,577,1786181236.9255219,1786181236.9655023,9,24.528570162805224,17.254316467393153,0.00138328319366305,0.001152933988181816,1.12286e-07,7.057285e-08,7.326631e-08,8.077254593506968e-09,2.9031292853894632e-09,4.81084823447701e-09,1.2036325459350699e-07,7.347597928538947e-08,7.8077158234477e-08,1.1403255104376284,3.9845610406708323,0.27793203686534085,0.06710731294745202,0.03951127039590866,0.06161658982918755,0.02791669559931294,0.023306369502633217,0.028576135269252012,0.00645832577218702
3,749,749,1786181237.8255785,1786181237.8255785,1,11.597946196329795,11.597946196329795,0.0012161852234164792,0.0012161852234164792,1.348847e-07,8.557334e-08,8.97841e-08,8.543256326433926e-09,3.3051276824426058e-09,5.079827099977441e-09,1.4342795632643393e-07,8.88784676824426e-08,9.486392709997744e-08,2.826672182046594,1.236397442020547,1.4419379723405195,0.059564791580392254,0.037187046167249785,0.053548564290202605,0.021701866286348723,0.02287065904537251,0.02355774204881845,0.004754051447227855
4,1629,1629,1786181242.2255044,1786181242.2255044,1,11.708075835402292,11.708075835402292,0.0010340222075988837,0.0010340222075988837,1.149776e-07,7.505603e-08,8.240674e-08,8.18831933494184e-09,2.942492491365125e-09,4.5277204314270386e-09,1.2316591933494184e-07,7.799852249136512e-08,8.693446043142704e-08,1.8483614011599134,2.846747974544126,0.43320865873208886,0.06648202180338993,0.037724977297495126,0.0520819984145751,0.020539672470061335,0.023802653129529693,0.02194518865722558,0.0061693200039021
5,1709,1711,1786181242.6255033,1786181242.635512,3,16.580686571962342,14.766565635064653,0.0014229977068136838,0.00134267894853208,1.193635e-07,7.844836e-08,9.914923e-08,8.463704949927832e-09,3.260382109243638e-09,5.13517401168098e-09,1.2782720494992783e-07,8.170874210924364e-08,1.0428440401168097e-07,3.4905214826401947,1.0163938776717256,1.2448990481109088,0.06621207866498628,0.03990248809178926,0.049242013308070445,0.02039085227590241,0.025047612458836292,0.02069184320752188,0.004208945570477497
6,1829,1830,1786181243.2255747,1786181243.2296028,2,13.206348217338759,12.364992933184446,0.0012493459921004205,0.0012086373554154755,1.137342e-07,7.18013e-08,7.033593e-08,8.082585465996285e-09,3.2509959193814563e-09,4.962911677550356e-09,1.218167854659963e-07,7.505229591938146e-08,7.529884167755036e-08,3.3779331112583932,0.057976350036900104,0.9676914536062649,0.06635014539661362,0.04331634052661647,0.06590907162639764,0.020394892408376518,0.02718007850049238,0.027714819478735286,0.006739788713039864
7,2089,2092,1786181244.5253417,1786181244.5397387,4,15.247855770813462,13.413792709896748,0.0011753221954648142,0.0011015403139097812,1.472401e-07,8.546541e-08,8.352397e-08,8.199538527254781e-09,3.1889141022056146e-09,4.796959635663924e-09,1.554396385272548e-07,8.865432410220561e-08,8.832092963566392e-08,0.6246270555492066,3.0620341373116853,1.9073167135072473,0.05275021224497099,0.03597018931657123,0.054312799992831284,0.016161781055435955,0.02255480865911129,0.02285992096734485,0.005603295976625061
8,2109,2111,1786181244.625579,1786181244.6355119,3,13.729349948237227,12.266228778009722,0.0010900724665619907,0.0010342648724602304,1.21662e-07,7.678473e-08,8.02664e-08,8.934129321919701e-09,3.3120329818044633e-09,4.984737716214985e-09,1.305961293219197e-07,8.009676298180445e-08,8.525113771621498e-08,1.1818061271695415,2.8314622195562316,1.6796317435047226,0.0684103684172155,0.04135039742024678,0.05847121632978505,0.020922766093366463,0.02591232857046761,0.024596431472429185,0.008131721703578648
9,2129,2132,1786181244.7255063,1786181244.7397513,4,15.671691814833867,13.46944825182159,0.001201327628611273,0.0011077653562485887,1.339009e-07,8.028261e-08,8.050745e-08,8.454437436774368e-09,3.218751464063638e-09,4.912830514314349e-09,1.4235533743677438e-07,8.350136146406364e-08,8.542028051431435e-08,1.2391880203723158,2.296629804740843,2.578900505339981,0.059389670338690734,0.03854728920377784,0.05751361560078809,0.018167222767068406,0.024164384038891363,0.024192072506807966,0.0046379161294162665
10,2349,2350,1786181245.8253083,1786181245.8297138,2,13.750581395558418,13.038042899616453,0.0010288542320964905,0.0010005118970193583,1.080313e-07,6.795186e-08,7.391478e-08,8.218955431796141e-09,3.0957316037354597e-09,4.951860168057005e-09,1.1625025543179614e-07,7.104759160373545e-08,7.8866640168057e-08,1.1371623536592752,3.093526249386761,1.4709024599425666,0.07070030128289723,0.04357261782200454,0.06278760307029696,0.021622133567409337,0.0274180019889659,0.02640730764264442,0.004957273160691428
11,2629,2630,1786181247.2256281,1786181247.229643,2,13.319215210262563,12.49923112654638,0.0012223290580172152,0.0011828469307584278,1.159188e-07,6.446027e-08,8.18318e-08,8.162930294811105e-09,3.006312988017124e-09,4.735340139601151e-09,1.240817302948111e-07,6.746658298801712e-08,8.656714013960116e-08,2.912708997208877,0.031181664334598277,2.0002029465178794,0.06578652437763388,0.044559968103902795,0.05470132077805477,0.020107309722713403,0.0281421045695054,0.02305728232937193,0.004088052911429586
12,2649,2654,1786181247.325507,1786181247.3495917,6,21.970323271161373,16.554478044724398,0.0016371533445185603,0.0014195440033877718,1.25958e-07,6.725336e-08,8.060501e-08,8.228628810585349e-09,2.9298750528294096e-09,4.925734630771309e-09,1.3418662881058534e-07,7.018323505282941e-08,8.55307446307713e-08,3.591603869107046,1.3385410471554633,1.3602504388738854,0.06132223686467415,0.0417460780191892,0.05759015527138203,0.018742244532961087,0.026360144673626865,0.024238900798097207,0.006280001294454038
13,2689,2690,1786181247.525529,1786181247.52992,2,13.593396603624061,12.98726149583896,0.0010011678591067379,0.0009778764478539812,1.134831e-07,6.376509e-08,7.600183e-08,8.089150260380393e-09,2.8178977251234617e-09,4.806640354940637e-09,1.215722502603804e-07,6.658298772512345e-08,8.080847035494064e-08,0.2587797305488655,2.5896925641241144,2.491286899681303,0.06653771821436376,0.0423215816598945,0.05948182882793873,0.020334063556756776,0.026757454874561153,0.025030166067744358,0.004024747078717545
14,2829,2829,1786181248.2255287,1786181248.2255287,1,12.241110113850468,12.241110113850468,0.0012025713950034602,0.0012025713950034602,1.134823e-07,6.600717e-08,7.381984e-08,8.09484871133359e-09,2.903272445083788e-09,4.5162925028018405e-09,1.215771487113336e-07,6.891044244508379e-08,7.833613250280184e-08,3.359561044583667,0.2892234087953769,0.933164663715386,0.06658199173683649,0.04213109569448518,0.0576527377358169,0.020350066866190977,0.026654608999208986,0.02431255364065706,0.0020540678598490766
15,3089,3090,1786181249.5255876,1786181249.5297124,2,13.366054233847905,12.73879085862676,0.0009988192377377552,0.0009738370430229075,1.154787e-07,6.824551e-08,8.110422e-08,8.258781043790445e-09,2.9246130497253835e-09,4.4384240583248765e-09,1.2373748104379043e-07,7.117012304972538e-08,8.554264405832488e-08,0.13554985844331174,3.136544753229569,1.6950159286698798,0.06674416940614732,0.0410932550773822,0.05188551395569449,0.02038515724543878,0.02596769506637774,0.02188677746150359,0.007398507049073303
16,3249,3250,1786181250.3255234,1786181250.3299394,2,13.12132542670303,12.566456057285539,0.001100687236430052,0.0010714578068780987,1.349219e-07,6.759398e-08,7.879518e-08,8.63076602331773e-09,2.941692365765454e-09,4.702175918922613e-09,1.4355266602331773e-07,7.053567236576545e-08,8.34973559189226e-08,1.757902116733604,2.581981687736672,1.6734508174121356,0.06012261981826167,0.041705023058679125,0.05631525772495817,0.01834216266304974,0.026332574995173812,0.02371720797173605,0.004712822356808515
17,3729,3731,1786181252.7255256,1786181252.7355194,3,14.368687472454727,12.733035130258234,0.0011692981426503633,0.0010981725664634694,1.268736e-07,6.709894e-08,7.704032e-08,8.597326852256171e-09,2.8964650158203996e-09,4.967841215603249e-09,1.3547092685225618e-07,6.99954050158204e-08,8.200816121560325e-08,1.9392823250447067,1.799469907070402,2.394601822879174,0.06346252330060653,0.041380787990105326,0.06057740036652234,0.01936902409157854,0.026134456645950738,0.02548562187886337,0.004813200983964559
18,3829,3832,1786181253.2255254,1786181253.2397127,4,14.672037270078077,13.21106900861841,0.0010856840435162875,0.0010266629878283723,1.235615e-07,7.248258e-08,8.166484e-08,8.711895044106207e-09,3.0065465448620845e-09,4.8696111278866424e-09,1.322733950441062e-07,7.548912654486207e-08,8.653445112788664e-08,0.9329000053823765,3.4120588793602846,0.8350016570102823,0.06586275456510171,0.03982754421845315,0.05627365427754284,0.020086614372832275,0.025103872566496068,0.023682401053404974,0.005085095163770658
19,3889,3894,1786181253.5255327,1786181253.54985,6,21.32109135259368,15.793863968395044,0.0016256614393711762,0.0013913085568435142,1.322378e-07,6.653097e-08,7.355294e-08,8.607554262913128e-09,2.9633158843412745e-09,4.77383825856384e-09,1.4084535426291313e-07,6.949428588434128e-08,7.832677825856385e-08,3.4039210820441737,1.6690553488628757,1.1868340900281096,0.061113509543637756,0.042641127770976034,0.060947697084368264,0.018647717295692406,0.026903987967395942,0.025650605847694047,0.0047012703284181005
20,4209,4210,1786181255.1255324,1786181255.1297867,2,13.336275968762397,12.614746431774742,0.0012040366450968328,0.0011700085967926536,1.167967e-07,6.820112e-08,8.503577e-08,8.135910773680649e-09,2.9005597080061786e-09,4.574682078239842e-09,1.2493261077368065e-07,7.110167970800617e-08,8.961045207823984e-08,2.6682850994879006,0.807177833015711,2.1984211114417707,0.06512230093107332,0.040794524255672086,0.05105076329314166,0.01989532513985954,0.02576284951251026,0.021509858762528825,0.0029400684178208887
21,4429,4430,1786181256.2255354,1786181256.229794,2,13.729482889664062,13.02518137945231,0.0011170130974168112,0.0010841415542859783,1.19359e-07,6.256745e-08,7.950893e-08,8.180427297552684e-09,2.9615673001073396e-09,4.5369601270933365e-09,1.275394272975527e-07,6.552901730010733e-08,8.404589012709333e-08,2.2787343607087585,2.792700881790039,0.1507485496622648,0.06414030327823789,0.04519470189650332,0.05398193805782997,0.01959376861490694,0.028510290130218892,0.02276892909028139,0.0031651815481989294
22,4669,4673,1786181257.4255292,1786181257.4455943,5,19.867496337958258,15.863239915871365,0.0013190514683447067,0.0011735377959546213,1.178495e-07,6.757731e-08,7.173985e-08,8.113541125861289e-09,3.0306921458524274e-09,4.5559691662153155e-09,1.2596304112586128e-07,7.060800214585243e-08,7.629581916621532e-08,1.891771412633627,1.4052619302198561,3.210873256523943,0.06441207715739744,0.04292278569554617,0.059714532407505204,0.019679633884568604,0.027063009781940588,0.025179086691264077,0.005287378313647667
23,4689,4691,1786181257.5255337,1786181257.5355275,3,13.629329660184558,12.360510894404825,0.0011280122875620083,0.0010712291406735313,1.144652e-07,7.459604e-08,7.68967e-08,8.21922392471413e-09,2.997260053680662e-09,4.645995868347677e-09,1.2268442392471411e-07,7.759330005368066e-08,8.154269586834768e-08,1.9706759715429745,2.2348042859870003,1.8661611558355031,0.06699484465458128,0.03862782028623906,0.0569762358066111,0.020466786286239092,0.024354615002126417,0.02401895525771457,0.002504084191599604
24,4849,4851,1786181258.3254037,1786181258.3355453,3,13.820106907503762,12.29707276338462,0.0010909348108841099,0.0010297331507735465,1.19811e-07,6.596756e-08,8.034688e-08,8.104148794158294e-09,2.9565205325719727e-09,4.966091562250705e-09,1.2791514879415832e-07,6.892408053257198e-08,8.531297156225071e-08,1.790009445337752,2.7590974786363387,1.216669829145458,0.06335566092437069,0.04289532060493506,0.05821027530038253,0.01935869575684052,0.02705954417141279,0.02449939904393762,0.004321566705848027
25,4909,4909,1786181258.6255531,1786181258.6255531,1,11.548851265750896,11.548851265750896,0.0009000576995757159,0.0009000576995757159,1.172046e-07,6.285088e-08,8.183412e-08,8.728118326794157e-09,2.981786886157416e-09,4.954549516618714e-09,1.2593271832679415e-07,6.583266688615741e-08,8.678866951661872e-08,0.8230346349066459,3.2306676112986192,0.6589873233875753,0.06930778943442915,0.04529342386108098,0.05708751549893269,0.021157075497706825,0.028597112498744602,0.02400684695458141,0.003449448760976663
26,5149,5153,1786181259.825607,1786181259.845539,5,16.55152256903677,13.915460431377385,0.0010848593744725687,0.0009947996097748682,1.367745e-07,6.775875e-08,8.256184e-08,8.631330384468992e-09,2.9451986855634113e-09,4.890604016530982e-09,1.4540583038446899e-07,7.07039486855634e-08,8.745244401653098e-08,0.0402874853105955,3.6850028161417265,0.5793201534981828,0.059360277098368636,0.041655363523817684,0.05592301131719319,0.01811020001736026,0.02631428202678209,0.023518881321650194,0.0047131415615344705
27,5229,5238,1786181260.2255344,1786181260.2696722,10,31.47983527860135,19.698058986841495,0.0016681337919193494,0.0012995083448961954,1.117685e-07,6.711295e-08,7.480936e-08,8.011520487041203e-09,2.9566848384896197e-09,4.726607183913379e-09,1.197800204870412e-07,7.006963483848963e-08,7.953596718391337e-08,2.4167350355894976,3.440448982619638,1.4152150261658378,0.0668852483660079,0.042196373219187566,0.05942726869754502,0.02043538999831721,0.02662325082793282,0.02503130294363394,0.004754246624298436
28,5329,5333,1786181260.7254002,1786181260.7454069,5,19.619307586230757,15.973469550925813,0.0015579730327183983,0.001407482365160785,1.410118e-07,6.693442e-08,8.049222e-08,8.434865475156018e-09,3.0855758994442702e-09,4.99811366474961e-09,1.4944666547515603e-07,7.001999589944427e-08,8.54903336647496e-08,3.2175997654984716,1.7422706637600092,1.6077942287914215,0.05644064019804021,0.04406706768960243,0.05846407950566708,0.01723476973558972,0.027763113894561993,0.02458635475040121,0.006647071233676746
29,5769,5771,1786181262.9255486,1786181262.9355483,3,13.580898514483655,12.432940057240273,0.0010080971240599636,0.0009622090966561252,1.257345e-07,6.602669e-08,7.19663e-08,8.52803514741325e-09,2.8511973280353506e-09,4.805773150283609e-09,1.3426253514741324e-07,6.887788732803535e-08,7.677207315028361e-08,1.0243573091420077,3.351698127423329,0.386958440128834,0.06351760852503897,0.04139495908204323,0.0625979337648332,0.019394030616150703,0.02615987223555604,0.026359202163400815,0.0036471914132593076
30,6089,6089,1786181264.5255418,1786181264.5255418,1,11.894171588269504,11.894171588269504,0.0011692883431628999,0.0011692883431628999,1.248763e-07,7.078343e-08,8.0378e-08,8.256633897920703e-09,3.0703832786173825e-09,4.96430744775733e-09,1.331329338979207e-07,7.385381327861738e-08,8.534230744775733e-08,2.7162407577467342,0.19529706232566038,2.116143902365095,0.06201796697543745,0.04157379479847663,0.05816936049604356,0.01893257633534548,0.026182531226160762,0.024456089455097224,0.005090525097338226
31,6289,6289,1786181265.5255527,1786181265.5255527,1,11.347638870640601,11.347638870640601,0.0009279631410282806,0.0009279631410282806,1.293866e-07,7.177566e-08,8.191686e-08,8.666614324218697e-09,2.968491268664916e-09,4.912547078357405e-09,1.380532143242187e-07,7.474415126866492e-08,8.68294070783574e-08,0.33805297838779463,3.2803421714482286,0.6875265793907506,0.06277734539165264,0.03971536521599487,0.05657699669909724,0.01916203303305719,0.02508609902090262,0.023822250385321608,0.010369712305488535
32,7009,7011,1786181269.12556,1786181269.135585,3,13.70615242028573,12.31978369314913,0.0011001952143455428,0.0010432640641862489,1.347659e-07,7.851669e-08,9.411743e-08,9.029873586723559e-09,3.2897194922086174e-09,5.516092143773298e-09,1.4379577358672357e-07,8.180640949220862e-08,9.96335221437733e-08,0.5000456783564848,2.9004422521472444,1.9123815354067832,0.06279651592521815,0.04021346874997404,0.0553638175664648,0.019131881852052845,0.025145835994528312,0.023189428041987852,0.00417683482556778
33,7109,7115,1786181269.6255863,1786181269.655628,7,20.920618078294517,16.050328832128045,0.001456445958056335,0.0012668625224152462,1.453897e-07,8.301307e-08,8.78853e-08,8.782260991680865e-09,3.2849416019925835e-09,5.096786013969445e-09,1.5417196099168087e-07,8.629801160199259e-08,9.298208601396944e-08,1.722364749963081,3.2052445694453615,1.6763603375102591,0.05696406100601414,0.03806509027184453,0.05481470928182879,0.017376926469618515,0.023864927764207552,0.023034169470026445,0.0030558041348338295
34,7389,7390,1786181271.025576,1786181271.029644,2,14.256191671841517,13.341866332901255,0.0010739263485738057,0.0010376229791217051,1.22299e-07,7.03242e-08,7.489128e-08,8.843949894753827e-09,3.0976991644502463e-09,4.952709789263263e-09,1.3114294989475383e-07,7.342189916445024e-08,7.984398978926326e-08,0.4968488614737806,0.09043907189636739,3.615347333354195,0.06743708632502736,0.042190360584562825,0.06202959019811624,0.020572978733443107,0.026579308949041217,0.026063691980657458,0.00533248845098378
35,7449,7451,1786181271.3256073,1786181271.3355494,3,14.590739005280511,13.211913425459967,0.0010930338498470278,0.001036714310170605,1.234218e-07,7.148064e-08,8.490626e-08,8.609524849652479e-09,2.863802874900458e-09,4.3863980494460924e-09,1.3203132484965249e-07,7.434444287490045e-08,8.929265804944609e-08,0.9910002269258634,3.133081755737374,1.5535802165646952,0.06520819858025265,0.03852073892728438,0.04912383778282314,0.019905279642086413,0.024347485813935744,0.020724207919449192,0.004131501352539499
36,7489,7497,1786181271.5255702,1786181271.5655608,9,27.86765078140138,18.39656874133285,0.0018070079428850292,0.0014570221956480885,1.333129e-07,6.133153e-08,9.484236e-08,8.645328811468e-09,2.974124520578381e-09,4.99798206503041e-09,1.41958228811468e-07,6.430565452057839e-08,9.984034206503042e-08,2.853863422812596,1.270773454784593,2.9389103417277744,0.06090051195913834,0.04624981337230415,0.050059744994742035,0.01858654123378353,0.029170651149906354,0.02106673516854601,0.005763129375064851
37,7529,7530,1786181271.725552,1786181271.729786,2,13.313767193326527,12.770803606846217,0.0010426336751766193,0.0010199132032484514,1.361209e-07,6.573227e-08,7.966214e-08,8.624640140798555e-09,2.9424484260343606e-09,4.909724788218548e-09,1.4474554014079857e-07,6.867471842603437e-08,8.457186478821855e-08,0.9669271430808557,2.452398465737035,2.4115614023087333,0.059584797856593735,0.04284614477866622,0.05805380144058303,0.01817948883220393,0.02706526403992326,0.024401556597848477,0.006681204147965926
38,7789,7792,1786181273.0255556,1786181273.0397286,4,15.755031352912155,13.761022250637964,0.0012139004460022438,0.0011300912264346449,1.279973e-07,7.121015e-08,8.578748e-08,8.588200202220836e-09,2.94166821332232e-09,4.461844233842107e-09,1.3658550020222085e-07,7.415181821332233e-08,9.024932423384212e-08,2.009666345614178,3.0651646135832014,0.5638056692480662,0.06287773779196162,0.0396708831857895,0.04943873532853134,0.019190800129574193,0.02500403457315871,0.020848266355101255,0.005045697399498326
39,7929,7930,1786181273.725572,1786181273.7299643,2,12.97121280217863,12.284379678666962,0.0010754703917599845,0.00104600781120607,1.25544e-07,7.229862e-08,8.370796e-08,8.226790242384927e-09,2.960781941490951e-09,4.503716955235127e-09,1.3377079024238493e-07,7.525940194149095e-08,8.821167695523512e-08,0.5634868303871243,0.490262456096873,3.4229814283755466,0.06149913425334987,0.03934102227140635,0.05105578143641507,0.018783481394801613,0.024812112553473556,0.021521485470099643,0.005721819392989184
40,8069,8075,1786181274.4255605,1786181274.455648,7,23.282269417016476,16.53000946947801,0.0015533374911309201,0.0013041260084307874,1.219445e-07,6.605418e-08,7.402901e-08,8.152070207578412e-09,2.9450281155481917e-09,4.6857884028891096e-09,1.3009657020757843e-07,6.899920811554819e-08,7.871479840288911e-08,2.964567265290485,2.3010721138323875,1.564080861059704,0.06266168424785142,0.04268205669629042,0.05952868450626468,0.01914485273163787,0.02695002758717416,0.025092127241491104,0.00444553207784218
41,8189,8189,1786181275.0254319,1786181275.0254319,1,11.441184059694548,11.441184059694548,0.0009756699731687298,0.0009756699731687298,1.140629e-07,6.721001e-08,7.94334e-08,8.068058264565803e-09,2.919395400904024e-09,4.864961102889309e-09,1.221309582645658e-07,7.012940540090402e-08,8.429836110288931e-08,1.3464091490146357,2.3928176567725137,1.9755500710056628,0.06606071367024209,0.041628691759114614,0.05771121809759386,0.020181719847185305,0.02630457349532775,0.024293010792153364,0.005569320055780801
42,8229,8235,1786181275.2255886,1786181275.2555687,7,18.917628482535704,14.569858119221225,0.0012264591438789784,0.001069233358063282,1.154006e-07,7.084119e-08,7.30065e-08,8.213650665551103e-09,2.8794059777366436e-09,4.6926585373755204e-09,1.236142506655511e-07,7.372059597773664e-08,7.769915853737552e-08,1.2207992504591578,3.624505170195272,0.16895939381164254,0.06644582335834227,0.03905836543434209,0.060395229824759776,0.020299586838670225,0.024691527085988766,0.02543168237630656,0.005074158934442892
43,8289,8291,1786181275.5255685,1786181275.535592,3,14.168941667611039,12.810735167675256,0.0011458723189330334,0.0010881540103482442,1.276297e-07,6.530973e-08,6.708455e-08,7.980558837887007e-09,2.8590648106966788e-09,4.730711164391971e-09,1.3561025883788702e-07,6.816879481069668e-08,7.181526116439197e-08,2.1176009106541747,2.44689970336991,1.5294271151296077,0.0588492264985672,0.04194096165634979,0.06587334066580174,0.017989325580617214,0.02652264336105212,0.027746077018332208,0.003854121987759614
44,8349,8352,1786181275.825639,1786181275.839948,4,15.90568543892293,13.368506708626391,0.0012906370059354562,0.001173744622847237,1.22084e-07,7.404652e-08,8.531404e-08,8.759244949004929e-09,3.1694983998763673e-09,4.921290412494598e-09,1.3084324494900493e-07,7.721601839987636e-08,9.023533041249461e-08,2.3740812275250573,2.080560487990886,1.841264548697647,0.06694453943322032,0.0410471461376276,0.05453839756480573,0.02042404626003888,0.025840857723553906,0.022948242381127276,0.004836186155924379
45,8369,8378,1786181275.925568,1786181275.969983,10,27.76339812745529,18.539997730139575,0.0015770671516461795,0.0012834385556976043,1.41344e-07,7.97883e-08,8.820632e-08,8.640459824384174e-09,3.165613555399074e-09,5.076886025952163e-09,1.4998445982438419e-07,8.295391355539907e-08,9.328320602595216e-08,0.7257568465429991,3.2695760418992292,2.7082761740745824,0.05760901201412642,0.03816110848481295,0.054424433580693724,0.017581493837575984,0.023991085025693384,0.022878281111921923,0.00558822801168943
46,8689,8690,1786181277.5255747,1786181277.5300899,2,13.78948171379907,12.983275836119152,0.001287178053433683,0.001247406882710397,1.202509e-07,9.472912e-08,1.000677e-07,8.512398911362226e-09,3.6286180955298933e-09,5.373240952655886e-09,1.2876329891136224e-07,9.83577380955299e-08,1.0544094095265588e-07,2.849708607434361,0.3832709708216998,2.168476978275596,0.06610879312980952,0.03689203718967374,0.05095971443799892,0.02018027507986299,0.02295207630349086,0.021365005347186262,0.005263704704303886
47,8869,8870,1786181278.425679,1786181278.4296396,2,13.666980759705977,12.851336240951552,0.0013139013826183586,0.001273355158041915,1.20488e-07,9.505895e-08,8.679146e-08,8.21276720357176e-09,3.580980217420467e-09,5.327675574934057e-09,1.2870076720357178e-07,9.863993021742047e-08,9.211913557493406e-08,3.4548477981673424,0.5693054394937259,0.7602372122383941,0.0638127252341909,0.036303535404310194,0.057834409478431895,0.01949143245447455,0.022598607642735122,0.02424341867246414,0.0065259105859166045
48,9069,9076,1786181279.4255967,1786181279.4598582,8,26.708239194680523,17.757101842091014,0.0018320575373810353,0.0014893235095130792,1.285459e-07,9.731367e-08,1.00028e-07,8.459118417718332e-09,3.630277425788575e-09,5.424650146205836e-09,1.3700501841771834e-07,1.0094394742578857e-07,1.0545265014620584e-07,3.328126495039717,0.7086950346151482,2.4817178855304007,0.061743123618660134,0.035963295737073006,0.051441572311481526,0.018846186736220474,0.02236909904356573,0.02155829405096286,0.005005846312653814
49,9129,9133,1786181279.725593,1786181279.7456903,5,17.721201992621264,14.237706561891468,0.0015830862051431029,0.0014166855302935586,1.413183e-07,1.087756e-07,9.671053e-08,8.651057008565049e-09,3.6536286118566926e-09,5.6296423154930465e-09,1.4996935700856505e-07,1.124292286118567e-07,1.0234017231549304e-07,3.3609417632648615,1.063260059051493,1.345823952428324,0.05768549775612156,0.032497142032487505,0.055009115071806634,0.01760240087773805,0.020191725717077443,0.023029177360899645,0.006311918327940688
50,9189,9193,1786181280.0255888,1786181280.0455709,5,16.372595547133407,13.920081103555262,0.0013679799663045271,0.0012604536545169473,1.26646e-07,1.028358e-07,1.156689e-07,8.94220574708233e-09,3.796752814281799e-09,5.699889858651624e-09,1.3558820574708233e-07,1.066325528142818e-07,1.2136878985865163e-07,0.681781387531023,2.7024076203312455,2.4803717229223503,0.06595120642159161,0.03560594503262079,0.046963390384400054,0.020107816119907324,0.022060487382927527,0.019649358857938445,0.00640685303145029
51,9729,9732,1786181282.7255826,1786181282.7399533,4,17.857028312737164,14.46426188310873,0.0013488132698425133,0.0012070872092261042,1.228991e-07,8.006038e-08,6.979252e-08,8.483374363999934e-09,3.2760522266763993e-09,5.115244991434024e-09,1.3138247436399995e-07,8.33364322266764e-08,7.490776499143403e-08,2.5780060983375237,0.006763234642780039,2.7918765083377295,0.06456996576504659,0.03931115351209938,0.06828723817369561,0.01971083829389819,0.024633275528740513,0.028633385321189024,0.007796327215021489
52,9949,9949,1786181283.8255734,1786181283.8255734,1,11.463593409452136,11.463593409452136,0.0012049555495430748,0.0012049555495430748,1.247473e-07,7.961821e-08,8.40936e-08,8.39857342557446e-09,3.2250772895111287e-09,5.460814694050324e-09,1.3314587342557446e-07,8.284328728951113e-08,8.955441469405033e-08,3.132824463365175,0.6139430208385106,1.1278635790837326,0.063077985140148,0.03892985653560018,0.060977615813043784,0.019258949739289898,0.024418419313616286,0.025549844300667382,0.005198381113788908
53,10049,10050,1786181284.325585,1786181284.3297892,2,14.205457896278347,13.392425713311752,0.0013130640319669658,0.0012728483220945273,1.251296e-07,7.287414e-08,1.00109e-07,8.434713558065874e-09,3.3888519308343354e-09,5.346003641524265e-09,1.3356431355806587e-07,7.626299193083433e-08,1.0545500364152426e-07,3.071039392383003,1.3846176610863419,1.4251701624576998,0.06315085299563866,0.04443630543241683,0.05069461786920329,0.01928340063194463,0.027798233554296364,0.02125728030835048,0.0027508669942885875
54,10169,10171,1786181284.9255831,1786181284.9354753,3,16.852443267940348,14.748145622097756,0.0014617794086545868,0.0013672638401575812,1.27791e-07,7.881266e-08,9.160106e-08,8.335426032504408e-09,3.4477133689927833e-09,5.532505481412695e-09,1.361264260325044e-07,8.226037336899279e-08,9.713356548141268e-08,3.4210515520339144,1.1283574337892093,1.3309188824489284,0.0612329749253146,0.04191220180130816,0.056957710271251016,0.018691693365275444,0.026121319414305483,0.023832193467162577,0.009618744023717719
55,10509,10509,1786181286.6254213,1786181286.6254213,1,12.90953385367335,12.90953385367335,0.0012061202110635514,0.0012061202110635514,1.150723e-07,6.966e-08,7.545235e-08,8.363214013964811e-09,2.962284084938698e-09,4.715493115149657e-09,1.2343551401396483e-07,7.26222840849387e-08,8.016784311514966e-08,3.1880512532219947,1.6264776565129948,0.3168998585685168,0.06775370994862877,0.04079029077939559,0.05882025675009989,0.020689923594898324,0.025740372423750855,0.024777475605449368,0.004181732993493565
56,10789,10791,1786181288.025589,1786181288.0356226,3,14.954348036408689,13.302421366317061,0.0012761450758986587,0.0012027504357514022,1.336516e-07,5.89912e-08,6.79709e-08,8.363167711806075e-09,2.8960522946081866e-09,4.736786785887222e-09,1.4201476771180606e-07,6.188725229460819e-08,7.270768678588722e-08,2.697247188483921,1.5045086122761504,1.9400402045606004,0.05888942288051278,0.046795619246511516,0.06514836319496185,0.01798570548839157,0.029543237261380157,0.02742102147313559,0.002352939654356064
57,10849,10851,1786181288.3255885,1786181288.3355837,3,14.7044347909658,12.939197348290431,0.0011332717564846236,0.0010655761188403446,1.154799e-07,6.419916e-08,6.941704e-08,8.218082522309077e-09,2.9467905937272467e-09,4.672260890208605e-09,1.2369798252230906e-07,6.714595059372724e-08,7.408930089020861e-08,1.8947629157761803,0.2999710376910607,3.0449403654475526,0.06643667385993508,0.0438863485790692,0.06306255874843586,0.020288176172628097,0.02773539051223381,0.026554658687080235,0.006395379123112843
58,11149,11152,1786181289.8255844,1786181289.8398798,4,17.431622744040276,14.536323557761957,0.0012517058795076946,0.0011372959343384505,1.443448e-07,6.809166e-08,6.973383e-08,8.437665895189389e-09,2.8815340291220045e-09,4.800855904597481e-09,1.5278246589518938e-07,7.0973194029122e-08,7.453468590459749e-08,1.673604676038161,1.5293361878718392,3.062217856050121,0.055226452849330365,0.04060031250060395,0.06441100225449437,0.01686208851456084,0.025623177783970864,0.027088243133751487,0.008491337517200218
59,11489,11495,1786181291.5256011,1786181291.555606,7,25.436132612892024,17.376792917076394,0.0014225098882831124,0.0011744635201829722,1.224853e-07,6.627493e-08,6.726977e-08,8.286331643733592e-09,2.8973435446138057e-09,4.652839921818252e-09,1.307716316437336e-07,6.91722735446138e-08,7.192260992181825e-08,1.518480383269225,1.44302323221748,3.6039826366342966,0.06336490214972662,0.041885908845227186,0.06469231200942456,0.019356051718299096,0.02647934649651081,0.027252079799205707,0.0037208236214655924
60,11549,11555,1786181291.8255892,1786181291.8555894,7,20.472605726721604,15.460099846432438,0.0013088892538366532,0.001136797391819625,1.399524e-07,7.270686e-08,8.092152e-08,8.191661386073221e-09,2.9559975253733618e-09,4.7998464354818195e-09,1.481440613860732e-07,7.566285752537335e-08,8.572136643548181e-08,0.9965214391581102,3.070667303192602,2.2445653249592774,0.0552952397103677,0.0390680133155173,0.0559935828642925,0.016897263498238457,0.024711459084444956,0.023590798688374354,0.0053155209819214415
61,11629,11632,1786181292.225416,1786181292.239963,4,18.000184314264473,15.142288628286968,0.0014097003716619472,0.001288903628683585,1.3602e-07,7.52751e-08,8.671654e-08,8.54297381731572e-09,3.1152394972966107e-09,4.990368334566402e-09,1.4456297381731573e-07,7.83903394972966e-08,9.170690833456639e-08,2.3116520608112348,0.8057886736098112,3.0219523661999803,0.05909514332411735,0.039740094010793287,0.05441649049894791,0.018033055493120752,0.025024772847770424,0.022883104070630697,0.004398709505681621
62,11949,11951,1786181293.8256044,1786181293.8356538,3,14.345450929310616,12.759933298382784,0.0012478965097296167,0.0011761268719172947,1.238136e-07,6.580851e-08,7.670469e-08,8.524987808556827e-09,2.824621068916346e-09,4.876089575078492e-09,1.3233858780855684e-07,6.863313106891635e-08,8.158077957507849e-08,2.7047052796936417,1.4787463502311078,1.8049455718482474,0.06441800497531075,0.0411553578378216,0.05977007820148669,0.019669221643959896,0.026037263582589055,0.025148222262414532,0.0035509194029341488
63,12249,12251,1786181295.3254957,1786181295.3355942,3,16.14841689179995,14.340096084950913,0.0013737934541774841,0.001292752737243239,1.21236e-07,6.817188e-08,8.13561e-08,8.555127233293704e-09,3.013724863555279e-09,4.4264513198967594e-09,1.297911272332937e-07,7.118560486355528e-08,8.578255131989676e-08,3.326311761410852,1.7531723120907967,0.46187391216641444,0.06591457686171732,0.04233615586294563,0.05160083550520972,0.020117124524976496,0.02669634146336262,0.02176689377355491,0.00699500438741684
64,12269,12271,1786181295.4254098,1786181295.4355943,3,14.815435577420931,13.158241037895282,0.0011986911576637044,0.0011288619523559238,1.348174e-07,6.946829e-08,7.741626e-08,8.370298813425124e-09,2.998651370653502e-09,4.8908484178567576e-09,1.4318769881342513e-07,7.24669413706535e-08,8.230710841785676e-08,1.9259505994357524,1.8613176555843263,2.4463045641902395,0.05845682891884314,0.041379576846825916,0.05942194435763988,0.017845790018590407,0.026092404296817313,0.02502807959553257,0.007317426776676008
65,12349,12351,1786181295.8256326,1786181295.8355978,3,14.417316776891472,12.879707848402706,0.0010455594774252737,0.0009859156090745518,1.125254e-07,6.594705e-08,7.715328e-08,8.24134417639394e-09,3.0603310674619964e-09,4.733216412106322e-09,1.2076674417639393e-07,6.900738106746199e-08,8.188649641210633e-08,1.1599704695881878,3.2334000494274155,1.0389218332512788,0.06824183450414126,0.04434788012929508,0.05780216054497185,0.02084319979554063,0.027925202119853717,0.02435079901010819,0.006835451151720798
66,12549,12551,1786181296.8256843,1786181296.8355958,3,15.348799282252937,13.454531478109928,0.001263899864081818,0.0011796029652892546,1.135869e-07,6.997843e-08,7.872332e-08,7.85299292889707e-09,3.0239897449040595e-09,4.731959169166635e-09,1.2143989292889708e-07,7.300241974490406e-08,8.345527916916664e-08,2.868994611330966,2.0334244456814585,1.0433593097222242,0.06466567730916142,0.041423143983438625,0.056700537290428656,0.019768196089499167,0.026183879505981406,0.023892287715805833,0.005158503009663568
67,12589,12589,1786181297.0255988,1786181297.0255988,1,12.408460675437878,12.408460675437878,0.0011890832360079984,0.0011890832360079984,1.246111e-07,7.291405e-08,7.591063e-08,8.263513302917791e-09,2.9661464951504744e-09,4.9711730644015355e-09,1.3287461330291778e-07,7.588019649515047e-08,8.088180306440154e-08,2.873279436325356,1.946015066494542,0.60479808116594,0.06219030931941857,0.03908986312103352,0.06146219391683057,0.01900112592432017,0.024661610331501136,0.025856712263186254,0.003533491134863401
68,12709,12711,1786181297.6255963,1786181297.635599,3,14.647426546988887,13.338047097773755,0.0010498268222233272,0.0010009946087462833,1.324247e-07,7.008568e-08,7.844011e-08,8.194399606122485e-09,2.970144302396071e-09,4.702334296957081e-09,1.4061909960612247e-07,7.305582430239607e-08,8.314244429695707e-08,0.023288513520336274,3.253298991828898,1.659375638797264,0.05827373114111247,0.0406558180632292,0.0565575661866198,0.017791060660364066,0.02562924147969378,0.02382006746811847,0.004512368593389896
69,12749,12750,1786181297.825476,1786181297.829751,2,13.90695928857677,13.126595071623353,0.001252774932735217,0.0012146015574271301,1.337578e-07,6.852309e-08,8.018317e-08,8.556683534648543e-09,2.9309963717926063e-09,4.945706113915596e-09,1.4231448353464854e-07,7.145408637179261e-08,8.51288761139156e-08,2.7327625933084967,2.2345412897733077,0.8081891159025856,0.06012513697578476,0.04101928804827264,0.05809661642795133,0.01834827729413587,0.0258793734475991,0.024440058037938254,0.0041291665950069
70,12909,12909,1786181298.625631,1786181298.625631,1,11.79659857004382,11.79659857004382,0.0010291134402088866,0.0010291134402088866,1.200426e-07,6.996143e-08,7.154105e-08,8.266085111252009e-09,2.9590130520723937e-09,4.789321484141032e-09,1.28308685111252e-07,7.29204430520724e-08,7.633037148414104e-08,1.779452407263119,1.3212997977503744,2.6238030045480882,0.06442342623685494,0.0405786488247343,0.06274463742055884,0.019673624586974026,0.025641083117961348,0.026400465084236262,0.0046540285601375945
71,13009,13014,1786181299.1256144,1786181299.14962,6,22.86784442779472,17.322004098428323,0.0016041228277816955,0.001392577610096687,1.169971e-07,6.522544e-08,8.313266e-08,7.931175563360987e-09,2.924958701353126e-09,4.5153720086591844e-09,1.24928275563361e-07,6.815039870135313e-08,8.764803200865919e-08,3.599511619670481,1.768726950600437,1.1060247913935832,0.06348581642163209,0.04291915906388126,0.05151709499350488,0.019405427786543125,0.027091154372444408,0.02173254018284447,0.014439315949985952
72,13049,13049,1786181299.3256109,1786181299.3256109,1,12.382442874804992,12.382442874804992,0.0011803260388240637,0.0011803260388240637,1.174688e-07,7.662934e-08,8.33092e-08,8.100833891405674e-09,2.9958141688964823e-09,5.020533490132347e-09,1.2556963389140567e-07,7.962515416889649e-08,8.832973349013235e-08,2.971666493527013,1.8392134508716416,0.41127222935194896,0.0645126818079673,0.03762396650650558,0.05683854448169478,0.01971336626241848,0.023747194412740924,0.023907088878233132,0.014792021089898579
73,13089,13110,1786181299.5253608,1786181299.6297178,22,91.73824561760534,19.458505265853766,0.0027621718925572754,0.001271233366229951,1.136065e-07,6.806799e-08,7.835485e-08,8.13132960904888e-09,3.0657392577215866e-09,4.870927167641555e-09,1.2173782960904887e-07,7.114036613427835e-08,8.322577716764155e-08,0.4226180252053425,1.0584119845335154,4.302066656902932,0.0668959450910529,0.043098024833595774,0.05857110297028881,0.020435152172344793,0.027090791940222254,0.02463461359948181,0.25919921174535054
74,13129,13134,1786181299.7257612,1786181299.75018,6,22.945752715215885,16.63848076979352,0.0013912763520085797,0.0011847017592401903,1.123089e-07,6.960362e-08,8.3828e-08,7.937909667238475e-09,3.070289890421601e-09,4.87919946384613e-09,1.2024680966723848e-07,7.26739098904216e-08,8.870719946384613e-08,0.11401071285428876,2.1187216020029203,3.489553253740428,0.06601303124173362,0.04224698296531189,0.05500341282396694,0.02017488180058618,0.026551192688025197,0.02314347511245758,0.34370893438573075
75,13149,13151,1786181299.8254604,1786181299.8356004,3,16.07661908273222,14.233301361075354,0.0011175241178977236,0.0010580422988725085,1.252155e-07,6.136659e-08,7.432523e-08,8.03693479854064e-09,3.0145832999038832e-09,4.958516639527266e-09,1.3325243479854062e-07,6.438117329990389e-08,7.928374663952727e-08,1.597691858671003,3.143201352234539,1.345089074851197,0.06031298395317123,0.04682331159400707,0.06254140135779852,0.01843032143338973,0.029426932081034293,0.02630077689737941,0.39153927373041475
76,13169,13183,1786181299.9256144,1786181299.9956007,15,46.350326997017646,24.481255856121756,0.0017955976777001136,0.0013058318311471619,1.213366e-07,6.650091e-08,8.774638e-08,8.393198333029567e-09,2.9030171178741232e-09,4.951467137220726e-09,1.2972979833302958e-07,6.940392711787413e-08,9.269784713722073e-08,0.3144717485490814,4.922495953760708,0.17026198426932354,0.06469663797901995,0.04182696940693014,0.053415125469064614,0.019749030101741234,0.02634183995556828,0.022477242076738225,0.39327717804704365
77,13189,13191,1786181300.025474,1786181300.0356033,3,16.071006531379933,13.67216298921782,0.0011439343104870485,0.0010594425622844229,1.189767e-07,6.74418e-08,7.821762e-08,8.369984125965376e-09,2.944762417885158e-09,5.0603198703664255e-09,1.2734668412596537e-07,7.038656241788517e-08,8.327793987036643e-08,1.6227055869187212,3.059549881249552,1.4351594063820938,0.06572502564247466,0.04183602212977286,0.06076422955386237,0.020062333735961516,0.026346837684686594,0.02554723622848519,0.3910069218620341
78,13193,13193,1786181300.045429,1786181300.045429,1,11.957560199493185,11.957560199493185,0.0010563697507571764,0.0010563697507571764,1.189767e-07,6.74418e-08,7.821762e-08,8.331300286875742e-09,2.954554790802933e-09,5.007834092747858e-09,1.2730800028687576e-07,7.039635479080293e-08,8.322545409274786e-08,2.0627784303437444,2.2961254565039586,1.5620549792347125,0.06544112317748035,0.04196930045587434,0.06017190452656604,0.019975677164037958,0.026428958782062632,0.025297397343074884,0.4337700467002753
79,13209,13212,1786181300.1256742,1786181300.1397142,4,19.2141921492663,18.172628391862137,0.001090532593421048,0.001057453642973904,1.087676e-07,5.824235e-08,7.341648e-08,8.190944865370379e-09,2.94345633194754e-09,4.836770604183539e-09,1.1695854486537039e-07,6.118580633194754e-08,7.825325060418353e-08,0.40483302323233117,4.247108516268834,0.13059123225096836,0.0700314022674807,0.04810537179227069,0.061809160368154,0.021377709544806264,0.030267946386154383,0.025995433430396755,0.48207370760000495
80,13229,13242,1786181300.2256079,1786181300.2897587,14,50.382648682944506,24.399178202297946,0.001969400848445444,0.001360656153274444,1.1359e-07,6.344124e-08,8.485619e-08,7.994582202950845e-09,2.8321036158297348e-09,4.874839904379181e-09,1.2158458220295085e-07,6.627334361582975e-08,8.973102990437918e-08,0.9338145720343705,4.036260519858992,2.5931306626511086,0.06575181060356797,0.042732229706169446,0.05432718489806203,0.02008341571643922,0.026923566074067574,0.022868334303803663,0.5177121838777042
81,13249,13260,1786181300.3256114,1786181300.3802106,12,35.55032631912417,23.265728019422255,0.0016967324917829857,0.0013778149551698549,1.122998e-07,6.958929e-08,8.767677e-08,8.044344922552786e-09,2.922974630539732e-09,5.058572200150205e-09,1.203441449225528e-07,7.251226463053973e-08,9.27353422001502e-08,1.6336527585680103,4.0729998679843495,1.9216973418157761,0.06684347130629376,0.04030893138114096,0.054548480802970076,0.020416715055669436,0.025400178921232294,0.022940146476753527,0.4125160477244001
82,13269,13284,1786181300.425616,1786181300.4998493,16,32.88457653375962,23.651018574529793,0.0017638537218898638,0.0014760960565035428,1.140551e-07,8.221065e-08,8.413423e-08,8.058907889000874e-09,3.118485108120385e-09,5.0681950848056025e-09,1.221140078890009e-07,8.532913510812039e-08,8.920242508480561e-08,1.4274241373969543,0.4626072848730126,4.604836960256868,0.06599456645762902,0.03654621677258961,0.05681678353222497,0.020160852867415605,0.02301954083983016,0.023873594286979105,0.11267162832265878
83,13289,13315,1786181300.5256095,1786181300.6556027,27,96.67616641307235,23.72528135494938,0.0028128460411707226,0.001374954043391987,1.056495e-07,7.324368e-08,7.812623e-08,7.895229080982659e-09,3.1514759531546037e-09,4.890994764326338e-09,1.1357642437229843e-07,7.642556814881613e-08,8.301722476432633e-08,0.48389389109247083,2.6632399376036604,4.286047945128501,0.06914836564508804,0.04125228859885533,0.059452488418560295,0.021133569618444852,0.025945192026812707,0.024987255275483674,0.05717650543021634
84,13329,13329,1786181300.7256093,1786181300.7256093,1,11.754070219210275,11.754070219210275,0.0010168881977902888,0.0010168881977902888,1.054113e-07,6.877638e-08,7.73949e-08,8.166451105585011e-09,3.15597879647399e-09,4.719875922302242e-09,1.1357775110558502e-07,7.193235879647399e-08,8.211477592230224e-08,1.5402354075884057,0.7554525396869923,2.968440668659343,0.07190185333183476,0.04387425582022467,0.05747900602879114,0.021976761246521998,0.027595489237103917,0.024197042852583117,0.09819538098282711
85,13369,13372,1786181300.925615,1786181300.939639,4,13.406499917031088,12.414225366604914,0.0010394988143242092,0.0009977991436079564,1.087776e-07,7.426306e-08,7.764036e-08,8.032546570129854e-09,3.1535901670730795e-09,4.710560518194567e-09,1.1681014657012986e-07,7.741665016707308e-08,8.235092051819456e-08,0.717888714379022,3.004062854933953,1.6951100866439743,0.06876573180953127,0.04073528062502591,0.05720105082865674,0.021020453701573717,0.02563606991885819,0.024089758644230887,0.03287018234275406
86,13389,13399,1786181301.0257273,1786181301.0756433,11,43.10770404200917,21.890036188487155,0.002135017749650809,0.0015032756971314232,1.030042e-07,6.881694e-08,6.372528e-08,7.790394694189429e-09,3.095388237772949e-09,4.59143090776908e-09,1.1079459469418943e-07,7.191232823777295e-08,6.831671090776908e-08,4.205945274165302,2.027898159735156,0.6577890997574734,0.07031385148926377,0.04304391567730272,0.06720801979306858,0.021497201528258042,0.027079682399477337,0.02830508871633437,0.021727452042906825
87,13401,13401,1786181301.0856843,1786181301.0856843,1,11.551540959527324,11.551540959527324,0.0010592055400360965,0.0010592055400360965,1.030042e-07,6.881694e-08,6.372528e-08,7.779733464431088e-09,3.066256390785159e-09,4.486201833119842e-09,1.1078393346443109e-07,7.188319639078515e-08,6.821148183311985e-08,2.740759240421315,1.9651575034267723,0.42173687258202536,0.07022438372207573,0.04265609357474026,0.06576901250465003,0.021474663545653416,0.026843469256478125,0.027714890695190657,0.015327928670860035
88,13409,13423,1786181301.1256235,1786181301.195643,15,38.531357311603365,21.011789999415775,0.0017826992706975113,0.0012893516300933794,1.055158e-07,6.710511e-08,7.455243e-08,7.745727696275477e-09,3.0050211212104825e-09,4.592367610037856e-09,1.1326152769627549e-07,7.011013112121049e-08,7.914479761003786e-08,2.0753418137665918,3.976639790746535,1.0051640873456111,0.0683879851688185,0.042861438705413916,0.05802488177351832,0.020916698694538785,0.02699049832657666,0.02447192205480803,0.02815722012005881
89,13529,13586,1786181301.7257237,1786181302.0100443,58,290.12543640173635,25.83443459636181,0.004431964875934692,0.0014204837005633662,9.835736e-08,7.858485e-08,7.097101e-08,7.527673024749624e-09,3.2216482741159224e-09,4.6447398665982e-09,1.0589918453555833e-07,8.182260695846829e-08,7.561261127804147e-08,0.7553393011793408,2.181495606416551,4.347270095350353,0.07153876119918445,0.039354867409675566,0.06129126345289701,0.02188807230966546,0.02462689930459891,0.025829206240993344,0.5421947877502186
90,13589,13601,1786181302.0256135,1786181302.0856223,13,39.99899443820253,20.556404609949254,0.0017825127040602012,0.0012829009757215522,9.344826e-08,7.534303e-08,6.850334e-08,7.385697786987431e-09,3.2031495645667287e-09,4.440990352876055e-09,1.0083395778698742e-07,7.854617956456674e-08,7.294433035287606e-08,1.2533716437603188,4.209793053524676,1.0572724915610905,0.07324562256860344,0.04077944744762048,0.06088191224740367,0.022409662294588743,0.025462719288212338,0.02568853953399672,0.3174327047099131
91,13609,13653,1786181302.12548,1786181302.345649,45,273.06892395957584,59.602835792150046,0.00407857418966297,0.001944197293699458,9.628029e-08,7.589037e-08,5.829586e-08,7.421374578832946e-09,3.128263346963919e-09,4.140826449943256e-09,1.036514433123218e-07,7.899240588159341e-08,6.235995622162791e-08,0.9077488780317793,2.4499401167088752,6.9222748348258065,0.07152052022696594,0.03984118293447167,0.06689771535926237,0.021897072439551163,0.02503976755857682,0.028294379418078122,0.0400253637901425
92,13689,13694,1786181302.5256321,1786181302.5498574,6,17.488273303955015,14.250235057127359,0.0012749540008751882,0.0011553689876136744,1.023879e-07,9.380557e-08,6.403722e-08,7.715066267738492e-09,3.34366819259053e-09,4.3540798878468965e-09,1.1010296626773848e-07,9.714923819259052e-08,6.839129988784689e-08,0.1863708930861267,3.534638502022739,1.3117313535426511,0.07007130731076833,0.034417849417249555,0.06366419242649178,0.021437188472457316,0.021576913512958706,0.02689348589064068,0.029045474742741863
93,13709,13712,1786181302.6256146,1786181302.6398795,4,14.273619049972492,12.660444282446674,0.0011352163951058388,0.0010701772712179596,9.704318e-08,8.555552e-08,6.374784e-08,7.625407865180479e-09,3.4697856725347327e-09,4.3755344507776245e-09,1.0466858786518048e-07,8.902530567253472e-08,6.812337445077763e-08,1.0360696720983837,3.384236793759575,0.1309783537563936,0.07285276741442394,0.03897526560624821,0.06422945860440621,0.022288985958762397,0.024379950027768986,0.027124357878801977,0.029165583937568716
94,13729,13742,1786181302.7256148,1786181302.7898507,14,29.55829343622909,27.101162833408587,0.0014793441126442052,0.0014151705892086913,1.01944e-07,9.544673e-08,6.518432e-08,7.556236961669636e-09,3.4621831589704887e-09,4.390871832410538e-09,1.0950023696166964e-07,9.890891315897049e-08,6.957519183241056e-08,0.3276289267910537,1.964198409191733,4.729923324833958,0.069006190888766,0.035003501608501277,0.06310973204930637,0.021117232893657772,0.02185869961801024,0.026647865725775335,0.5236784584973837
95,13749,13756,1786181302.8256311,1786181302.8598952,8,63.794203769882834,26.966305849771796,0.002219041131636358,0.0014763160977562101,1.034238e-07,1.046043e-07,6.554287e-08,7.661430498437801e-09,3.5767958662702417e-09,4.421583790222617e-09,1.1108523049843781e-07,1.0818109586627024e-07,6.996445379022261e-08,1.4081742354742657,2.378369264486663,4.381145995394955,0.06896857412711889,0.033062684385557234,0.0631975156612725,0.021099620233729112,0.02059752712978682,0.02668013615663062,0.16487584100543537
96,13769,13791,1786181302.9256132,1786181303.0354314,23,160.09347383439405,44.430219458490406,0.0034853078243230144,0.0018353872330210438,1.077707e-07,1.119968e-07,7.073403e-08,7.812220847743664e-09,3.794437544357303e-09,4.54280926365171e-09,1.1558292084774367e-07,1.157912375443573e-07,7.526783307893831e-08,0.46591447857314083,0.9522228969936766,6.620125092333996,0.06742027162980327,0.03276964201951185,0.06047731773159314,0.020620099871088936,0.020356577224725166,0.025514368638344255,0.061109196648826226
97,13829,13831,1786181303.2256072,1786181303.2356427,3,15.047046388634225,14.67683173211812,0.001314917853664309,0.0012882229526496557,1.147785e-07,1.194246e-07,7.60379e-08,8.133599041178424e-09,4.116351026620477e-09,4.789894832512391e-09,1.2291209904117842e-07,1.235409510266205e-07,8.082779483251239e-08,3.3336077774701716,0.29266510295070386,1.70882472254719,0.06617410848686738,0.03331972405972059,0.05926049130002054,0.02022407307899129,0.020568700338220263,0.024978985357768456,0.08191516995293137
98,13849,13860,1786181303.3256135,1786181303.3797967,12,41.394958954889674,28.647717165241755,0.0017905248025979256,0.00149623903655748,1.200205e-07,1.359582e-07,7.064707e-08,8.197888210768708e-09,4.126837020212063e-09,4.6894376726274805e-09,1.2821838821076869e-07,1.4008503702021203e-07,7.533650767262748e-08,0.07316467209350908,1.0789796060107073,5.230896511085257,0.06393672463610896,0.029459384987804836,0.062246549385660946,0.019532334149777772,0.018142056681305797,0.026215912627401812,0.40448837122585546
99,13869,13881,1786181303.4256065,1786181303.4856217,13,85.14070536136764,28.35500946431185,0.0027292426480560175,0.0015621157115425003,1.257065e-07,1.251963e-07,7.647141e-08,8.367515382956165e-09,4.21176391869219e-09,4.700371342009143e-09,1.3407401538295616e-07,1.294080639186922e-07,8.117178134200915e-08,1.8300787681830097,0.45697816930619956,5.070665445904051,0.06240959653064861,0.032546208893775116,0.05790647022730495,0.019059115215971596,0.019991759408653033,0.02439569922857003,0.09215523671463477
100,13889,13918,1786181303.525623,1786181303.6698432,30,103.79059582111387,24.935958803157295,0.002986576005664983,0.001526902024726412,1.379592e-07,1.431616e-07,7.629489e-08,8.705819886035222e-09,4.3108265818217985e-09,4.762775056866143e-09,1.4659345874922535e-07,1.473880755645076e-07,8.105267943106046e-08,1.4290985295784542,1.2178897932966362,4.225507134344941,0.05996271848017372,0.029295062763548874,0.059194288527786305,0.018297833550274964,0.017973322818809964,0.024926707383094465,0.02659026270380472
101,14329,14332,1786181305.725716,1786181305.7399423,4,17.450903422169098,15.591851552744767,0.0016860187165966465,0.0015793425841184724,1.664568e-07,1.400131e-07,9.04998e-08,9.754289562782514e-09,4.5148084103627636e-09,5.214295483452662e-09,1.762110895627825e-07,1.4452790841036276e-07,9.571409548345266e-08,3.1879806419830814,1.92128480110319,1.2206272558507854,0.055355662528176225,0.031238311412364113,0.054477779384010855,0.016843029890186045,0.019085781834612243,0.022861695136147726,0.035758943591659265
102,14349,14528,1786181305.8256233,1786181306.7198668,180,846.3337556100663,115.91466259464244,0.009748263873170236,0.003975886910741998,1.711734e-07,1.749992e-07,9.28326e-08,9.844853845999138e-09,5.020970611675911e-09,5.221740306244304e-09,1.811104730733874e-07,1.800791609378344e-07,9.806266575394627e-08,0.966313565795085,5.190790364066813,7.077051544305336,0.054968884618596975,0.027284729414193323,0.05379514058601767,0.016559040915959135,0.01621490256108058,0.022574554615995515,0.9541229151673929
103,14549,14565,1786181306.8256197,1786181306.9056175,17,103.94320597623278,42.63669085991235,0.0034567911884481528,0.002219370478595642,1.70581e-07,1.79919e-07,1.006342e-07,1.0096391871511186e-08,5.225430023566703e-09,5.597942196849167e-09,1.806773918715112e-07,1.851444300235667e-07,1.0623214219684917e-07,0.7086906698026462,2.0902100263894083,6.1303843101408795,0.055880769512583826,0.0282235324789856,0.05269537148324617,0.01698825184947893,0.01702614257329381,0.022048208474615458,0.018815806804096082
104,14569,14569,1786181306.9256184,1786181306.9256184,1,11.663709479009924,11.663709479009924,0.0013703815928896705,0.0013703815928896705,2.051353e-07,1.958128e-07,9.965101e-08,9.971519013874513e-09,5.153213408367968e-09,5.544848042904728e-09,2.151068190138745e-07,2.0096601340836797e-07,1.0519585804290473e-07,0.7127496549329144,2.492879388592359,2.2228431811034097,0.046356123057748416,0.02564220944090037,0.05270975631193593,0.014098058506422765,0.015484197226681847,0.022060303708860373,0.11840632758679032
105,14589,14792,1786181307.0256221,1786181308.039968,204,502.86071030646883,80.36666745438211,0.008681669151305017,0.003489272595589784,1.842866e-07,2.042821e-07,1.303025e-07,1.0340839185306797e-08,5.37606158060767e-09,6.233045191371508e-09,1.9492201545712058e-07,2.096836036993304e-07,1.3665605730430524e-07,0.9037066360393406,2.5786669455327607,7.880137319589139,0.052507089857578904,0.02576967159044195,0.04633800115643338,0.015899079641388286,0.015116417454865517,0.01930406304321879,0.8588391006803122
106,14809,14908,1786181308.1257002,1786181308.6202126,100,49.95048529995586,20.001038827217698,0.0030062657952306814,0.0019364410863371361,1.651653e-07,1.999837e-07,1.446514e-07,9.796986363533733e-09,5.512910908867784e-09,6.599805524936485e-09,1.7463908757141012e-07,2.0549661090886777e-07,1.512697759777633e-07,1.0473275614181485,4.064370618841711,1.6178303687678923,0.05584651705609379,0.02682721778214954,0.043752136574296885,0.017000550509502985,0.016113896528912493,0.018187628024041134,0.054289023683910004
107,14929,14963,1786181308.725627,1786181308.8956435,35,31.959869760688214,16.632706729954663,0.0022910388603293993,0.0017038182922068162,1.571634e-07,1.76046e-07,1.432817e-07,9.293786547298902e-09,5.1134002256229785e-09,6.517461616911365e-09,1.6627752372028825e-07,1.8129849680392076e-07,1.4976098870687355e-07,0.2820848731706544,3.5384006543515483,1.9361629481228977,0.056647696909904184,0.02819280076451819,0.04383945900605029,0.01727451440951253,0.01704152383774273,0.018228903654176926,0.19823352113413695
108,14969,15028,1786181308.9256315,1786181309.219847,60,91.92748092584063,38.915888437698726,0.003824439539110701,0.0026035432577903943,1.399828e-07,1.728072e-07,1.473358e-07,8.874031273894887e-09,5.000498629530907e-09,6.628357839415394e-09,1.4883022352885072e-07,1.7777428604607416e-07,1.539647571385428e-07,0.20057524219328213,5.067370536810314,2.60815722585847,0.06046480456432875,0.0279404013877693,0.04305502926170301,0.018441739908228796,0.016916702506811383,0.017892409093713646,0.045607298638365795
109,15049,15055,1786181309.3256288,1786181309.3556507,7,17.834346776144272,14.137082436540076,0.001697829644814565,0.0015195447976246287,1.393294e-07,1.976915e-07,1.491704e-07,8.734629867626164e-09,5.171685678747173e-09,6.670972360178551e-09,1.4806402986762617e-07,2.0286318567874719e-07,1.5584137236017855e-07,0.5194438312390165,1.5259943306972226,3.3047037850828196,0.05899224615975685,0.025493464586780406,0.04280617047536087,0.018011118865739063,0.015418283625039421,0.017786043225218283,0.06200308774348842
110,15089,15106,1786181309.5256279,1786181309.6099918,18,22.427392193872617,15.242035457152433,0.00227325284946102,0.0018962840229389134,1.365791e-07,2.339004e-07,1.564358e-07,8.773247095400938e-09,5.642823625587272e-09,6.80748315221183e-09,1.4535234709540093e-07,2.395432236255873e-07,1.6324328315221184e-07,0.4634377125381095,3.813549018237622,0.7765029273262802,0.06035847328604688,0.023556592890550045,0.0417014584403878,0.0184235503250281,0.014157379175588663,0.01731453647275731,0.037253031594720536
111,15109,15121,1786181309.625706,1786181309.685646,13,26.09372852945892,18.532615798189067,0.0022309151409685654,0.001914609044616844,1.338893e-07,2.335621e-07,1.67743e-07,8.801415742181917e-09,5.74311318121903e-09,6.956468333361409e-09,1.426907157421819e-07,2.3930521318121904e-07,1.746994683333614e-07,2.4922432059504827,3.114425839760347,1.6189859676502414,0.06168176765413402,0.02399911314247008,0.03981963080365568,0.018825677768067546,0.014376425430902775,0.01652691178926479,0.034933865927118835
112,15149,15156,1786181309.8256464,1786181309.8599482,8,15.608800047833942,13.466147278778196,0.0019279442836394858,0.0017926272775278316,1.353308e-07,2.62609e-07,1.873264e-07,8.800597653946564e-09,5.9593066882198834e-09,7.001154688918227e-09,1.4413139765394657e-07,2.685683066882199e-07,1.9432755468891822e-07,0.39163987071227646,2.854400061630287,2.2713975164284665,0.061059484562769516,0.022189164848938653,0.036027560931350996,0.018634800657350452,0.013229440209528482,0.014940315059119424,0.0368943791445798
113,15209,15209,1786181310.1256306,1786181310.1256306,1,12.003327133222879,12.003327133222879,0.001672691803750983,0.001672691803750983,1.455247e-07,2.310221e-07,1.672431e-07,8.64836601007141e-09,5.915940636755371e-09,7.540808022185477e-09,1.541730660100714e-07,2.369380406367554e-07,1.7478390802218548e-07,0.46623683420959217,3.3664051959461467,0.6733212518334359,0.05609518029063517,0.024968301815245886,0.04314360574240856,0.01711981141397152,0.014818311525517039,0.017833668650597607,0.044794901573371806
114,15211,15211,1786181310.135631,1786181310.135631,1,11.360689784595596,11.360689784595596,0.0016216400998392666,0.0016216400998392666,1.455247e-07,2.310221e-07,1.672431e-07,8.75545147775699e-09,5.905470758953063e-09,7.482107647390402e-09,1.54280151477757e-07,2.3692757075895308e-07,1.747252076473904e-07,0.6359177320412618,3.239973089976188,0.6774896018422352,0.056750342234675295,0.024925214933203176,0.04282214194544201,0.017320007297174412,0.014792854417415024,0.017699937579408322,0.03165043627476314
115,15369,15372,1786181310.9256506,1786181310.9397101,4,15.024310676895436,13.162020480767262,0.0017215330998173136,0.0016173759383103052,1.480193e-07,2.720894e-07,1.93771e-07,8.970964446057453e-09,6.271918774996744e-09,7.385524478404048e-09,1.5699026444605743e-07,2.7836131877499674e-07,2.0115652447840405e-07,2.227418768190947,1.576726172471296,2.396498836980292,0.057143437443259205,0.02253157302338423,0.03671531106420294,0.01742577346422318,0.013286177694642468,0.015179079595023804,0.029049171538041714
116,15509,15520,1786181311.6256263,1786181311.6797428,12,35.641285566078736,22.54894637030565,0.0025010423589800156,0.001996681298506567,1.295647e-07,2.180454e-07,1.586649e-07,8.943960618287295e-09,5.765103708667647e-09,7.250819865700448e-09,1.385086606182873e-07,2.2381050370866764e-07,1.6591571986570047e-07,0.6877343871785231,2.0905450472842824,4.234476867794717,0.06457315870943432,0.02575875462316913,0.04370182197436814,0.01967526344391783,0.015268019437838582,0.01808911074665599,0.4699089645151273
117,15529,15533,1786181311.7256322,1786181311.745628,5,21.672375923542837,15.691511757991098,0.001787169461755629,0.0015223479563711761,1.239384e-07,2.273159e-07,1.40929e-07,8.611915448071954e-09,5.6972097052380645e-09,6.965198702695452e-09,1.3255031544807197e-07,2.3301310970523807e-07,1.4789419870269545e-07,2.790403381419133,1.1658112083872283,2.558868683138093,0.06497085663518562,0.024450074687702238,0.04709582092943337,0.01980816329292871,0.014506648997693977,0.01950173098367962,0.17851986309597628
118,15549,15564,1786181311.8256288,1786181311.8998275,16,49.43858437568503,25.398825346400493,0.0026864010812285882,0.0019441904052590997,1.165759e-07,2.195075e-07,1.450247e-07,8.289497534083504e-09,5.688108885145427e-09,6.617503182066766e-09,1.248653975340835e-07,2.2519560888514541e-07,1.5164220318206676e-07,2.0638649150835557,0.7497722831708427,4.545300797223053,0.06638746435248374,0.025258519254213185,0.04363892295485754,0.020265258655486118,0.015021718188155151,0.018114378976221295,0.03550980309604079
119,15569,15576,1786181311.9256365,1786181311.9598403,8,23.97658201208285,17.494596303239014,0.0018730213144801274,0.001600887191440463,1.277856e-07,2.011306e-07,1.387631e-07,8.328918426133137e-09,5.60744137720479e-09,6.590443285372666e-09,1.3611451842613317e-07,2.0673804137720479e-07,1.4535354328537265e-07,0.5665420504949084,0.6257483888399997,4.094485208513849,0.06119051511262943,0.027123412068729036,0.04534078117444656,0.018689613085783027,0.01615495005685954,0.01883337641915672,0.02128250194964828
120,15589,15591,1786181312.0257578,1786181312.0356236,3,15.244453488453345,13.546981980424862,0.0014894827603384184,0.001403306596800889,1.371765e-07,2.142545e-07,1.386451e-07,8.582366378478383e-09,5.48431243122258e-09,6.5200965391998626e-09,1.4575886637847837e-07,2.1973881243122258e-07,1.4516519653919985e-07,0.4031575920208415,0.2661801332964592,3.668239330035231,0.058880578508551565,0.024958323752000664,0.04491501193001816,0.017979290086822437,0.014892338543104277,0.01867102366452507,0.017878098299889258
121,15809,15823,1786181313.12565,1786181313.1956608,15,57.724567972670556,26.73051937869096,0.0026136095588631114,0.001782649351020951,1.296611e-07,1.805495e-07,1.108782e-07,8.542207245099483e-09,4.9101336152750946e-09,5.9327163800295e-09,1.3820330724509948e-07,1.8545963361527508e-07,1.1681091638002951e-07,0.19321550309463503,0.9498015468951782,5.089355253277781,0.06180897706429165,0.02647545581965012,0.05078905775842664,0.018868886870779755,0.016020562170144678,0.02119019375504403,0.1791428230215567
122,15969,15970,1786181313.9256346,1786181313.9298162,2,14.11786512963975,13.268135507203453,0.0013492961374701813,0.0013071482085523067,1.209468e-07,1.753025e-07,1.037981e-07,8.338475827083742e-09,4.985522063963946e-09,5.5422094411574e-09,1.2928527582708373e-07,1.8028802206396396e-07,1.093403094411574e-07,3.605727656100541,0.02830402636116067,0.5023864455936893,0.06449658961449348,0.027653092122174636,0.05068766616066278,0.01969592750760412,0.016696312911576614,0.021217015503766305,0.04284785528791778
123,15989,15999,1786181314.025625,1786181314.0756254,11,41.728294048434186,22.599295373508507,0.0022559077442186803,0.0016534954823417846,1.215085e-07,1.774787e-07,9.849255e-08,8.364086892563948e-09,4.984477313089335e-09,5.517862225658189e-09,1.2987258689256393e-07,1.8246317731308934e-07,1.040104122256582e-07,3.561736277513949,0.857144200866059,3.0324958701439324,0.06440225063460024,0.027317716239772118,0.05305105619755339,0.019667456967699577,0.016502439352158966,0.022211303034212693,0.04010958927368057
124,16055,16061,1786181314.3554783,1786181314.385631,7,12.08253644533028,11.643852586347712,0.0011771062473583099,0.001164718423890977,1.183049e-07,1.61934e-07,1.002529e-07,8.237398404670858e-09,4.81329569748938e-09,5.34525225519593e-09,1.2654229840467086e-07,1.6674729569748938e-07,1.0559815225519593e-07,0.37883364737043745,1.3514985905558823,3.0985388455526235,0.06509597765395521,0.028865700840920928,0.05061880472556306,0.01988677755283147,0.017467715766547282,0.021242193444758535,0.4539751920214086
125,16069,16275,1786181314.4256248,1786181315.4556334,207,750.2376891539968,124.39399326599805,0.010371172086740271,0.004188371814485299,1.814863e-07,1.670517e-07,1.309832e-07,1.0109931735523631e-08,4.871218713142221e-09,6.2631871279911745e-09,1.9174318651857455e-07,1.7193022989436985e-07,1.373783933554908e-07,0.5365692360046201,4.073388417076799,9.660883440923763,0.05476302100963071,0.028396872212710082,0.04559108071578364,0.01663523819166589,0.01666130075442775,0.019004591213334296,0.7326052837763783
126,16277,16277,1786181315.4657295,1786181315.4657295,1,12.791782568535657,12.791782568535657,0.001506286510142063,0.001506286510142063,1.928496e-07,1.567149e-07,1.498597e-07,1.0440810040131233e-08,4.642423619710206e-09,6.569740318354851e-09,2.0329041004013122e-07,1.613573236197102e-07,1.5642944031835483e-07,2.3602425025576266,1.183188324092533,2.4126147280116834,0.05135908444880182,0.0287710711272507,0.04199810657178192,0.015610214714035111,0.017592812894345687,0.017467079800293966,0.11431108733113113
127,16295,16304,1786181315.555638,1786181315.5999477,10,13.440703153023847,12.424358283799606,0.001345741292616907,0.0012811364648619766,1.963611e-07,1.549228e-07,1.193245e-07,1.0551687202075787e-08,4.652867474273999e-09,6.238102470065102e-09,2.069127872020758e-07,1.59575667474274e-07,1.255626024700651e-07,0.8387415648121397,0.8750830405105111,3.3501143887760563,0.050995430371204596,0.02915735856423704,0.049681205865711564,0.015492795064991124,0.017816195959459567,0.020664424471255802,0.5705176553888929
128,16309,16382,1786181315.6254952,1786181315.989927,74,372.47498934868514,77.35428092678511,0.006960310647823675,0.0032682613756266285,2.063662e-07,1.473532e-07,1.292286e-07,1.0667417547826082e-08,4.617952352488837e-09,6.206968193184265e-09,2.17180644663539e-07,1.519457242741056e-07,1.3548518604950676e-07,0.5984916236079506,2.3863024590062936,8.50850076187426,0.048992053793012344,0.030377796133800303,0.04636245129761232,0.0148752515996595,0.017992393813726696,0.019318984813115194,1.2267982275702138
129,16389,16500,1786181316.0256417,1786181316.579722,112,331.84113742218835,54.9174395673201,0.0070580443220404,0.002892713198808663,2.242967e-07,1.607872e-07,1.393226e-07,1.1519704902059107e-08,4.772307379466573e-09,6.4649334979048076e-09,2.3603612045939562e-07,1.6558285953450836e-07,1.4582666193359091e-07,1.3536495324050746,2.771289169657284,6.2568087998769695,0.048637487181206,0.0282609151069466,0.044252310539885834,0.014698362757713655,0.017090814220599493,0.018412149064947002,0.047873872957848417
130,16529,16539,1786181316.725648,1786181316.7754402,11,15.592543808515364,12.977410023013737,0.0017089991116865232,0.0015488077836283123,2.334086e-07,1.586201e-07,1.366106e-07,1.1371492961175417e-08,4.700966282858517e-09,6.412892896430449e-09,2.447800929611754e-07,1.633210662828585e-07,1.4302349289643046e-07,1.94859489905063,2.742585771029159,1.3126993093203374,0.04645595384017804,0.028783587278410096,0.044838038437985124,0.014082249265204632,0.017592040820223965,0.018654971725747233,0.02810924251195594
131,16569,16627,1786181316.9256375,1786181317.215518,59,268.57024753989566,67.76294916978449,0.006039845887291912,0.003018218218867922,1.970324e-07,1.318324e-07,1.286714e-07,1.0590587068805245e-08,4.403832903906084e-09,6.160875436933713e-09,2.0766121445426512e-07,1.362362329039061e-07,1.348952382968794e-07,0.6262827269494465,2.25999603862202,7.746302932570246,0.05126683858542736,0.03179523671777887,0.046138309756710336,0.015556753580079163,0.019237655722638382,0.01923763267039726,0.7742640835043413
132,16629,16684,1786181317.2256286,1786181317.4998343,56,172.91009219387777,51.97104405471366,0.004793203100857585,0.002628360369658985,1.923304e-07,1.326764e-07,1.224831e-07,1.0465386433592594e-08,4.271206468274766e-09,6.168511090781186e-09,2.028779783365227e-07,1.3696136554572809e-07,1.2863901497318372e-07,0.5432607480714989,1.2079787123098398,7.011641419110877,0.05198976151813521,0.031188464049368966,0.0476696775747904,0.015792001880646812,0.019117389355133282,0.019872414776222536,0.04058894903603928
133,16689,16691,1786181317.5256555,1786181317.5356364,3,14.53281239918237,13.212695985208878,0.001439124696901402,0.0013734083400818598,1.856483e-07,1.272283e-07,1.245196e-07,1.0510449824537715e-08,4.245446743828712e-09,6.038840926286489e-09,1.961587498245377e-07,1.3147374674382871e-07,1.305584409262865e-07,1.568111653187885,0.7119975442716401,3.2010576042576284,0.05358134460422516,0.03229121162310128,0.04625392945066355,0.016276129046263157,0.019861817678689626,0.019288998223877633,0.018901588780628923
134,16709,16715,1786181317.6256723,1786181317.6556296,7,18.205504127438854,14.929451326800802,0.001558351322722426,0.0014047268013286328,1.806681e-07,1.255085e-07,1.17411e-07,1.0293111504031803e-08,4.188528034091423e-09,6.066069976317302e-09,1.909612115040318e-07,1.2969702803409143e-07,1.234770699763173e-07,1.1477003920528661,2.7724637856453027,2.4543804133731473,0.05390158138900288,0.03229470985680617,0.04912709672627139,0.01637937137022543,0.019888215977122852,0.020491239087460568,0.023757613900851317
135,16717,16717,1786181317.6657617,1786181317.6657617,1,11.48402448496808,11.48402448496808,0.001235776766500174,0.001235776766500174,1.806681e-07,1.255085e-07,1.17411e-07,1.0290057509926904e-08,4.187854048380608e-09,6.0519958724088395e-09,1.909581575099269e-07,1.296963540483806e-07,1.2346299587240884e-07,0.9562564150709728,2.763180273966172,1.712971556728814,0.053886450380140595,0.032289680972067816,0.049018702509501626,0.016375359909669616,0.019886719772084067,0.020448121347544156,0.03201093981717
136,16729,16733,1786181317.7256408,1786181317.7456312,5,14.43716100782715,12.990630221616621,0.0014973895834874936,0.0013992300407560322,1.730003e-07,1.242724e-07,1.125607e-07,1.0141809536714636e-08,4.159908398641629e-09,5.944367240479967e-09,1.8314210953671463e-07,1.2843230839864163e-07,1.1850506724047997e-07,2.3094227744119826,2.6678217319086928,0.45309600850464515,0.05537671941322354,0.032389888646477176,0.05016129163356119,0.016833099495443694,0.01995942207034973,0.02093425886749389,0.037336450047816466
137,16749,16754,1786181317.825665,1786181317.8499498,6,14.93954022965134,13.251437455318273,0.0013886325870771721,0.0013010552579847496,1.636459e-07,1.245795e-07,9.893229e-08,9.89768103211686e-09,4.131598312592232e-09,5.751604963385539e-09,1.7354358103211687e-07,1.2871109831259222e-07,1.0468389496338553e-07,1.2496001562544299,2.937292921930199,1.7372124228899204,0.057032819651001834,0.032099775216894604,0.05494255874836372,0.017344286281259943,0.019790013585415777,0.02294763115932196,0.03466007650419811
138,16789,16799,1786181318.025392,1786181318.075641,11,27.632968437066133,15.852113074942995,0.00198905063943491,0.0014744627129663704,1.723133e-07,1.247349e-07,1.108667e-07,9.682159128892044e-09,4.121135713530311e-09,5.730368547728361e-09,1.8199545912889203e-07,1.288560357135303e-07,1.1659706854772837e-07,2.0900618449704935,3.2656327180256217,1.2409864117303702,0.05319990842422479,0.03198242741469461,0.049146763267727454,0.016197819817788905,0.019718193731151367,0.02056051007059598,0.2373751469978054
139,16809,16813,1786181318.125638,1786181318.1456332,5,14.581812972320403,12.779746115227011,0.0013293235226569098,0.0012449941014420589,1.692386e-07,1.176384e-07,1.117409e-07,9.904416859110996e-09,4.107801300750251e-09,5.787825665594095e-09,1.7914301685911099e-07,1.2174620130075027e-07,1.175287256655941e-07,0.08961797356750535,3.3335972875385766,1.2849303580288556,0.0552877542538202,0.03374068371423992,0.04924605130439546,0.016826233699644904,0.020797923369407924,0.020596583106379646,0.029614160986041558
140,16823,16826,1786181318.1956353,1786181318.2100608,4,17.081765971865025,15.021121755706293,0.0014441667551077038,0.0013531319343539714,1.692386e-07,1.176384e-07,1.117409e-07,9.855920390611017e-09,4.0494645054265525e-09,5.7980327403506666e-09,1.7909452039061103e-07,1.2168786450542658e-07,1.1753893274035068e-07,0.37154329461732233,3.757311436199087,0.8763750903956963,0.05503191270861453,0.03327746677222638,0.049328594090665326,0.016746070415237565,0.02051921887511518,0.02062587439716896,0.13426046055999277
141,16849,16868,1786181318.3256404,1786181318.419955,20,33.11907761222456,19.32535313116793,0.0019643078469078245,0.001498393031449029,1.624793e-07,1.121247e-07,1.10495e-07,9.702392492145269e-09,4.007072037321385e-09,5.819820164291697e-09,1.7218169249214527e-07,1.1613177203732139e-07,1.163148201642917e-07,0.2066998161071436,4.387285720705682,0.22876942538094883,0.0563497323300111,0.03450452558758109,0.05003506978862157,0.01714958524596353,0.021284046043783162,0.020909891941986135,0.03116011349932373
142,16889,16899,1786181318.525639,1786181318.5756357,11,21.40806437175621,16.176067903081513,0.0016229269579536036,0.0014179844520350994,1.445093e-07,1.222637e-07,9.550904e-08,9.299199461379326e-09,4.010427132492849e-09,5.558582703773411e-09,1.538084994613793e-07,1.2627412713249286e-07,1.0106762270377341e-07,1.173231450979276,3.4512443097377923,1.6809743549809224,0.06045959322068311,0.031759689053881504,0.05499864886791949,0.018410490189438158,0.01961248276475986,0.023003832606548376,0.021956031285333133
143,16969,16970,1786181318.9256406,1786181318.9299355,2,13.077503933220385,13.025627607039604,0.0013702375781840432,0.0013638006747781822,1.480646e-07,1.04437e-07,9.309558e-08,8.991888722983995e-09,3.89006601880428e-09,5.186371824192224e-09,1.57056488722984e-07,1.0832706601880428e-07,9.828195182419221e-08,3.137741679128516,0.32613923257574406,1.7515610088030495,0.05725254293421525,0.03591035806595415,0.05277031356128141,0.017454810710883936,0.02219978843252906,0.022138117895979945,0.01968643061730155
144,16989,16990,1786181319.0256383,1786181319.0298767,2,13.537252087217567,13.182049017737162,0.0011984787679644579,0.0011863643496260359,1.226901e-07,1.091162e-07,8.545546e-08,9.131181393585607e-09,3.791103353366742e-09,5.262316685654429e-09,1.3182128139358557e-07,1.1290730335336673e-07,9.071777668565442e-08,1.0662220684527257,2.7235496102578987,2.1468734783288728,0.06926892431618123,0.03357712457995979,0.05800742410091911,0.021114548887457806,0.020782648616378373,0.024340221257611254,0.021910787140917057
145,17009,17018,1786181319.1256564,1786181319.1699333,10,26.18851787530659,18.611822146539748,0.0016293516602620525,0.001348984031951722,1.358666e-07,1.017652e-07,8.667315e-08,8.593415110654721e-09,3.793279047603251e-09,5.091224873293216e-09,1.4446001511065476e-07,1.0555847904760324e-07,9.176437487329321e-08,1.5092460808083563,0.07299782831368545,4.05324203130662,0.059486282186737,0.03593518976651709,0.05548146983191676,0.018153361892105268,0.022251700317921598,0.023301198642528005,0.3809127227500914
146,17027,17046,1786181319.2156315,1786181319.3102043,20,161.9988554220815,58.20030852270873,0.0038721990092979637,0.0023295538191683996,1.210777e-07,1.025836e-07,8.4978e-08,8.505262859016614e-09,3.739896548835123e-09,5.082241083611785e-09,1.295829628590166e-07,1.063129577390772e-07,9.006024108361177e-08,1.3260761606229454,2.8183273912887774,6.95337890820524,0.06529819889520602,0.03520750023669246,0.05625310491565596,0.019918211419794413,0.021712886653382606,0.02363010159760776,0.763333053325172
147,17049,17066,1786181319.3256412,1786181319.4100971,18,154.00204977944543,38.35539799703771,0.0037982125455430483,0.0019385354800018264,1.187833e-07,9.556924e-08,8.28669e-08,8.304915979230546e-09,3.6624206823274956e-09,5.019620146407295e-09,1.2708821597923054e-07,9.923166068232749e-08,8.788652014640729e-08,2.219978359113934,3.9276189534691515,4.159076219208929,0.06534743063061846,0.036907156829937185,0.05711478961221633,0.01994658508136004,0.022796438782100192,0.024004361165383535,0.14944599661586572
148,17069,17116,1786181319.4254594,1786181319.6599226,48,249.6177182893383,42.60369267041301,0.00461097771618454,0.0018738199214115062,1.076909e-07,9.12103e-08,7.317022e-08,8.135017769689878e-09,3.5198543878714388e-09,4.787192853126283e-09,1.1582591776968988e-07,9.473317139607932e-08,7.795741285312629e-08,0.9822533675688929,1.7445025352920855,5.9715915706009675,0.06834521882576618,0.037241876280707804,0.06044138145885104,0.020887181095303117,0.023144615608711262,0.025422221108602917,0.04677321981107994
149,17169,17175,1786181319.9256663,1786181319.955483,7,19.595692760466598,15.5360093397378,0.0013591711510243954,0.0012100919125594526,9.168842e-08,9.099931e-08,6.656656e-08,7.155477450663916e-09,3.380641306503322e-09,4.501654779715199e-09,9.884389745066391e-08,9.437995130650333e-08,7.10682147797152e-08,0.24858390304216008,3.9226841979309253,0.2899222471425172,0.07239169526822264,0.03581948424819586,0.06334273032224952,0.022182023439097805,0.022406366220201878,0.026718166528468524,0.03718626853949411
150,17177,17177,1786181319.9657078,1786181319.9657078,1,11.575714779102931,11.575714779102931,0.0010456912431382396,0.0010456912431382396,9.168842e-08,9.099931e-08,6.656656e-08,7.268339839950405e-09,3.420142393763798e-09,4.510805784765741e-09,9.89567598399504e-08,9.44194523937638e-08,7.107736578476574e-08,0.7050150892736825,3.317050578541962,0.27572025061412603,0.07344965302517037,0.03622285630102729,0.06346332219095645,0.022507311474888037,0.022659438225824478,0.02677043824461009,0.03264839624662906
151,17429,17430,1786181321.2256575,1786181321.230029,2,14.958439335241774,14.252749176538101,0.0010971773527968822,0.0010703071792443903,7.471983e-08,7.519513e-08,6.751333e-08,6.909813282844117e-09,3.2626971466599463e-09,4.617527191664819e-09,8.162964328284413e-08,7.845782714665995e-08,7.213085719166483e-08,3.4081206794579133,1.1092176004766925,1.1795148900701047,0.0846477486697765,0.041585336745454275,0.06401584991337109,0.02595835389029611,0.026077401059807402,0.02697468407259175,0.03245859594904128
152,17449,17467,1786181321.3256426,1786181321.4156833,19,34.85680422129258,29.066675376982847,0.001591568482112948,0.0014524767209522901,7.726546e-08,7.845593e-08,6.707879e-08,6.635077847511278e-09,3.1968272632738864e-09,4.51048277457167e-09,8.390053784751128e-08,8.165275726327388e-08,7.158927277457166e-08,1.1114899245118526,1.1946260957090848,4.783218614377336,0.07908216802479609,0.039151374925718394,0.06300500895839857,0.024262301921689128,0.02456626056199997,0.026577945738361006,0.5354801969073486
153,17469,17558,1786181321.4256406,1786181321.8698223,90,276.84883701046147,41.36338199528331,0.0043964992744388596,0.0017248273452782708,8.144332e-08,7.238107e-08,6.723138e-08,6.826484866721009e-09,3.1158857184304687e-09,4.472421852663899e-09,8.838358823218979e-08,7.549587395334819e-08,7.166916135685999e-08,0.7218217789711576,2.889564630734254,5.358520519263424,0.0776217882075769,0.041024020959129534,0.06221576227128791,0.023791709291558407,0.025766356994380075,0.026247526515739174,0.2500631944810851
154,17569,17577,1786181321.925659,1786181321.9656367,9,34.63808874503641,21.29289029626182,0.0015655213378996144,0.0012259478937987176,7.526042e-08,7.288144e-08,6.477395e-08,6.657102666290979e-09,3.0542171409972914e-09,4.455025491464987e-09,8.191752266629098e-08,7.593565714099729e-08,6.922897549146499e-08,1.1165263047535465,1.263976933037784,4.277612941671499,0.08126591775084535,0.04022111932661015,0.06435203552788343,0.02493413627084663,0.02533156106422996,0.027156792195855504,0.01209105219803738
155,17689,17693,1786181322.5256379,1786181322.5456398,5,25.092087951111036,16.99150667680108,0.001330698890088832,0.0010908882658935337,6.759882e-08,5.920238e-08,5.544069e-08,6.594933579593222e-09,2.8317054695723053e-09,4.365611309096193e-09,7.419375357959323e-08,6.20340854695723e-08,5.98063013090962e-08,3.390588390156562,1.9521391323502797,1.1986603449122735,0.08888798894895591,0.045647572372691694,0.0729958407337294,0.027272200754145468,0.028905589450383098,0.030820468407358827,0.0388621018968605
156,17695,17696,1786181322.5557399,1786181322.5597017,2,16.860852229093265,15.744092249213107,0.001108630434712704,0.0010690209017172505,6.759882e-08,5.920238e-08,5.544069e-08,6.3972884101754674e-09,2.8123292380627884e-09,4.217909020040294e-09,7.399610841017547e-08,6.201470923806279e-08,5.965859902004029e-08,3.7603201185439348,0.9202804007745905,0.8458857333017453,0.0864535136140007,0.04534933260752878,0.07070032986339256,0.026531300841556846,0.028719057428326027,0.029859065292581567,0.11118946389260909
157,17698,17698,1786181322.5700815,1786181322.5700815,1,15.983906014536943,15.983906014536943,0.0010794128554805116,0.0010794128554805116,6.759882e-08,5.920238e-08,5.544069e-08,6.328777417000982e-09,2.8016762916954564e-09,4.166747024370646e-09,7.392759741700098e-08,6.200405629169546e-08,5.960743702437064e-08,3.8214145841003013,1.166964523449692,0.13673309937475994,0.08560777662483067,0.04518536714039359,0.06990313511139967,0.026275308378443683,0.028617542731970994,0.02952793590698459,0.13345189497328708
158,17709,17710,1786181322.6255038,1786181322.6298273,2,24.63913748857793,20.165225842792925,0.0013889610774335654,0.0012382733338678763,7.866572e-08,5.666074e-08,5.763606e-08,6.290563187503259e-09,2.782471810173761e-09,4.095163696321398e-09,8.495628318750327e-08,5.944321181017376e-08,6.17312236963214e-08,3.688792838189345,2.3321639255762854,0.8878351208878836,0.07404469741405093,0.04680886200320515,0.06633854634582488,0.022737356263373976,0.02965838135095103,0.02804640373494898,0.18508491664795088
159,17713,17717,1786181322.6456683,1786181322.6656792,5,15.633489147400583,13.455848047542947,0.0010922977807125056,0.0010114687292837729,7.866572e-08,5.666074e-08,5.763606e-08,6.5349156082148935e-09,2.7622091064200885e-09,4.146937560306233e-09,8.520063560821489e-08,5.9422949106420084e-08,6.178299756030623e-08,2.8805532439850134,1.0258926831023356,1.9535193596661509,0.0767002933643543,0.04648379647212182,0.06712101348436979,0.02355180661316978,0.0294618148192805,0.028381499926693945,0.26578761818936586
160,17719,17720,1786181322.675654,1786181322.6800723,2,12.471507308108903,12.064344848112432,0.0009254123189906011,0.0009113741230355117,7.866572e-08,5.666074e-08,5.763606e-08,6.661872366302204e-09,2.7468041037566756e-09,4.149222364166661e-09,8.532759236630221e-08,5.940754410375668e-08,6.178528236416666e-08,1.96359275857326,1.5209847258280713,2.427269399747545,0.07807385575041684,0.046236476740550286,0.06715544337445722,0.02396748499244198,0.029307938136266184,0.028400371453743606,0.29066833386613
161,17729,17905,1786181322.7256389,1786181323.6056492,177,1020.0292005210977,107.80893737071385,0.007162210089429302,0.0024177599162592293,7.34335e-08,4.999164e-08,4.921886e-08,6.524989580045713e-09,2.5646494835798863e-09,3.8075653383669675e-09,7.999514814108906e-08,5.256030809740776e-08,5.302882707460557e-08,1.0104096819832296,4.27715189859596,8.842418638002197,0.08193694153355097,0.04857888680471494,0.07251983274884849,0.02508687571605084,0.0305622167893554,0.030722174958794403,0.5932083829532048
162,17909,17919,1786181323.6255057,1786181323.6756418,11,25.04309083083968,19.682167741209383,0.0011628325720646087,0.0010207246548954837,7.137183e-08,5.114806e-08,4.609147e-08,6.3483873186392415e-09,2.5722683688469874e-09,3.6681307453401484e-09,7.772021731863924e-08,5.372032836884699e-08,4.975960074534015e-08,1.3347790499652994,1.3536294692837814,4.075854652687062,0.08168220163841065,0.04788251381048977,0.0737170450434316,0.0250909263537909,0.030619812183946327,0.031288856659253295,0.443288030965968
163,17929,18086,1786181323.7256572,1786181324.5098298,158,723.5366146492314,104.80601976594085,0.006200727738124543,0.0024007335163289904,5.684817e-08,6.638112e-08,4.573966e-08,5.736176078469201e-09,2.9015771736232048e-09,3.7223985971605585e-09,6.256838335083828e-08,6.927477871347732e-08,4.946707433260319e-08,0.7813427134093223,3.489911919322463,8.506346533602628,0.09380057304606759,0.040600071573418856,0.07438087986397779,0.028721314416708936,0.02546970100360873,0.03158287687138357,0.7509617209118644
164,18089,18107,1786181324.525651,1786181324.6156468,19,135.54454183279125,39.93593622468041,0.002752574438833619,0.00149889754950954,4.179038e-08,7.355032e-08,5.194084e-08,4.999109981967789e-09,3.1404005987558164e-09,3.96576716139473e-09,4.678948998196779e-08,7.669072059875582e-08,5.5906607161394726e-08,0.17062405375284426,0.9258271619917664,6.231248681966918,0.10684258329015633,0.0409488993044254,0.07093557200921093,0.03295888026300728,0.02581569087996031,0.030054744717919774,0.037189393138413344
165,18109,18127,1786181324.6255193,1786181324.7156487,19,59.07034569994729,25.492454814704374,0.001812259307623961,0.0012616612897241649,4.259725e-08,7.482407e-08,4.728409e-08,4.999901802295382e-09,3.135416771245965e-09,3.819338377952812e-09,4.7597151802295385e-08,7.795948677124596e-08,5.1103428377952806e-08,1.0758607854216498,3.275355294734814,3.176358928554019,0.10504623934633187,0.04021853970376796,0.07473741932178236,0.032403251973830406,0.025356740995797104,0.031670466554252576,0.06125775466795248
166,18129,18137,1786181324.72565,1786181324.7657292,9,22.826297746765036,20.46375510784568,0.0011785767660261288,0.0011297103066495815,4.447242e-08,7.540542e-08,4.855957e-08,5.050392735134887e-09,3.147976749032249e-09,3.797187687716253e-09,4.9522812735134885e-08,7.855339674903224e-08,5.2356757687716256e-08,3.3316880790841803,2.9240840566670485,0.7686671965487761,0.10198113666931127,0.040074355392916476,0.07252526425321636,0.03145313701886932,0.025263638183425495,0.030745805485014426,0.06397246387440694
167,18144,18202,1786181324.8004508,1786181325.0899215,59,251.73415838357798,30.332261744890996,0.0036317537252105064,0.0015140080002697175,4.558415e-08,7.875603e-08,5.127761e-08,5.133543239676706e-09,3.2071429218141034e-09,3.8610533291113026e-09,5.07252193237208e-08,8.192814245773875e-08,5.513664891243963e-08,0.9238421366404191,2.9724134601511465,4.450939791382057,0.10275366110366405,0.03912666894025805,0.07103778187374864,0.03164697919955178,0.02463564399006095,0.030112079872688453,0.45989211629520377
168,18209,18222,1786181325.1256514,1786181325.189878,14,48.94563869963096,21.929829256108853,0.0016231720574054868,0.0010911716719163122,4.30989e-08,8.48395e-08,5.094723e-08,5.089323484710972e-09,3.3585543192814575e-09,3.94984696540579e-09,4.8188223484710974e-08,8.819805431928146e-08,5.489707696540579e-08,1.2941293629132584,0.3648443682195186,4.49643203578391,0.10561336024324168,0.03807959321150802,0.07195003727329936,0.03254093548677686,0.023855979270413694,0.03047927738123926,0.2561101726275839
169,18229,18247,1786181325.2256413,1786181325.3152738,19,141.15867549251217,41.01424636162459,0.0028756810449558435,0.0015427460309734786,4.597267e-08,8.668905e-08,5.320694e-08,5.159350801779133e-09,3.3776424134359694e-09,3.9685634128482685e-09,5.113202080177913e-08,9.006669241343596e-08,5.717550341284827e-08,0.30377786328360823,1.0509614802907947,6.311617967987138,0.10090253691085209,0.037501555000160024,0.06941020499377881,0.03110301994014929,0.023482900042176312,0.02940265636224016,0.07576325537562024
170,18249,18261,1786181325.3256502,1786181325.3857257,13,85.76881835640462,32.32389452515101,0.0022122052224304526,0.0013743695611133306,3.937745e-08,8.421254e-08,5.246825e-08,4.92397203450233e-09,3.3787624439587637e-09,3.996061270962814e-09,4.430142203450233e-08,8.759130244395876e-08,5.6464311270962814e-08,0.3894439380471809,1.4744103966210456,5.463981195488311,0.11114704098132622,0.03857417520813437,0.07077145152677032,0.03427317625326312,0.024148365870855542,0.02997034226448703,0.06558926094922085
171,18289,18299,1786181325.5256526,1786181325.5757444,11,43.364939585486376,21.077694514148554,0.0016138934162430786,0.0011783595462681368,4.12755e-08,8.753317e-08,5.211165e-08,4.989594803364115e-09,3.3889846626615323e-09,3.978589986990998e-09,4.626509480336411e-08,9.092215466266154e-08,5.6090239986990995e-08,0.7422910015393377,2.496177626821721,3.7983706276248475,0.10784793208676517,0.03727347495845764,0.07093194801275512,0.0332618407770643,0.023328107181386046,0.03004094204010051,0.019790177890133532
172,18329,18333,1786181325.7256505,1786181325.7456846,5,13.304374020926511,12.295747734720837,0.0010891901560259785,0.0010494200766582088,4.170265e-08,8.691312e-08,5.589383e-08,4.975097648483606e-09,3.3667021907579183e-09,3.9203004603531716e-09,4.6677747648483605e-08,9.027982219075792e-08,5.981413046035317e-08,0.30718131429543244,3.468723404051625,0.44283967638411076,0.10658392701106809,0.03729185668318618,0.06554137676167393,0.03287387203777461,0.023329641148849965,0.027769897654414715,0.011263731387181486
173,18349,18362,1786181325.8257468,1786181325.8897817,14,21.35642190597423,14.415906933320137,0.0013145002556146815,0.0011115209298642782,4.299603e-08,8.882405e-08,5.458105e-08,5.001424424238145e-09,3.4072087741822396e-09,4.062215221635187e-09,4.799745442423814e-08,9.223125877418223e-08,5.864326522163519e-08,0.5415334579022171,3.421573792448471,1.552998873898102,0.1042018619722995,0.036942017479264525,0.06926990071981144,0.03213580922557558,0.0231044599127175,0.029320948960543776,0.009252994261622342
174,18369,18376,1786181325.9256523,1786181325.9598336,8,18.35547044115851,13.795832008287892,0.0012183891232088319,0.0010788507078391867,4.469365e-08,8.658095e-08,5.373153e-08,5.058247252413225e-09,3.424144963099835e-09,4.0398056290472316e-09,4.975189725241322e-08,9.000509496309983e-08,5.777133562904723e-08,1.1506669423523248,3.4232606339100324,0.8635968438784261,0.10166938522317362,0.03804389753314286,0.06992744680368959,0.03134806723387621,0.023781744763311727,0.02959763916856186,0.006259643861495781
175,18389,18392,1786181326.0256636,1786181326.0397353,4,13.361342541722872,12.34463416903963,0.00107399436078104,0.0010310804497935151,4.490266e-08,8.594238e-08,5.328874e-08,5.1146029567904925e-09,3.399866544155242e-09,4.009880444110459e-09,5.001726295679049e-08,8.934224654415525e-08,5.729862044411046e-08,0.1144580418549758,3.33364908048787,1.10640859873555,0.10225608574240283,0.0380543992396251,0.06998200243608374,0.0315218236517879,0.023784505151581238,0.02962435309028108,0.00592451377031467
176,18429,18442,1786181326.225643,1786181326.2898936,14,24.183362492286044,16.38299301254861,0.0014609574100357913,0.0012140623668976892,4.348124e-08,8.767123e-08,5.235501e-08,5.053737535003642e-09,3.3914342535891704e-09,3.944104076635609e-09,4.8534977535003645e-08,9.106266425358917e-08,5.629911407663561e-08,0.37800511135724124,3.9882891521492176,0.5730866870321148,0.10412549289980783,0.03724286188341118,0.07005623655490685,0.0321007939236487,0.02328353534043142,0.02967243997136188,0.009196326345799274
177,18469,18479,1786181326.425649,1786181326.4756656,11,29.34946340646144,18.04962168417082,0.0014109844710447044,0.0011324871423865916,4.288543e-08,8.61705e-08,5.402274e-08,4.932124727452466e-09,3.3734199639348543e-09,4.010127859128239e-09,4.781755472745247e-08,8.954391996393486e-08,5.803286785912824e-08,0.5114514617626857,2.742882028464124,3.2183228758755855,0.10314464542421141,0.037673355876854484,0.06910097685614348,0.031812578079055034,0.023553690695072682,0.029260929036394292,0.0112233387118032
178,18489,18489,1786181326.5256555,1786181326.5256555,1,12.044858456536389,12.044858456536389,0.0009291032413013656,0.0009291032413013656,4.4482e-08,8.606501e-08,5.427876e-08,5.066419583831271e-09,3.3912849524366286e-09,4.046069487667686e-09,4.9548419583831275e-08,8.945629495243664e-08,5.832482948766769e-08,1.146469740800136,2.352242018561057,2.279794949726114,0.10225189070286031,0.037909964328690655,0.06937130416187783,0.0315278743341502,0.023702727906086903,0.02936963039827234,0.01752606991884088
179,18609,18609,1786181327.1256554,1786181327.1256554,1,11.503215871439371,11.503215871439371,0.00097790131640647,0.00097790131640647,4.366107e-08,8.735278e-08,5.041911e-08,5.21007946175862e-09,3.387967592432543e-09,3.916010352881583e-09,4.887114946175862e-08,9.074074759243254e-08,5.4335120352881584e-08,0.30548194398860506,3.0188126406799656,1.5154722379062318,0.10660849026517195,0.03733678289161214,0.07207143974716326,0.0328544644134204,0.02335640277299809,0.03054047599819013,0.005933822031114945
180,18649,18651,1786181327.3256645,1786181327.3356628,3,12.937682670979884,11.672334998936861,0.0009954340804736784,0.0009518559928261604,4.15555e-08,9.107888e-08,4.985148e-08,5.202881016199613e-09,3.44146499235591e-09,3.889943486382014e-09,4.675838101619961e-08,9.452034499235592e-08,5.374142348638202e-08,1.1313851174359313,2.6572277965573123,1.9434075215314026,0.11127162450599942,0.036409780254373386,0.07238259119201586,0.03428172606142007,0.02274854937534742,0.03067516625201985,0.016114163086555618
181,18669,18678,1786181327.4257832,1786181327.4700058,10,52.1622151306407,24.233446610938344,0.0016759226015566244,0.0011543719977241428,4.594399e-08,9.046464e-08,4.91326e-08,5.084612060250505e-09,3.4751039677583375e-09,3.854824217346374e-09,5.102860206025051e-08,9.393974396775833e-08,5.298742421734637e-08,3.951691065746328,1.4021162600104176,2.5729178299593203,0.09964238904693498,0.03699288989880738,0.07274971536923744,0.030716520193545146,0.023088183169343357,0.030833253211624834,0.14188652606388194
182,18689,18691,1786181327.525655,1786181327.5356686,3,17.338948669148923,14.580306824846879,0.0009775155937124798,0.0008989638363222996,4.672171e-08,9.025522e-08,4.904586e-08,5.228219882241448e-09,3.4839110128054082e-09,3.861732678700391e-09,5.1949929882241446e-08,9.37391310128054e-08,5.29075926787004e-08,1.3521945747572093,0.9796010602441647,3.433944671075555,0.1006395853866422,0.03716601613915651,0.0729901415491354,0.031012177102414353,0.023187414652958326,0.030938965450031723,0.14313964310911514
183,18709,18715,1786181327.6257746,1786181327.655643,7,17.209389159426145,14.487566510363596,0.0012457493930940074,0.001139065135942403,4.627674e-08,8.979107e-08,5.137235e-08,5.250595119246581e-09,3.4768582500565736e-09,3.870601333616943e-09,5.152733511924658e-08,9.326792825005658e-08,5.5242951333616944e-08,0.7154406988949951,3.6249676883331614,0.8660186318455537,0.10189920091510853,0.03727815849965625,0.07006507145928371,0.03139180704160558,0.023250814713892815,0.029699318774775253,0.18412534944330256
184,18729,18745,1786181327.7256818,1786181327.80565,17,79.41664962754058,39.45166372067602,0.0021633517124468433,0.0015264548492264977,4.539399e-08,8.844891e-08,5.501683e-08,5.2077999383721535e-09,3.454609146068818e-09,4.001967600525972e-09,5.060178993837215e-08,9.190351914606882e-08,5.9018797600525977e-08,0.16524836872781748,0.05091116417318946,6.277162457187199,0.10291713869338551,0.037589339401857644,0.06780835535271751,0.031688175667903794,0.023419802105590224,0.02872284953772751,0.6098238556059666
185,18749,18763,1786181327.825647,1786181327.8956735,15,131.7588059459297,47.44938072088397,0.0028306310580989424,0.0017053371403724803,4.787751e-08,9.637283e-08,5.629971e-08,5.237719716196366e-09,3.5025167168126922e-09,4.07428880077907e-09,5.311522971619637e-08,9.987534671681269e-08,6.037399880077907e-08,0.6556441522945944,1.119982192913592,6.775626431844723,0.0986103442341186,0.03506870834615167,0.06748416340906215,0.03034844285013433,0.021833839691893734,0.028570631660600226,0.5883473199315918
186,18769,18775,1786181327.9256523,1786181327.9556487,7,18.33519905339889,13.221841941851492,0.0013390413322747533,0.0011635684684341075,4.669253e-08,9.913278e-08,5.271274e-08,5.2933560813768946e-09,3.5705225732860195e-09,4.069266840918647e-09,5.19858860813769e-08,1.0270330257328602e-07,5.678200684091865e-08,0.07139862544928278,3.623470503797282,0.6124262445551473,0.10182288286287486,0.034765334965330075,0.07166472384851448,0.03134215568998922,0.021628027016081474,0.030325981951857702,0.29318794256216557
187,18789,18828,1786181328.0254793,1786181328.219868,40,330.12349501312804,63.365272344362694,0.004464712529853822,0.0020135645468273102,4.4542584999999994e-08,9.3727695e-08,5.6381120000000006e-08,5.13146790648253e-09,3.610875956121519e-09,4.04369407707728e-09,4.97141970196706e-08,9.734948095256772e-08,6.04174071945306e-08,0.4645338684332301,2.4708805692549074,7.556463334013866,0.10333112022679031,0.036653202278328204,0.06754333142680338,0.031837966520138886,0.02280493231317774,0.02858382638844702,0.027276146160468515
188,18849,18850,1786181328.3256576,1786181328.329891,2,15.007087914565393,13.904889180992217,0.0008911828830936747,0.000856874702022614,4.741375e-08,9.301387e-08,5.755318e-08,5.1449886346964105e-09,3.5186521358083616e-09,4.038836452302916e-09,5.2558738634696415e-08,9.653252213580836e-08,6.15920164523029e-08,3.671722696294138,0.1619283941594274,0.6123711740270277,0.09788992972722416,0.03645042172447095,0.0655739682110251,0.030169057286985254,0.02270653608762143,0.027748833186771328,0.007987006788454364
189,18889,18889,1786181328.5256603,1786181328.5256603,1,11.82285705995508,11.82285705995508,0.0008341846415074071,0.0008341846415074071,4.734509e-08,9.482238e-08,5.494614e-08,5.439990463344032e-09,3.4795587622679578e-09,3.99360928672157e-09,5.2785080463344034e-08,9.830193876226795e-08,5.893974928672157e-08,0.5962907385463969,0.175869754662647,3.381766074862614,0.10305923848641722,0.03539663887473346,0.06775748683554761,0.03173890449858178,0.022066532046951186,0.028682644668504103,0.18282664357115966
190,18900,18944,1786181328.5796676,1786181328.799927,45,530.0583745545746,68.26660895075267,0.005320934448368836,0.001928335869979207,4.734509e-08,9.032357e-08,5.494614e-08,5.2894310433340256e-09,3.501815550596176e-09,4.0706094257618024e-09,5.265536359633946e-08,9.379181430366622e-08,5.90167494257618e-08,0.9921246263238385,0.28730372308849284,7.915113556435858,0.09945986453534972,0.0372319108846338,0.06835881745996882,0.030628331108030083,0.023116219824958036,0.02893708813521131,0.7762457517670277
191,18949,19003,1786181328.8256576,1786181329.0956595,55,379.33071948292303,66.39659875932291,0.004955789854535783,0.0020971439141893645,4.91391e-08,8.945572e-08,5.45358e-08,5.3425719404210255e-09,3.4262457979555265e-09,4.039242727923447e-09,5.448346497367098e-08,9.286089020677076e-08,5.853764523820428e-08,0.7994045510964738,3.1984344834121377,6.610496933803808,0.09798971854517523,0.036800079833539154,0.06781319588234955,0.030174611716144502,0.022961683130664073,0.028721874853672256,0.04003143688537564
192,19009,19012,1786181329.125664,1786181329.1399293,4,19.12312257851602,14.944932231238862,0.0010586398512791764,0.0009410085611389889,4.604312e-08,8.922255e-08,5.503069e-08,5.255742313588268e-09,3.480998902326104e-09,3.8989464778819715e-09,5.1298862313588264e-08,9.27035489023261e-08,5.8929636477881975e-08,1.4674696738314839,0.8027271560251674,3.4827031644197914,0.10245298548082207,0.037549783567824804,0.06616272065713996,0.031562143082466826,0.023442347140047302,0.02802107864505863,0.0090063308730244
193,19029,19033,1786181329.2256622,1786181329.2456644,5,15.977420121350807,13.392240561167156,0.0009667082216768953,0.0008853211276806949,4.783722e-08,8.126052e-08,5.0019e-08,5.246803354762626e-09,3.439457635396877e-09,4.015157275733787e-09,5.308402335476262e-08,8.469997763539688e-08,5.403415727573379e-08,1.2490074471647117,1.417521258150327,3.0984657836318314,0.09883959423853658,0.04060753818265209,0.0743077615721945,0.03045493653467172,0.02535141976172291,0.031460786275666563,0.08170364457246325
194,19049,19057,1786181329.3256783,1786181329.3656573,9,59.21481406350886,32.9277897997526,0.001742665047740441,0.0013123037996056392,4.837407e-08,8.392192e-08,4.566877e-08,5.339355338532792e-09,3.332305337099792e-09,3.8007039302131874e-09,5.37134253385328e-08,8.72542253370998e-08,4.946947393021319e-08,0.19844330784192682,1.5623875341796138,5.518193932872323,0.0994044157715036,0.03819068883233484,0.07682927727855941,0.03062004469883361,0.023865951520875697,0.032551163945526776,0.4494110627229801
195,19069,19085,1786181329.4254997,1786181329.505653,17,43.25293468719738,18.818503418055844,0.0018374895802297695,0.0012601852464200517,4.497924e-08,8.154831e-08,5.084646e-08,5.19142901523111e-09,3.317111482522826e-09,3.844854912770073e-09,5.017066901523111e-08,8.486542148252282e-08,5.469131491277007e-08,0.04376092806529423,4.3029336826832685,0.6295473873043477,0.10347537557189403,0.03908672191187342,0.07030101431827236,0.03187821760669076,0.024444470341777057,0.029814464432196108,0.04410865062417456
196,19089,19120,1786181329.5256538,1786181329.679804,32,130.47425736419274,30.696368539206947,0.0027973886428740357,0.0013921259411076477,4.763438e-08,8.235668e-08,4.977325e-08,5.289214402568646e-09,3.3031367601546264e-09,3.890710529332048e-09,5.293730671300735e-08,8.5647326322711e-08,5.36710730004443e-08,1.2842243428492375,2.91324699364512,4.54005382616049,0.09856693184610951,0.03866008504138904,0.0717738029479322,0.03036531422480917,0.024206108740877988,0.03042157129109161,0.015433420466590929
197,19189,19197,1786181330.0257754,1786181330.0656564,9,23.26885288063487,15.818170921103716,0.0013041509260067984,0.001085885129616952,4.551952e-08,8.537913e-08,4.836013e-08,5.231449122509766e-09,3.3251735837400337e-09,3.921090075903835e-09,5.0750969122509766e-08,8.870430358374003e-08,5.2281220075903834e-08,2.018338095411619,3.1355394040065367,1.360050147142244,0.10308077287461151,0.037486045638403284,0.07499997264752456,0.03175450040527831,0.023483065847801445,0.03175646123480184,0.027947066268069125
198,19209,19212,1786181330.1256607,1786181330.139952,4,15.07578471814595,14.254921103276647,0.0009353109217482854,0.0009058491862923275,4.923126e-08,8.41291e-08,4.926701e-08,5.214611376674821e-09,3.3560180378528452e-09,3.825092067465938e-09,5.444587137667482e-08,8.748511803785284e-08,5.309210206746594e-08,2.2842528534153907,1.2835611637785735,2.7163577577866302,0.09577606440093756,0.03836100781940847,0.07204624912766552,0.029509636525090435,0.024015806600172232,0.030531939463712153,0.048986145107762
199,19249,19411,1786181330.325651,1786181331.135653,163,1549.0116660738613,131.0566988314451,0.009230055556942614,0.002986777656595974,5.788923e-08,8.955633e-08,5.176423e-08,5.673596768766815e-09,3.395060357597164e-09,3.904523598336559e-09,6.363284998658588e-08,9.292371849286286e-08,5.561467877665252e-08,1.015684286157571,5.340138398577988,9.487539917193349,0.09185482424902093,0.036681399862977436,0.07090009947521783,0.02824209522472483,0.022777756137953933,0.030044765787425324,0.7634188223195356
200,19529,19535,1786181331.7256517,1786181331.7556536,7,19.428007781587237,15.785804264842493,0.0012720590849893622,0.0011755360483070092,6.47721e-08,9.789809e-08,6.100155e-08,6.042674092904692e-09,3.5686100971768493e-09,4.130681165784698e-09,7.08147740929047e-08,1.0146670009717685e-07,6.51322311657847e-08,1.780433232191519,2.963527195540797,1.8352203492161905,0.08533069775733342,0.035170258649070446,0.06341992418144003,0.026239581676392634,0.021900219567092167,0.02684059534239073,0.052004717537108544
201,19537,19537,1786181331.765659,1786181331.765659,1,11.361067709636995,11.361067709636995,0.0010403045629497562,0.0010403045629497562,6.47721e-08,9.789809e-08,6.100155e-08,6.138700824321409e-09,3.595743135324559e-09,4.220915677143566e-09,7.091080082432141e-08,1.0149383313532456e-07,6.522246567714357e-08,0.5633579070956191,3.0591131397221596,1.2982629777514054,0.08656933408966418,0.035428193022808065,0.06471567167987893,0.026616590630140182,0.022063484081483647,0.02738070317608432,0.026914863568202645
202,19549,19552,1786181331.8256721,1786181331.8399336,4,19.44014017228649,16.24804104744016,0.0012810063146720429,0.0011815777945742372,6.320592e-08,9.599346e-08,6.039429e-08,6.102369207086806e-09,3.6045104387920974e-09,4.2596955563959825e-09,6.930828920708681e-08,9.95979704387921e-08,6.465398555639597e-08,2.6858229420383717,2.9898838639221577,0.29485885914595095,0.08804634423076285,0.03619059092150141,0.06588439361308307,0.027065527434854873,0.02253556856086071,0.027855212602103194,0.021417464150610632
203,19569,19575,1786181331.9256635,1786181331.9558163,7,22.92367689593449,16.517920913959898,0.0013490315048587402,0.001170268792183868,6.174013e-08,9.35974e-08,5.96032e-08,6.063767168932643e-09,3.587346664177176e-09,4.265151328527814e-09,6.780389716893265e-08,9.718474666417717e-08,6.386835132852782e-08,2.4708953825208364,2.951764157805198,1.270492362047677,0.089430953195851,0.036912651071147225,0.06678035737200909,0.02749304324782963,0.022984029710269194,0.02822355000994708,0.026172851386357564
204,19577,19577,1786181331.965657,1786181331.965657,1,12.965650510070363,12.965650510070363,0.0010542635796097785,0.0010542635796097785,6.174013e-08,9.35974e-08,5.96032e-08,6.042130847380142e-09,3.5786212054945796e-09,4.256560047638747e-09,6.778226084738015e-08,9.717602120549458e-08,6.385976004763874e-08,2.0368555156877246,2.8320065640639527,0.8926142064881651,0.08914029655571858,0.03682617524047601,0.0666548080207712,0.027404693529714676,0.022930893980930966,0.028170393344580106,0.04036556316525854
205,19579,19579,1786181331.975697,1786181331.975697,1,12.184576766043177,12.184576766043177,0.001028027697878375,0.001028027697878375,6.174013e-08,9.35974e-08,5.96032e-08,6.040518938207986e-09,3.5755641942510522e-09,4.256144399603275e-09,6.7780648938208e-08,9.717296419425105e-08,6.385934439960327e-08,1.931666337534729,2.815630658294119,0.7249685628163197,0.0891186352309383,0.036795874364041414,0.06664873305091729,0.02739854062370393,0.022912755526590993,0.02816791498297829,0.05956341613219625
206,19589,19592,1786181332.025655,1786181332.039863,4,18.97081142757495,14.725923873780259,0.0011608223628264706,0.0010264229785837864,6.312703e-08,8.85374e-08,6.769384e-08,5.99976749577484e-09,3.5392808995929776e-09,4.2689809967728795e-09,6.912679749577483e-08,9.207668089959298e-08,7.196282099677288e-08,2.615553893480385,0.8167490395665461,2.6786741932566898,0.08679356913760064,0.03843840235064194,0.059321970926142734,0.026685759236928046,0.023941184490476716,0.025071649205114947,0.11920474051461735
207,19609,19727,1786181332.1256635,1786181332.715503,119,712.8630371859159,59.37155794032219,0.007463566830717818,0.0021467312692394326,5.939225e-08,9.857246e-08,6.250541e-08,5.8294191604592985e-09,3.5694704567593426e-09,4.443959850729326e-09,6.512638471210818e-08,1.0215323108581499e-07,6.717921224637646e-08,0.9911570018089702,3.2245309693493143,6.640355577184033,0.09055173345458938,0.03533795778751449,0.06470622120997196,0.027832173933600168,0.021986900428923116,0.027306501808807605,0.25443896778557784
208,19729,19738,1786181332.725704,1786181332.770041,10,30.502615340148076,18.110745789936335,0.0014820727348346368,0.0011426572029305838,6.167153e-08,9.709406e-08,6.666966e-08,5.892542301495759e-09,3.6425179365511977e-09,4.5147064020967524e-09,6.756407230149577e-08,1.007365779365512e-07,7.118436640209675e-08,0.2274278977219052,0.8188283647017475,4.142685500661466,0.08721412047170041,0.03615884050247485,0.0634227228175687,0.026829320725686272,0.02248430635541047,0.026756692755837395,0.05974499816274187
209,19769,19769,1786181332.9257534,1786181332.9257534,1,11.796113851917614,11.796113851917614,0.000982911481142516,0.000982911481142516,6.668526e-08,9.527078e-08,7.268393e-08,6.039319256510058e-09,3.7075960567517078e-09,4.770722408011831e-09,7.272457925651005e-08,9.897837605675171e-08,7.745465240801184e-08,1.7973799780032766,1.7740197666590705,2.327726515580644,0.0830437153125193,0.03745864693320288,0.06159374870992638,0.02553346879438817,0.023284720129205558,0.02595683228287425,0.05422552348045078
210,19889,19902,1786181333.5257094,1786181333.5899663,14,155.17674800072302,62.97589341277491,0.0031768801103213822,0.002019729732031918,5.118258e-08,8.70068e-08,6.041999e-08,5.557824937430189e-09,3.4830086827840925e-09,4.39918123187856e-09,5.674040493743019e-08,9.048980868278409e-08,6.481917123187856e-08,0.8077786131174562,0.6034539520086957,7.854644080298941,0.09795153676902135,0.038490377048471094,0.06786851656859519,0.030132770648269303,0.02397481928436205,0.028625401740884793,0.6099409370063097
211,19909,19918,1786181333.6256723,1786181333.6698074,10,36.00766639107857,19.28613512917586,0.001640322086205584,0.0012572936549518675,5.57952e-08,9.132381e-08,6.983501e-08,5.587918747969161e-09,3.4463041202232632e-09,4.401232567838644e-09,6.138311874796915e-08,9.477011412022326e-08,7.423624256783864e-08,1.7852142863080414,2.9386289968279726,2.7340984321180306,0.09103339374429534,0.03636479932018195,0.05928681935808132,0.02801099199332182,0.022661415164116964,0.02503110939791631,0.20983334755359373
212,19929,19958,1786181333.7256634,1786181333.8701553,30,80.61126742080415,29.41158454622525,0.0024334317083317433,0.0014924208408627572,5.635302e-08,8.850212e-08,6.540987e-08,5.703386482969795e-09,3.459854863938403e-09,4.469072922946069e-09,6.202558156779961e-08,9.197077101294792e-08,6.990951622259029e-08,0.6698300998346104,2.5105859775058503,4.758179097412574,0.09272162353521446,0.03751710858355885,0.06365439689393544,0.02852673141824807,0.023404396878278624,0.02685952557541279,0.05023577096618987
213,19969,19971,1786181333.925738,1786181333.935655,3,14.436141857052831,12.885907711204057,0.0010541792369743322,0.00099615965254497,5.702178e-08,9.015572e-08,7.112195e-08,5.68874515693013e-09,3.5423790670302985e-09,4.544088557253046e-09,6.271052515693013e-08,9.36980990670303e-08,7.566603855725304e-08,0.45240629656051673,1.0588206488437366,3.403335748638193,0.09071435996956241,0.03780630661609976,0.06005453226483326,0.0279151561710556,0.023578631491587048,0.025335567788627625,0.01142813800350573
214,20029,20183,1786181334.2256594,1786181334.9956567,155,480.9286268317802,57.881125721695696,0.006096638468176159,0.0021928428726440785,5.977013e-08,9.564087e-08,7.259316e-08,5.875119172264862e-09,3.5803602909661905e-09,4.644876408929592e-09,6.571596226029145e-08,9.92442360828194e-08,7.724034903326043e-08,0.8092110041210687,2.044174675002194,6.215767828844916,0.08997238464459457,0.0360744231115748,0.06031850435177809,0.027655767152481744,0.022375530468989453,0.02540946650230844,0.425249809287129
215,20189,20191,1786181335.0256875,1786181335.0356627,3,14.480627070699267,13.097762757289331,0.0010789230005571087,0.0010242618186540539,4.975854e-08,9.634913e-08,6.957094e-08,5.8161714350165635e-09,3.6064246492154286e-09,4.631892199711356e-09,5.5574711435016564e-08,9.995555464921544e-08,7.420283219971136e-08,1.9061195701269784,2.3890852933472906,1.9555680944912635,0.10465500012925782,0.036080282452686824,0.062422040510985266,0.032186723894269645,0.022463946534695692,0.026307055160588066,0.006949164753987298
216,20209,20212,1786181335.1256711,1786181335.1398547,4,18.419077774366055,14.538610896310702,0.0011349220413683584,0.0010068752138486159,6.032465e-08,9.598901e-08,6.585992e-08,5.519581389542422e-09,3.5943733253793278e-09,4.549701160773726e-09,6.584423138954241e-08,9.958338332537933e-08,7.040962116077372e-08,1.2767107354599632,0.09625108212181109,3.585770983103494,0.08382737091570834,0.03609410584921486,0.06461760493223179,0.025809314987527907,0.022473616882972225,0.027240632087861552,0.017595496872280833
217,20349,20349,1786181335.8256574,1786181335.8256574,1,13.676849076657485,13.676849076657485,0.0009347667432279227,0.0009347667432279227,6.209382e-08,8.678451e-08,5.885742e-08,5.917855196474576e-09,3.4810354728958932e-09,4.4836769374996625e-09,6.801167519647457e-08,9.02655454728959e-08,6.334109693749965e-08,1.2384826917488525,0.10868860485019344,3.482987308427489,0.08701234277733727,0.038564387188493,0.07078622153030344,0.026757029044007043,0.02405817388157882,0.029876300829276364,0.025189336784938357
218,20409,20415,1786181336.1256695,1786181336.155664,7,25.381238964650038,18.14016880013982,0.0012615071905163213,0.0010654912709102816,5.512542e-08,7.978368e-08,5.421379e-08,5.785669817597592e-09,3.263869656522326e-09,4.1297239658905094e-09,6.091108981759759e-08,8.304754965652233e-08,5.8343513965890506e-08,4.071020386553199,1.1982879619361193,0.3748798436529841,0.09498549168368256,0.0393012155315422,0.07078291442264592,0.029216087857466627,0.024622353248387813,0.02994212897009104,0.008152953101063998
219,20429,20435,1786181336.2256563,1786181336.2556653,7,43.20443312785608,23.11108933587127,0.001627225428342101,0.001191791213640404,5.483351e-08,8.291349e-08,6.159673e-08,5.701305234181057e-09,3.261045791877311e-09,4.117883699163831e-09,6.053481523418106e-08,8.617453579187731e-08,6.571461369916384e-08,4.679870694041912,0.915339811757321,0.6099468596892561,0.09418225216866831,0.03784233661789949,0.06266313481850361,0.02897928110677709,0.023721009706200523,0.026517735580962272,0.013209460568384627
220,20489,20492,1786181336.5256734,1786181336.5398602,4,16.557471184165202,13.991092880657476,0.001095299966401645,0.0010060551375062198,6.081698e-08,8.64239e-08,6.264236e-08,6.01405068780853e-09,3.3030436869550505e-09,4.4117402629960554e-09,6.683103068780853e-08,8.972694368695505e-08,6.705410026299605e-08,1.610341654968166,1.818366115910114,2.854450843048621,0.08998862207270122,0.036812171715526615,0.06579368181797945,0.02766318898832712,0.023075610205533982,0.027786994366290008,0.013211016299661805
221,20589,20744,1786181337.0256612,1786181337.799838,156,547.695545049718,94.13166589707582,0.006036195704486979,0.0026633119288555314,7.700345e-08,8.480891e-08,6.123979e-08,6.66186362025806e-09,3.3749237443870135e-09,4.334492271858196e-09,8.378947163173265e-08,8.818689318404514e-08,6.568351549035553e-08,0.5690984074813996,4.0692747424417295,8.51347397058305,0.08027113256914432,0.03797194967796523,0.06543384545582942,0.02457088917747005,0.02356962520461168,0.02762901385117393,0.644206386477542
222,20769,20820,1786181337.9256666,1786181338.1801467,52,479.07546552922156,94.45019603522022,0.006115967237375178,0.002785089503626369,8.740274e-08,9.155452e-08,7.316207e-08,7.0423820253858955e-09,3.509820702906354e-09,4.652736556995577e-09,9.436488664708504e-08,9.504565881443952e-08,7.781480655699557e-08,0.7824728436022512,1.7583897978723808,9.336293049473694,0.07456605731894561,0.036911481157672975,0.059429029311068554,0.02284883392200429,0.022849787314863264,0.025064347611423947,1.2503366261014441
223,20829,20906,1786181338.2257006,1786181338.609928,78,830.3765013892641,69.30086402887682,0.008578316905471997,0.00256412769600524,1.007971e-07,1.022884e-07,8.333051e-08,7.505727917212435e-09,3.702968224997919e-09,4.992327432029419e-09,1.0815472179319212e-07,1.0589585438994611e-07,8.817253725981748e-08,0.7010333712217023,2.943467137192502,8.23444364978548,0.07035994738720272,0.034793840985982025,0.05658020314187595,0.021541977075381774,0.0214328864440813,0.02380222884674193,0.10406176912266185
224,20909,20912,1786181338.625445,1786181338.6399052,4,16.645290302873008,14.43447841868775,0.0012230984380407555,0.001141177972552163,9.446554e-08,9.689634e-08,7.323548e-08,7.476963181035458e-09,3.697450230866124e-09,4.9335244236091875e-09,1.0194250318103546e-07,1.0059379023086612e-07,7.816900442360919e-08,2.168190102252405,1.6934501591476339,2.6208838563035552,0.07334480579650843,0.03675624305554014,0.06311355733954294,0.022460340628532815,0.022853988454356294,0.02652454086254559,0.009970630378518124
225,20989,21006,1786181339.0256674,1786181339.11004,18,22.247524812347546,15.725512981174962,0.0015181129369670075,0.0012783666126395458,9.454423e-08,1.003676e-07,8.311251e-08,7.452330762281162e-09,3.6315775625581283e-09,4.960555458854646e-09,1.0199656076228116e-07,1.0399917756255812e-07,8.807306545885463e-08,0.5804081541833654,3.919170887889068,0.19088197542352775,0.07306452890363313,0.034919290923773744,0.05632318326742103,0.022372865208792836,0.021773257796761133,0.023688470589780197,0.008147552196322867
226,21008,21042,1786181339.119862,1786181339.2899058,35,47.390284430381705,27.144811235153878,0.0021344546877922806,0.0016507387438225388,1.056241e-07,9.889404e-08,8.587329e-08,7.674810222395922e-09,3.6573262907866964e-09,5.062697170272467e-09,1.1309942474106901e-07,1.0255518896097395e-07,9.094737890101004e-08,0.1656002371681814,4.42852259133692,1.219911470854112,0.06850289110680109,0.035478695521624776,0.05511047256056191,0.02097128172363284,0.02209537078710034,0.02316486003058955,0.15208775066062916
227,21109,21116,1786181339.625666,1786181339.6598995,8,21.619702762391405,16.12161826139845,0.001507894104380776,0.0012988381316678805,1.082381e-07,1.000566e-07,8.636429e-08,7.525243522750974e-09,3.601203169217748e-09,5.03087772301179e-09,1.1576334352275097e-07,1.0365780316921774e-07,9.139516772301179e-08,2.2830154742923727,2.6627520406403646,1.952584804477072,0.06500534585663101,0.03474126356436747,0.055045335746146354,0.019906255798169514,0.021625550047475902,0.02312142633264213,0.023413624511100482
228,21169,21172,1786181339.9255416,1786181339.9399908,4,14.022700483822472,12.693014537841847,0.0011808375364941773,0.0011232091378653723,1.089519e-07,9.671553e-08,9.132743e-08,8.010513113342585e-09,3.615147679259416e-09,5.239601130335341e-09,1.1696241311334259e-07,1.0033067767925943e-07,9.656703113033534e-08,0.5332423439756695,2.844666221879274,2.0766223169105116,0.06848781529088843,0.0360323184370009,0.054258665979431714,0.02093967836450605,0.02241121974453883,0.022766945457753835,0.0093392613906406
229,21229,21243,1786181340.2257564,1786181340.295665,15,30.55622393023559,19.684692788160305,0.001772141104852667,0.0013922277211603788,1.129088e-07,8.776186e-08,8.785502e-08,7.986286654850499e-09,3.4927949133735912e-09,5.154036739667153e-09,1.208950866548505e-07,9.12546549133736e-08,9.300905673966715e-08,1.9779467810272968,0.7361255480897322,3.898868316447243,0.06605921357904727,0.03827499074911177,0.055414353386869765,0.0201945606220724,0.023831080504617977,0.023259491526309045,0.42606709038306523
230,21249,21256,1786181340.3256757,1786181340.3600156,8,42.99424196477044,25.641426041348204,0.002005381008798464,0.0015472647967653382,1.154917e-07,8.779705e-08,8.834893e-08,8.07109261511082e-09,3.4472941134782365e-09,5.144029301866127e-09,1.2356279261511082e-07,9.124434411347823e-08,9.349295930186613e-08,0.06228102318485916,0.43145799691297754,5.036579647672131,0.06531915946285011,0.03778027505024166,0.05502048056480162,0.019961735722464735,0.023514118550247955,0.02310092041639165,0.3865986896049245
231,21289,21303,1786181340.5256784,1786181340.5956655,15,52.01267202813969,24.832249611237902,0.002226344212702996,0.0015355631703119468,1.200911e-07,8.354125e-08,8.862461e-08,8.360107734736624e-09,3.247703035291493e-09,5.260494110307343e-09,1.2845120773473663e-07,8.67889530352915e-08,9.388510411030734e-08,1.0081404782052148,1.028604523774086,4.771212189753832,0.06508390815292436,0.03742067970986618,0.05603119001068252,0.01987648955478099,0.0234302014891516,0.02350628412096025,0.03086862435790451
232,21309,21317,1786181340.625686,1786181340.665694,9,29.51664963068777,18.050616293861477,0.0017337539303664761,0.001352673614136983,1.243758e-07,7.688947e-08,9.377629e-08,8.34411963303696e-09,3.2663460645050107e-09,5.2214631088029715e-09,1.3271991963303694e-07,8.015581606450501e-08,9.899775310880297e-08,1.2135474060997533,0.6266172622320217,4.023107171434672,0.06287013654089356,0.04074995678890492,0.052743248579218055,0.019201241619487063,0.025535688385464664,0.02213312123649086,0.010829160928367094
233,21329,21333,1786181340.7256756,1786181340.745686,5,20.258870071140823,15.760735709073696,0.0013647581916338956,0.0012047365550755297,1.188188e-07,7.409712e-08,8.428011e-08,8.398811830515339e-09,3.197909682324137e-09,5.2391671313443915e-09,1.2721761183051534e-07,7.729502968232414e-08,8.951927713134439e-08,1.0639661773763196,0.431211755788277,3.7977992781031324,0.06601925381430919,0.04137277234146173,0.058525574565343325,0.020159803165539055,0.025955411721417798,0.02455481442966401,0.004791902763013612
234,21389,21395,1786181341.025523,1786181341.0556674,7,19.88918526617067,14.388821905403187,0.0013471758526138024,0.0011362375055852204,1.162675e-07,7.543897e-08,8.092559e-08,8.169709639967365e-09,3.2408444868463496e-09,5.021060309377189e-09,1.2443720963996736e-07,7.867981448684635e-08,8.594665030937719e-08,1.5351596367780036,2.226173302882532,2.6600591938704574,0.06565326614574941,0.041190288729259075,0.05842066316656078,0.020060852374656334,0.02583683863156375,0.024539852689990718,0.011063538853240717
235,21409,21413,1786181341.1256735,1786181341.145736,5,18.867887615161994,15.7822954499056,0.0014449170207487426,0.0013196227165842389,1.156933e-07,7.63748e-08,8.306991e-08,8.180041077220795e-09,3.182885727738477e-09,4.961965701972201e-09,1.238733410772208e-07,7.955768572773847e-08,8.80318757019722e-08,3.3104268771494936,2.1941712427834257,0.08532802312417183,0.0660355216745899,0.04000726581216723,0.05636555686781174,0.020177184122747292,0.025113430309050635,0.023692894449828618,0.027243517422604516
236,21489,21489,1786181341.5256808,1786181341.5256808,1,11.67064787339664,11.67064787339664,0.0011373158073537959,0.0011373158073537959,1.203251e-07,7.66739e-08,8.43735e-08,8.500232435724976e-09,3.176190771048793e-09,5.3303873023628925e-09,1.2882533243572497e-07,7.985009077104878e-08,8.97038873023629e-08,2.6071406666932684,1.3999927693721481,1.7068361142284085,0.06598261444952189,0.039776919713119634,0.05942203237351475,0.02014494018354106,0.024979559389054457,0.024941607862265586,0.012635862831712143
237,21589,21589,1786181342.0256739,1786181342.0256739,1,12.710293288105689,12.710293288105689,0.0011944913581537434,0.0011944913581537434,1.171458e-07,7.305438e-08,8.70452e-08,8.379340370203169e-09,3.161335342573511e-09,5.158496263610634e-09,1.2552514037020317e-07,7.621571534257351e-08,9.220369626361063e-08,2.8838811619329983,1.1808075505319937,1.7319464199890413,0.06675427659085344,0.04147878240167966,0.05594674042935846,0.020390474458982226,0.026086904568693586,0.023502667830475235,0.035384951349854796
238,21629,21631,1786181342.2256687,1786181342.235552,3,14.600553256692352,13.130711816378803,0.0011732463663045568,0.0011126394275983273,1.267962e-07,8.325338e-08,9.091547e-08,8.481397714972129e-09,3.1950523560739123e-09,5.201911508062748e-09,1.3527759771497214e-07,8.644843235607391e-08,9.611738150806275e-08,0.3586951861417022,1.7316833619900638,3.162844667228858,0.06269621452219917,0.036959021260523035,0.05412040386314013,0.019145228166351617,0.02322874395329993,0.022724122233413933,0.13644716819590783
239,21669,21676,1786181342.4256666,1786181342.4600384,8,23.480788488916332,16.973564781627644,0.0014618722063918668,0.0012296432782706956,1.271289e-07,7.574265e-08,8.493164e-08,8.291672131783385e-09,3.199045025658613e-09,5.058986340763506e-09,1.3542057213178339e-07,7.894169502565861e-08,8.999062634076351e-08,1.237326075095568,2.759094740562091,2.7964484508547507,0.06122904277627583,0.04052414822028568,0.056216797751775925,0.01870018391994544,0.025423693821993304,0.023611416690013744,0.006514042389088998
240,21709,21711,1786181342.6256764,1786181342.6356986,3,15.411015809525022,13.93569406728918,0.0011792845500288598,0.0011207162253472555,1.349614e-07,8.122553e-08,8.487769e-08,8.306636979467138e-09,3.1663692962730173e-09,5.076783489876607e-09,1.4326803697946714e-07,8.439189929627302e-08,8.99544734898766e-08,0.8039847776153285,2.377458409776072,2.7635037847000814,0.05797969418718162,0.03751982497968003,0.056437254232119885,0.017705587341672355,0.023562748771626923,0.023712910738136642,0.01571752357657992
241,21909,21912,1786181343.6256945,1786181343.6400123,4,14.013948736387924,13.584851373625385,0.001147991132161089,0.0011294167121388779,1.092959e-07,7.799558e-08,7.656245e-08,8.394438685834808e-09,3.139421664377813e-09,5.0042041408440745e-09,1.176903386858348e-07,8.113500166437782e-08,8.156665414084408e-08,2.134677272873507,0.3232068544756493,2.9785544959520767,0.07132646325035713,0.03869379793967742,0.06135107290058982,0.02178456819386667,0.02431957263103422,0.0257835035994676,0.029599891798366224
242,21929,21931,1786181343.7256842,1786181343.7357125,3,20.768124884497265,16.746625413244985,0.001342755137195253,0.0012026962334878775,1.316827e-07,7.391073e-08,8.050895e-08,7.996868335137233e-09,3.193357482189343e-09,4.836594871796457e-09,1.3967956833513723e-07,7.710408748218935e-08,8.534554487179646e-08,0.6390599972633809,0.7263620908287484,3.976257209545442,0.05725150452845631,0.041416170773164694,0.05667073602890022,0.017494012108249486,0.02601755180487094,0.02383650323785293,0.054008335216941164
243,21969,21977,1786181343.9255183,1786181343.9656842,9,19.358397597117346,14.667049157559019,0.0013428656285544415,0.0011698095448849062,1.3224e-07,6.84939e-08,8.021942e-08,8.186295243092227e-09,2.9650501615572594e-09,4.734407941815141e-09,1.4042629524309224e-07,7.145895016155726e-08,8.495382794181514e-08,1.778048479731578,2.292974752491976,2.479731905619328,0.05829602496011791,0.041493050891540414,0.055729189070765524,0.017814385388236934,0.02613570167125024,0.023469915412544864,0.03151747715631971
244,21989,21989,1786181344.0256808,1786181344.0256808,1,12.022308666686657,12.022308666686657,0.0010328041445491988,0.0010328041445491988,1.079403e-07,6.148388e-08,6.445614e-08,8.671145794364758e-09,2.997379321454177e-09,4.90079779836644e-09,1.1661144579436477e-07,6.448125932145417e-08,6.935693779836643e-08,2.3390348191138113,2.2934103445473824,1.1362187212334232,0.07435930021469897,0.046484500977837476,0.07066052725360399,0.022705121298458548,0.02931022284775781,0.029744696264741875,0.008818036062818436
245,22069,22069,1786181344.4256735,1786181344.4256735,1,11.993832379496165,11.993832379496165,0.0011288127916063615,0.0011288127916063615,1.136237e-07,6.795073e-08,7.465766e-08,8.035874835987604e-09,2.775047330821698e-09,4.526758363675267e-09,1.216595748359876e-07,7.07257773308217e-08,7.918441836367527e-08,2.865820471504426,1.6965223251842427,0.9500737317594333,0.06605213637546739,0.039236717234262794,0.057167286913344224,0.02019209841586853,0.02486260030979627,0.024112133315812894,0.006042868189496185
246,22229,22229,1786181345.2254677,1786181345.2254677,1,12.490310484082318,12.490310484082318,0.0012362592475972545,0.0012362592475972545,1.171555e-07,6.373618e-08,7.684722e-08,8.116390919865578e-09,2.950539065847453e-09,4.753299408501812e-09,1.252718909198656e-07,6.668671906584745e-08,8.160051940850181e-08,3.415097163632274,0.12110648685219857,0.9015666675810539,0.06479020017275187,0.04424477756289134,0.058250847328773094,0.019792551292960314,0.02789103777855908,0.024508926214558035,0.014062783864061037
247,22275,22275,1786181345.4557402,1786181345.4557402,1,11.958917865237133,11.958917865237133,0.001097275493242194,0.001097275493242194,1.180553e-07,6.443162e-08,7.660922e-08,8.41905439482963e-09,2.952919025295591e-09,4.813429819043249e-09,1.2647435439482962e-07,6.738453902529559e-08,8.142264981904324e-08,2.594446316815232,2.279408821101127,0.17818932530586434,0.066567284278209,0.04382190654951536,0.059116594963848614,0.020323026053664157,0.027665945025424573,0.02488672594002325,0.006702087926406376
248,22277,22279,1786181345.465696,1786181345.4756894,3,27.75848015333828,13.103577055696165,0.0017874428639960305,0.001153709884371865,1.180553e-07,6.443162e-08,7.660922e-08,8.355386281252086e-09,2.9410563206077936e-09,4.811407394545412e-09,1.2641068628125208e-07,6.73726763206078e-08,8.142062739454541e-08,2.858507686631128,2.3082097270208095,0.15491023896017259,0.06609715119066704,0.043653534098813694,0.05909322222395468,0.020180532532490986,0.027560312077268084,0.02487685246104494,0.24786089785816157
249,22289,22297,1786181345.525683,1786181345.5656838,9,19.197907339985225,15.677639718037565,0.0015290790237236158,0.0013794121094151527,1.229023e-07,6.858466e-08,8.216481e-08,8.289178157965149e-09,2.937258710773452e-09,4.849515124700331e-09,1.3119147815796515e-07,7.152191871077345e-08,8.701432512470032e-08,3.49196635430179,0.20489037958037454,2.017463600364983,0.0631838137749484,0.04106794579455399,0.05573237506247571,0.01929420409311219,0.02593462807524316,0.02345984753007083,0.11339843941767569
250,22489,22490,1786181346.5256858,1786181346.529904,2,13.914133570684541,13.094000082227591,0.001230247797408473,0.0011899229809924747,1.183781e-07,6.817058e-08,7.975313e-08,8.2286831275651e-09,2.962205811328244e-09,4.844460663077073e-09,1.266067831275651e-07,7.113278581132824e-08,8.459759066307707e-08,2.8808627843486105,1.7098585807695228,1.3622291400616768,0.06499390103497615,0.041643310660624266,0.05726470246623517,0.019846193260684444,0.026297721012229172,0.024097307427717526,0.001996168054749954
251,22809,22813,1786181348.1258042,1786181348.1456814,5,18.235092491471377,14.789721497359036,0.0011933878586447627,0.0010741430499181582,1.421535e-07,7.059546e-08,8.206056e-08,8.713170115054887e-09,3.009230050190527e-09,4.907927768666029e-09,1.5086667011505488e-07,7.360469005019053e-08,8.696848776866604e-08,0.17511876523459463,3.1661426597670426,2.1779047643109193,0.05775410888663635,0.04088367246048049,0.05643340356917689,0.01761258101385741,0.02575065957197044,0.023722683725418647,0.00897159510222356
252,22869,22872,1786181348.4256866,1786181348.4398835,4,20.659944826591204,16.471582452626834,0.0012493918554345007,0.001103979213265529,1.363934e-07,5.501103e-08,7.231642e-08,9.252695243975389e-09,3.016502467830323e-09,5.123391668874535e-09,1.4564609524397538e-07,5.8027532467830324e-08,7.743981166887454e-08,0.3051353640797305,1.7661137520754764,3.6361236463917717,0.06352859944086664,0.051983931235330946,0.06615961405414672,0.019353761971125746,0.03274431241858454,0.02779524610183392,0.0577930853092708
253,23009,23011,1786181349.1256874,1786181349.1357265,3,14.131994055908455,12.85055952004703,0.0011346663341211042,0.001073973465050493,1.34071e-07,7.079978e-08,7.793032e-08,9.560950063513281e-09,3.1606668054797744e-09,4.958915517153217e-09,1.4363195006351329e-07,7.396044680547977e-08,8.288923551715323e-08,1.61417007406333,2.7967180923826973,1.556720145565027,0.06656562178037305,0.04273455530954083,0.059825808335227416,0.020265154879429478,0.026873753967477952,0.025148178870791443,0.008740557313997591
254,23169,23174,1786181349.9257019,1786181349.9497955,6,18.749711580155676,14.556485332372693,0.0015099556732331059,0.0013286657202766818,1.432664e-07,9.744657e-08,1.081829e-07,8.757553126022508e-09,3.4960642316307238e-09,5.509185362595668e-09,1.5202395312602251e-07,1.0094263423163072e-07,1.1369208536259567e-07,1.7588070057199565,0.7552928011308562,3.299020925333907,0.05760638836300605,0.03463416668661572,0.04845706107604798,0.01757338612476652,0.021639263237715596,0.020315703755377605,0.0035926810783148836
255,23229,23232,1786181350.2256954,1786181350.2399104,4,14.559705368442554,13.106676248549082,0.0014856299494306704,0.0014093238575974651,1.410975e-07,1.479011e-07,1.417629e-07,8.766465403527723e-09,4.159819194926295e-09,6.090879158015288e-09,1.4986396540352772e-07,1.5206091919492626e-07,1.478537791580153e-07,1.207413909442299,3.3174489694136247,0.7965510064831485,0.058496151330216385,0.02735625353968415,0.04119524004332609,0.017836989150254105,0.016913442240632903,0.017194769028287673,0.010672573807672923
256,23289,23292,1786181350.5256999,1786181350.539933,4,18.687565672067546,15.403138085039977,0.001494782413026405,0.0013565033646290446,1.459235e-07,1.115353e-07,9.593017e-08,8.728918065883131e-09,4.296175969081394e-09,5.94952288952326e-09,1.5465241806588313e-07,1.158314759690814e-07,1.0187969288952325e-07,2.1991117021130595,1.0901054195111237,3.0626209827473563,0.05644213713835654,0.037089880147878236,0.05839753112734026,0.017217976590239055,0.022687821973759504,0.02435510830289135,0.049882479273154534
257,23349,23351,1786181350.8257627,1786181350.8356934,3,14.686155499218586,13.469673976167089,0.0012136557960496141,0.0011555904191236108,1.210892e-07,8.779035e-08,8.156163e-08,8.603330548057376e-09,3.44781837148499e-09,5.034813983210248e-09,1.2969253054805738e-07,9.1238168371485e-08,8.659644398321024e-08,1.772831251061752,2.706711671029429,1.732211041972754,0.06633636105604777,0.03778921061099515,0.0581411170207099,0.02024074617945751,0.02343768081066268,0.024402703372766187,0.012603384872012745
258,23409,23411,1786181351.12568,1786181351.1357057,3,14.45718421645718,12.682403531447077,0.0013102122468923423,0.0012250537301732056,1.143088e-07,6.96923e-08,8.00075e-08,8.065078522976308e-09,3.2142598048839754e-09,4.896299911477535e-09,1.2237387852297632e-07,7.290655980488397e-08,8.490379991147753e-08,3.3945225489801945,0.7749971356377608,0.7412376462063487,0.0659052292122002,0.044087388115791326,0.0576687959234549,0.020135776587410475,0.027628664120009885,0.02427224946397459,0.005640266865740832
259,23429,23440,1786181351.2256866,1786181351.2800157,12,29.236793189104354,18.059719526762738,0.001616926050898082,0.0012477581378960646,1.167717e-07,7.181678e-08,6.947767e-08,8.129085477934746e-09,3.0700250438160102e-09,4.726386978575183e-09,1.2490078547793474e-07,7.488680504381602e-08,7.420405697857519e-08,2.0686308597915155,0.3539941494438953,3.6938186338584442,0.06508418526558445,0.04099546958607199,0.06369442409278676,0.019887305019251546,0.025762211748771455,0.026805620533031045,0.26247972892409305
260,23449,23454,1786181351.3258,1786181351.3498387,6,42.27129060608246,24.502407429962954,0.001870298624748479,0.0014219112060786208,1.198039e-07,7.555723e-08,7.856744e-08,8.214704041132144e-09,3.0887247029202622e-09,4.663642145865241e-09,1.2801860404113215e-07,7.864595470292026e-08,8.323108214586523e-08,0.08566967348870422,1.691167492763705,4.64455875198301,0.06416759036056471,0.039273377975044245,0.0560324578751992,0.01960362177323377,0.024691308317574524,0.02360616718452231,0.2566712338234966
261,23469,23482,1786181351.4257026,1786181351.4899504,14,64.53024266627735,29.143994108677752,0.002291438846082941,0.0015419094130064129,1.155843e-07,7.319605e-08,7.311516e-08,8.211845022210208e-09,3.1277329804940613e-09,4.757969622441757e-09,1.237961450222102e-07,7.632378298049406e-08,7.787312962244175e-08,1.5898835270400404,1.9930922480863074,4.759322989650889,0.0663336076242716,0.04097979382527253,0.061098990122785794,0.02026238819414901,0.025776584198400822,0.025729352991228673,0.03393745407033928
262,23489,23495,1786181351.5257013,1786181351.555689,7,27.187840337183136,18.74003798105888,0.0014494091582823345,0.0012005359811412524,1.15417e-07,6.805698e-08,7.069979e-08,8.18561179903574e-09,3.088968703251967e-09,4.669614973635445e-09,1.2360261179903574e-07,7.114594870325197e-08,7.536940497363544e-08,1.0380152742324527,2.304826125994391,3.514289643142318,0.06622523103772544,0.043417350520547626,0.06195637304653016,0.020232249136577608,0.027318920989401953,0.026100047966276737,0.020852239346996364
263,23589,23595,1786181352.0256984,1786181352.0556896,7,25.54931791515164,17.807113193653635,0.0016633499500983823,0.0013877946204214051,1.257571e-07,6.730026e-08,7.898399e-08,8.130330277080579e-09,2.945773037353488e-09,4.549330698565099e-09,1.3388743027708058e-07,7.02460330373535e-08,8.35333206985651e-08,3.144019864804438,2.108068534335399,1.8650000676887617,0.060725119936804024,0.04193508008016597,0.054461269583178665,0.01855950801380706,0.0264892405749971,0.022963631528455812,0.008469901729093737
264,23609,23609,1786181352.1256943,1786181352.1256943,1,11.537529073732351,11.537529073732351,0.0010027517920789674,0.0010027517920789674,1.054081e-07,6.072189e-08,6.668521e-08,8.483905890559065e-09,2.9728058448463282e-09,4.842024434579766e-09,1.1389200589055908e-07,6.369469584484633e-08,7.152723443457976e-08,2.0644756534986297,0.19540976162815657,2.6902240555858947,0.07449079337662773,0.04667273773675674,0.06769483636326191,0.02275131507735155,0.029477086903139337,0.028519092799393093,0.0018555970191111882
265,23689,23690,1786181352.5257754,1786181352.5299492,2,13.429808130619099,12.903426640963268,0.0011623932268917008,0.001138296154898892,1.170413e-07,7.063841e-08,7.557596e-08,8.254892792282798e-09,3.10686208724698e-09,4.8736844644383464e-09,1.252961927922828e-07,7.374527208724698e-08,8.044964446443834e-08,2.5833818736173813,2.479994331903248,0.271355329631111,0.06588287175687794,0.042129613493325,0.06058041445521657,0.020127884840949836,0.026524742128342205,0.025495990016414928,0.0061983860495982285
266,24049,24057,1786181354.3257258,1786181354.3657277,9,28.04305707715588,18.554001355976315,0.0017611409923802622,0.0014352277347711223,1.378421e-07,7.108718e-08,7.918966e-08,8.572641600941588e-09,3.0033974947565863e-09,4.740208486974195e-09,1.4641474160094157e-07,7.409057749475659e-08,8.392986848697419e-08,3.0669573721154935,2.9503147470997906,0.66589306490444,0.05855039941099576,0.040536834724901195,0.05647820700442162,0.01786922894255878,0.025584261317089567,0.023788702570709246,0.004110240104627756
267,24069,24069,1786181354.4256854,1786181354.4256854,1,12.62816064683355,12.62816064683355,0.0012245813324068613,0.0012245813324068613,1.322747e-07,7.663311e-08,7.767832e-08,8.880916492491766e-09,3.0516424705695292e-09,4.874709223397367e-09,1.4115561649249178e-07,7.968475247056953e-08,8.255302922339737e-08,2.8063687117621514,1.2429944882783195,1.7909318821515494,0.06291578551236096,0.03829644158615893,0.059049428796429604,0.01919293784928493,0.024147987134706082,0.02485869158521024,0.008124951894205867
268,24729,24732,1786181357.7256966,1786181357.740072,4,16.261531433926123,14.022483095062773,0.001269886285268078,0.001180704985765849,1.546746e-07,7.450625e-08,8.889219e-08,9.217222961967738e-09,2.9790676810371068e-09,5.043930717454765e-09,1.6389182296196776e-07,7.74853176810371e-08,9.393612071745476e-08,1.394694743056826,1.8881382161688247,2.915757520391126,0.05623967536579709,0.03844685306594098,0.05369532685351096,0.017133432468055914,0.024231001337669457,0.022563369264688132,0.006126340620426811
269,24929,24931,1786181358.7256997,1786181358.7357159,3,16.183518986985394,14.48053052179572,0.0015460397623825138,0.0014593768362853746,1.449594e-07,7.19776e-08,9.375066e-08,9.460889128554578e-09,3.0018249382986127e-09,4.892939751917272e-09,1.5442028912855458e-07,7.497942493829862e-08,9.864359975191727e-08,3.6226817392671844,1.148055483898892,0.3100256841225722,0.061267137770185554,0.0400353155572518,0.04960220190573853,0.018648727573925685,0.02521460514124559,0.020864873629829455,0.004633526773283665
270,25029,25029,1786181359.2257674,1786181359.2257674,1,12.073756397874108,12.073756397874108,0.0009381425623505072,0.0009381425623505072,1.626262e-07,6.676658e-08,8.409135e-08,9.49819134693092e-09,3.010255708366439e-09,5.2583043928699125e-09,1.7212439134693093e-07,6.977683570836644e-08,8.93496543928699e-08,0.5950136174487956,3.412879314259646,0.26825225748376175,0.05518213468635981,0.0431411897286473,0.058850864375737465,0.016797718892441017,0.027165277673932304,0.024707952653963913,0.0043708507881983095
271,25069,25072,1786181359.4257016,1786181359.4401271,4,16.2179673235961,13.851830044884181,0.0010832166952418321,0.0010046318241898322,1.606702e-07,6.478906e-08,8.948824e-08,9.322135658182633e-09,3.0210224873447644e-09,5.202739588080996e-09,1.6999233565818264e-07,6.781008248734478e-08,9.469097958808099e-08,0.6270467578914994,3.5202181143756857,1.0137476221009663,0.05483855932617683,0.044551221368503195,0.054944370273000295,0.01669605516161886,0.02808402935842736,0.023069086652225235,0.008204041197897262
272,25169,25169,1786181359.9257092,1786181359.9257092,1,11.539190027743835,11.539190027743835,0.0011117547513367235,0.0011117547513367235,1.438525e-07,7.636664e-08,7.519199e-08,8.85815059296156e-09,3.082940839225243e-09,5.004908338077664e-09,1.5271065059296155e-07,7.944958083922525e-08,8.019689833807768e-08,2.0732785164931107,1.2165440842407023,2.400146723801545,0.058006108662245745,0.03880373950256868,0.06240775442801291,0.01768820865067551,0.024469613221315734,0.02623481708898937,0.0013141119358681633
273,25209,25210,1786181360.1257014,1786181360.1301603,2,12.385459673657287,11.865857513249683,0.0012573367673658323,0.0012303097316758802,1.659537e-07,7.421316e-08,9.189831e-08,8.861010899115368e-09,2.976967039122437e-09,4.7383911730640774e-09,1.7481471089911536e-07,7.719012703912244e-08,9.663670117306409e-08,2.446117411403635,2.270381292983512,0.8497250926407671,0.050688008179322036,0.03856668108905363,0.049033029040569526,0.015454925795808837,0.02429412299830022,0.02064703901940486,0.0025149324177752693
