subset,bias_version,lag_s,lag_ms,sample_count,RMSE_x,RMSE_y,RMSE_z,combined_RMSE,yz_only_RMSE
all_valid_dynamic,estimated_bias,-0.03,-30.0,5090,0.08095173615294196,0.06117835338212971,0.1445828686266113,0.1766357280083061,0.15699362032531367
all_valid_dynamic,estimated_bias,-0.02975,-29.75,5090,0.08088830199251017,0.061173689832113784,0.1440205988118726,0.17614502720496428,0.15647412952244238
all_valid_dynamic,estimated_bias,-0.0295,-29.5,5090,0.08087867758558853,0.06117393302027725,0.14346209599653928,0.17568432928660208,0.15596032530387224
all_valid_dynamic,estimated_bias,-0.029249999999999998,-29.25,5090,0.08092288213145854,0.0611790828881075,0.14290740434661764,0.17525387086332628,0.15545226405593943
all_valid_dynamic,estimated_bias,-0.028999999999999998,-28.999999999999996,5090,0.08102082752377492,0.06118913819671991,0.14235656841261182,0.1748538752676337,0.1549500022699965
all_valid_dynamic,estimated_bias,-0.028749999999999998,-28.749999999999996,5090,0.0811723192259405,0.061204096528348906,0.1418096331252531,0.17448455200242888,0.15445359652326104
all_valid_dynamic,estimated_bias,-0.028499999999999998,-28.499999999999996,5090,0.08137705819275295,0.06122395428925281,0.1412666437903263,0.17414609621436297,0.15396310345857367
all_valid_dynamic,estimated_bias,-0.028249999999999997,-28.249999999999996,5090,0.08163432177193064,0.06124873138614788,0.1407278476207386,0.1738387088180921,0.15347877440342791
all_valid_dynamic,estimated_bias,-0.027999999999999997,-27.999999999999996,5090,0.0819152578664935,0.06127416660770488,0.14019293132139443,0.17354737381270896,0.1529986323009262
all_valid_dynamic,estimated_bias,-0.027749999999999997,-27.749999999999996,5090,0.08200897384895839,0.06128074817359893,0.13965883293444217,0.17316290452947938,0.15251203137236896
all_valid_dynamic,estimated_bias,-0.0275,-27.5,5090,0.08191462229311419,0.06127130178421559,0.13912706605232714,0.17268618438104585,0.15202142260438495
all_valid_dynamic,estimated_bias,-0.02725,-27.25,5090,0.08181670509820577,0.061261395025237524,0.13859763734950262,0.17220986276177444,0.15153304457874003
all_valid_dynamic,estimated_bias,-0.027,-27.0,5090,0.08143253832289116,0.0612342941023256,0.13804895686225396,0.17157625582427108,0.15102037367509907
all_valid_dynamic,estimated_bias,-0.02675,-26.75,5090,0.08079442079778475,0.06118532106656767,0.13748504657202218,0.17080257602559618,0.15048515390207123
all_valid_dynamic,estimated_bias,-0.0265,-26.5,5090,0.08020127550062524,0.06114072524334835,0.13692468568357488,0.17005529225741717,0.14995518608180372
all_valid_dynamic,estimated_bias,-0.02625,-26.25,5090,0.07965970847034702,0.06110114968513104,0.13636836955552178,0.1693379811550166,0.14943119723831458
all_valid_dynamic,estimated_bias,-0.026,-26.0,5090,0.07917077170177395,0.061066602185786634,0.13581604868715738,0.168650941519352,0.148913159201964
all_valid_dynamic,estimated_bias,-0.02575,-25.75,5090,0.0787354409989487,0.06103709034604259,0.1352677283359175,0.16799450704225266,0.14840109408987032
all_valid_dynamic,estimated_bias,-0.0255,-25.5,5090,0.07835461885814175,0.06101262438478299,0.1347236068852552,0.16736916347671701,0.1478952013639772
all_valid_dynamic,estimated_bias,-0.025249999999999998,-25.249999999999996,5090,0.07802910337289842,0.060993210374110776,0.13418373541546733,0.16677526056033362,0.14739554457916532
all_valid_dynamic,estimated_bias,-0.024999999999999998,-24.999999999999996,5090,0.07775958911681986,0.06097885313923553,0.133648165429899,0.16621313531899568,0.14690218736613192
all_valid_dynamic,estimated_bias,-0.024749999999999998,-24.749999999999996,5090,0.07754665999072774,0.06096955625249598,0.1331169488470698,0.16568311119633533,0.14641519340553316
all_valid_dynamic,estimated_bias,-0.0245,-24.5,5090,0.07739078305253778,0.06096532202892277,0.13259013799220218,0.16518549719744288,0.1459346264012809
all_valid_dynamic,estimated_bias,-0.02425,-24.25,5090,0.07729230347787648,0.06096615152335124,0.13206778558783866,0.16472058705140546,0.14546055005273256
all_valid_dynamic,estimated_bias,-0.024,-24.0,5090,0.07725144077629151,0.06097204452911378,0.13154994474427315,0.16428865839824228,0.14499302802645883
all_valid_dynamic,estimated_bias,-0.02375,-23.75,5090,0.07726828635846662,0.060982999578294506,0.13103666894889093,0.16388997200427338,0.14453212392678494
all_valid_dynamic,estimated_bias,-0.0235,-23.5,5090,0.07734280251710773,0.06099901394355818,0.13052801205514436,0.16352477101147292,0.1440779012657886
all_valid_dynamic,estimated_bias,-0.02325,-23.25,5090,0.07747455084371577,0.06102006410224573,0.13002435786967154,0.1631934063952894,0.14363071350676562
all_valid_dynamic,estimated_bias,-0.023,-23.0,5090,0.07765055249352637,0.06104131908016774,0.12952548138655415,0.16288800221629401,0.1431883129430105
all_valid_dynamic,estimated_bias,-0.02275,-22.75,5090,0.07762924284963275,0.06103106795210512,0.12902710861759203,0.16247795345522303,0.14273326876937398
all_valid_dynamic,estimated_bias,-0.0225,-22.5,5090,0.0774026486465817,0.0609901097220201,0.12853308965522928,0.16196209012521878,0.14226928206827819
all_valid_dynamic,estimated_bias,-0.02225,-22.25,5090,0.07719014134155901,0.060947661122261965,0.12804331098656135,0.16145595314204184,0.14180869819822528
all_valid_dynamic,estimated_bias,-0.022,-22.0,5090,0.0767787469467245,0.060881314140396624,0.12753642708161222,0.16083236809459148,0.1413225907072362
all_valid_dynamic,estimated_bias,-0.02175,-21.75,5090,0.07619871141553552,0.06079275387772901,0.12701581185219274,0.16010939699436094,0.14081468454855764
all_valid_dynamic,estimated_bias,-0.0215,-21.5,5090,0.0756606119151182,0.060708435887108995,0.1264995324193809,0.15941196343295988,0.14031267188027322
all_valid_dynamic,estimated_bias,-0.021249999999999998,-21.249999999999996,5090,0.07517738884524379,0.06062899781821159,0.12598800302514046,0.15874662855094768,0.1398172102521845
all_valid_dynamic,estimated_bias,-0.020999999999999998,-20.999999999999996,5090,0.07475010464164211,0.06055445835121247,0.12548118984207157,0.15811372354835992,0.13932828654078377
all_valid_dynamic,estimated_bias,-0.020749999999999998,-20.749999999999996,5090,0.07437972096217775,0.06048483539561837,0.12497911852795433,0.1575136129712948,0.13884594117531646
all_valid_dynamic,estimated_bias,-0.020499999999999997,-20.499999999999996,5090,0.0740670932939788,0.06042014668086929,0.12448197709616209,0.15694677778064178,0.13837036079560963
all_valid_dynamic,estimated_bias,-0.020249999999999997,-20.249999999999996,5090,0.07381295550080842,0.06036040807116581,0.1239898248463596,0.15641357974201903,0.13790161539281764
all_valid_dynamic,estimated_bias,-0.019999999999999997,-19.999999999999996,5090,0.07361791332714683,0.060305634277188304,0.12350272142343853,0.15591436395410374,0.13743977490002454
all_valid_dynamic,estimated_bias,-0.019749999999999997,-19.749999999999996,5090,0.07348243734157904,0.06025583883830228,0.12302072680030827,0.1554494578126365,0.13698490915638686
all_valid_dynamic,estimated_bias,-0.019499999999999997,-19.499999999999996,5090,0.07340685734186833,0.060211034106029536,0.12254390125934388,0.15501917000418602,0.13653708786984323
all_valid_dynamic,estimated_bias,-0.019249999999999996,-19.249999999999996,5090,0.0733913583747817,0.06017123122892273,0.12207230537333058,0.15462378953725003,0.13609638057922102
all_valid_dynamic,estimated_bias,-0.019,-19.0,5090,0.07343597848137369,0.06013644013880698,0.1216059999850708,0.15426358481655392,0.13566285661498267
all_valid_dynamic,estimated_bias,-0.01875,-18.75,5090,0.07354060823160202,0.06010666953848573,0.12114504618630428,0.15393880276773775,0.13523658505926012
all_valid_dynamic,estimated_bias,-0.0185,-18.5,5090,0.07370499206136258,0.06008192689092235,0.120689505295657,0.15364966801852187,0.13481763470494681
all_valid_dynamic,estimated_bias,-0.01825,-18.25,5090,0.07392836137793177,0.060062163971723016,0.12023953176889823,0.1533962553551945,0.13440613282499403
all_valid_dynamic,estimated_bias,-0.018,-18.0,5090,0.07417925534823223,0.06004365504664706,0.11979527108273755,0.1531623629001771,0.13400055031658378
all_valid_dynamic,estimated_bias,-0.01775,-17.75,5090,0.07420813386817844,0.06000598993513673,0.11935011203573102,0.1528136617035099,0.13358580789528976
all_valid_dynamic,estimated_bias,-0.017499999999999998,-17.499999999999996,5090,0.07395899403838273,0.059948665047949795,0.11890766619775264,0.15232468060297052,0.13316484341457188
all_valid_dynamic,estimated_bias,-0.017249999999999998,-17.249999999999996,5090,0.0737099879825469,0.05989073065216919,0.11846961708986228,0.15183909944364307,0.13274769222652918
all_valid_dynamic,estimated_bias,-0.016999999999999998,-16.999999999999996,5090,0.07318522350229423,0.05982152427022276,0.1180173696154455,0.15120446830713136,0.13231294077663577
all_valid_dynamic,estimated_bias,-0.01675,-16.75,5090,0.07234591502316746,0.05973316154085578,0.11755072744194418,0.1503999851407426,0.13185683186621852
all_valid_dynamic,estimated_bias,-0.0165,-16.5,5090,0.07155621128591527,0.05964925644687151,0.11708931111654917,0.14962697599700148,0.1314075362085931
all_valid_dynamic,estimated_bias,-0.01625,-16.25,5090,0.07082249645215123,0.059570362701604575,0.11663357350208772,0.1488886986442645,0.13096571528559545
all_valid_dynamic,estimated_bias,-0.016,-16.0,5090,0.07014651535770167,0.05949648627671721,0.11618335126596509,0.14818548042063545,0.1305312337743969
all_valid_dynamic,estimated_bias,-0.01575,-15.75,5090,0.06952985564943386,0.05942753701998421,0.11573691319136574,0.14751632471682063,0.1301025181590555
all_valid_dynamic,estimated_bias,-0.015499999999999998,-15.499999999999998,5090,0.06897421519228664,0.059363655082051346,0.11529634426578132,0.1468833990182219,0.12968149654347114
all_valid_dynamic,estimated_bias,-0.015249999999999998,-15.249999999999998,5090,0.06848107929276467,0.05930485683813976,0.11486171202512446,0.14628717358345802,0.1292682441047872
all_valid_dynamic,estimated_bias,-0.015,-15.0,5090,0.06805180677813692,0.05925115742276113,0.1144330841144469,0.14572809887475288,0.12886283558839173
all_valid_dynamic,estimated_bias,-0.01475,-14.75,5090,0.06768761271745857,0.059202570710519896,0.11401052825442175,0.1452066040060682,0.12846534525538952
all_valid_dynamic,estimated_bias,-0.014499999999999999,-14.499999999999998,5090,0.06738955223147973,0.059159109298432364,0.1135941122068486,0.14472309522327587,0.12807584682931455
all_valid_dynamic,estimated_bias,-0.014249999999999999,-14.249999999999998,5090,0.06715850586102501,0.05912078448977646,0.11318390373893343,0.14427795442740413,0.12769441344189947
all_valid_dynamic,estimated_bias,-0.013999999999999999,-13.999999999999998,5090,0.06699516694481239,0.059087606279505475,0.11277997058612851,0.1438715377523057,0.1273211175777603
all_valid_dynamic,estimated_bias,-0.013749999999999998,-13.749999999999998,5090,0.06690003141550459,0.05905958334131754,0.11238238041411874,0.14350417420893802,0.1269560310185922
all_valid_dynamic,estimated_bias,-0.013499999999999998,-13.499999999999998,5090,0.06687339035655844,0.059036723016363195,0.11199120077926385,0.14317616440690412,0.12659922478630034
all_valid_dynamic,estimated_bias,-0.013249999999999998,-13.249999999999998,5090,0.06691432609061851,0.05901905313531826,0.11160650965238779,0.14288732857023995,0.12625078863032133
all_valid_dynamic,estimated_bias,-0.012999999999999998,-12.999999999999998,5090,0.06698904196845275,0.05900287081390415,0.11122648355511185,0.14261907709759222,0.12590738424857312
all_valid_dynamic,estimated_bias,-0.012749999999999997,-12.749999999999998,5090,0.06689696040317138,0.0589690601551716,0.11085041114467947,0.14226864383170387,0.12555940309880703
all_valid_dynamic,estimated_bias,-0.012499999999999997,-12.499999999999996,5090,0.06660666742096041,0.05891447073223491,0.11048578355115529,0.14182549620395657,0.1252119132853263
all_valid_dynamic,estimated_bias,-0.012249999999999997,-12.249999999999996,5090,0.06630008783554621,0.05885899719729197,0.11012849706624883,0.14138022868896044,0.12487060269391516
all_valid_dynamic,estimated_bias,-0.011999999999999997,-11.999999999999996,5090,0.0658065621016438,0.05878697656369333,0.1097618423206172,0.14083349835445325,0.12451333520196248
all_valid_dynamic,estimated_bias,-0.01175,-11.75,5090,0.06512005575096963,0.05869548373892965,0.10938757019330417,0.14018352965006753,0.1241402445790324
all_valid_dynamic,estimated_bias,-0.0115,-11.5,5090,0.06449222542836976,0.05860832049717256,0.1090198365400995,0.13956900490951757,0.1237750378336815
all_valid_dynamic,estimated_bias,-0.01125,-11.25,5090,0.06392844042302613,0.05852618316179464,0.10865887092115654,0.13899248123646424,0.12341824964464726
all_valid_dynamic,estimated_bias,-0.011,-11.0,5090,0.06343041122193252,0.05844909329338712,0.10830472729238723,0.1384544240119503,0.12306994133701958
all_valid_dynamic,estimated_bias,-0.01075,-10.75,5090,0.06299971792627625,0.05837707391594506,0.10795736501014945,0.13795520967949246,0.12273009174168475
all_valid_dynamic,estimated_bias,-0.010499999999999999,-10.499999999999998,5090,0.0626377232361378,0.05831014041920653,0.10761697876259974,0.13749534888826015,0.12239888313909318
all_valid_dynamic,estimated_bias,-0.010249999999999999,-10.249999999999998,5090,0.062345623808237806,0.05824831033583271,0.10728363494984669,0.13707523770933158,0.12207638586160488
all_valid_dynamic,estimated_bias,-0.009999999999999998,-9.999999999999998,5090,0.062124405560790665,0.058191599933349505,0.10695739941732409,0.13669524263558555,0.12176266912695373
all_valid_dynamic,estimated_bias,-0.009749999999999998,-9.749999999999998,5090,0.06197482752647329,0.05814002419313107,0.10663833740349297,0.1363556990532306,0.1214578009736677
all_valid_dynamic,estimated_bias,-0.009499999999999998,-9.499999999999998,5090,0.061897409073432594,0.05809359679090885,0.10632651348676943,0.13605690981482968,0.12116184819635616
all_valid_dynamic,estimated_bias,-0.009249999999999998,-9.249999999999998,5090,0.06189242098580242,0.05805233007884263,0.10602199153158011,0.1357991439273058,0.12087487628082734
all_valid_dynamic,estimated_bias,-0.008999999999999998,-8.999999999999998,5090,0.06195988075663101,0.058016235069271546,0.10572483463405935,0.13558263536820667,0.12059694933957556
all_valid_dynamic,estimated_bias,-0.008749999999999997,-8.749999999999998,5090,0.06209955228244421,0.05798532142012055,0.1054351050669502,0.1354075820416033,0.12032813004727326
all_valid_dynamic,estimated_bias,-0.008499999999999997,-8.499999999999996,5090,0.062310949971877964,0.057959597422065474,0.10515286422422403,0.13527414488468914,0.1200684795768065
all_valid_dynamic,estimated_bias,-0.008249999999999997,-8.249999999999996,5090,0.06259186971019841,0.057939058402574566,0.10487815131027368,0.13518174160979016,0.11981803332903444
all_valid_dynamic,estimated_bias,-0.008,-8.0,5090,0.06288825999072752,0.05792007549616912,0.10460933010005946,0.1351028509474411,0.11957360532101195
all_valid_dynamic,estimated_bias,-0.00775,-7.75,5090,0.06295409747015769,0.05788615304232682,0.10434220894711942,0.13491227397937572,0.11932352359029641
all_valid_dynamic,estimated_bias,-0.0075,-7.5,5090,0.06278172474393721,0.05783709133263235,0.10407884387513912,0.1346071314530859,0.11906945400145597
all_valid_dynamic,estimated_bias,-0.0072499999999999995,-7.249999999999999,5090,0.06259034905344528,0.05778591008843644,0.10382182844361666,0.13429719007021976,0.11881996240583732
all_valid_dynamic,estimated_bias,-0.006999999999999999,-6.999999999999999,5090,0.06211132468492684,0.05771469178812982,0.10355192558219972,0.13383498643514966,0.11854951260962769
all_valid_dynamic,estimated_bias,-0.006749999999999999,-6.749999999999999,5090,0.0613119389451184,0.05762543759492088,0.10327241592656472,0.13321049810929106,0.11826192518860629
all_valid_dynamic,estimated_bias,-0.006499999999999999,-6.499999999999999,5090,0.06057095393633653,0.057540482127306024,0.10300030184457792,0.13262280996975903,0.1179829193719032
all_valid_dynamic,estimated_bias,-0.006249999999999999,-6.249999999999998,5090,0.05989689264188056,0.05746068900758748,0.10273601960859646,0.13207595638267233,0.11771329791593049
all_valid_dynamic,estimated_bias,-0.005999999999999998,-5.999999999999998,5090,0.05929204871115536,0.05738607915199385,0.10247958999965719,0.13157042025965707,0.11745309041032832
all_valid_dynamic,estimated_bias,-0.005749999999999998,-5.749999999999998,5090,0.058758560959701715,0.057316672618497266,0.10223106534790331,0.13110667476630725,0.1172023535694709
all_valid_dynamic,estimated_bias,-0.005499999999999998,-5.499999999999998,5090,0.05829837273446915,0.05725248914009062,0.10199055770917125,0.13068520053185462,0.11696119602057756
all_valid_dynamic,estimated_bias,-0.005249999999999998,-5.249999999999997,5090,0.05791323141276332,0.05719354630096182,0.10175812392868112,0.1303064077343603,0.11672967713467332
all_valid_dynamic,estimated_bias,-0.0049999999999999975,-4.999999999999997,5090,0.057604642292038016,0.057139860319111,0.10153381945506221,0.12997066955284303,0.11650785437222964
all_valid_dynamic,estimated_bias,-0.004749999999999997,-4.749999999999997,5090,0.057373840609349525,0.057091446024413614,0.10131769828010216,0.1296783203939788,0.11629578321648798
all_valid_dynamic,estimated_bias,-0.004499999999999997,-4.499999999999997,5090,0.05722176762985939,0.057048316838385356,0.10110981287893853,0.12942965427286127,0.11609351710800553
all_valid_dynamic,estimated_bias,-0.004249999999999997,-4.2499999999999964,5090,0.05714905184560147,0.05701048475579553,0.10091021415122593,0.12922492336615374,0.11590110738097831
all_valid_dynamic,estimated_bias,-0.003999999999999997,-3.9999999999999964,5090,0.05715599614006148,0.05697796032811517,0.10071895136304963,0.12906433675337006,0.11571860320114735
all_valid_dynamic,estimated_bias,-0.00375,-3.75,5090,0.05724257152173445,0.0569507526489076,0.10053607209002226,0.128948059361078,0.11554605150574038
all_valid_dynamic,estimated_bias,-0.0034999999999999996,-3.4999999999999996,5090,0.057408417726188994,0.0569288693411831,0.10036162216158076,0.12887621112212275,0.11538349694548763
all_valid_dynamic,estimated_bias,-0.0032499999999999994,-3.2499999999999996,5090,0.0576528421853728,0.0569123162966761,0.10019565126605845,0.1288488668593326,0.11523098662635202
all_valid_dynamic,estimated_bias,-0.002999999999999999,-2.999999999999999,5090,0.05797447831341107,0.05690106626066598,0.10003818307162687,0.12886585874305587,0.11508852859374409
all_valid_dynamic,estimated_bias,-0.002749999999999999,-2.749999999999999,5090,0.05805552333713828,0.05689081895406247,0.09989391157313604,0.1287858790418983,0.1149580743168806
all_valid_dynamic,estimated_bias,-0.0024999999999999988,-2.4999999999999987,5090,0.057906758418871565,0.05687519550917663,0.09976033881771339,0.1286083424036466,0.11483428523412359
all_valid_dynamic,estimated_bias,-0.0022499999999999985,-2.2499999999999987,5090,0.0578060404922564,0.05686316888949777,0.09963421850130845,0.1284598606176825,0.11471877558848867
all_valid_dynamic,estimated_bias,-0.0019999999999999983,-1.9999999999999982,5090,0.05748395151576958,0.056842402351764174,0.09950812430245352,0.12820815180471068,0.1145989769034279
all_valid_dynamic,estimated_bias,-0.001749999999999998,-1.749999999999998,5090,0.05693377529186142,0.05681442506307199,0.09938314003020154,0.12785281454271644,0.1144765802140773
all_valid_dynamic,estimated_bias,-0.0014999999999999979,-1.4999999999999978,5090,0.056455710384649846,0.05679161543352637,0.09926678023257975,0.12753990934734236,0.11436424809044504
all_valid_dynamic,estimated_bias,-0.0012499999999999976,-1.2499999999999976,5090,0.05605228091907417,0.05677401963262636,0.09915911149539972,0.1272700942642605,0.11426206149813223
all_valid_dynamic,estimated_bias,-0.0009999999999999974,-0.9999999999999974,5090,0.05572510344912843,0.056761643048593866,0.09906017794114225,0.12704365442525178,0.1141700616418627
all_valid_dynamic,estimated_bias,-0.0007499999999999972,-0.7499999999999972,5090,0.05547552712313742,0.05675448909592927,0.09897000576570274,0.12686082209805022,0.11408827316513821
all_valid_dynamic,estimated_bias,-0.000499999999999997,-0.499999999999997,5090,0.0553046025368193,0.05675255974965219,0.098888618936441,0.12672178603164502,0.11401671804298905
all_valid_dynamic,estimated_bias,-0.00024999999999999675,-0.24999999999999675,5090,0.055213060148037126,0.05675585554257457,0.09881603916070034,0.1266266904909445,0.11395541555265673
all_valid_dynamic,estimated_bias,0.0,0.0,5090,0.05520129488568823,0.05676437556456704,0.09875228585720035,0.12657563451278506,0.11390438224781979
all_valid_dynamic,estimated_bias,0.0002500000000000002,0.2500000000000002,5090,0.05526935769658041,0.05677811746381414,0.09869737613024583,0.12656867139194614,0.11386363193632061
all_valid_dynamic,estimated_bias,0.0005000000000000004,0.5000000000000004,5090,0.05541695444825075,0.05679707745006015,0.09865132474694668,0.12660580840354507,0.11383317566156043
all_valid_dynamic,estimated_bias,0.0007500000000000007,0.7500000000000007,5090,0.05564345224225106,0.05682125029982461,0.09861414411746539,0.1266870067650636,0.1138130216875714
all_valid_dynamic,estimated_bias,0.0010000000000000009,1.0000000000000009,5090,0.05594789282487716,0.05685062936359279,0.09858584427833711,0.1268121818385484,0.11380317548780933
all_valid_dynamic,estimated_bias,0.0012500000000000011,1.250000000000001,5090,0.05632901244155127,0.05688520657492178,0.09856643287897275,0.126981203570438,0.1138036397377367
all_valid_dynamic,estimated_bias,0.0015000000000000013,1.5000000000000013,5090,0.056785267197811906,0.05692497246148059,0.09855591517132464,0.12719389716383633,0.1138144143111833
all_valid_dynamic,estimated_bias,0.0017500000000000016,1.7500000000000016,5090,0.057314855764884196,0.05696991566811728,0.09855427667766717,0.12745002720297885,0.11383548103596948
all_valid_dynamic,estimated_bias,0.0020000000000000018,2.0000000000000018,5090,0.05791492215296664,0.057019959164132404,0.09856148698066776,0.1277488969302822,0.11386677504399464
all_valid_dynamic,estimated_bias,0.002250000000000002,2.2500000000000018,5090,0.058295772146994815,0.05706250867148468,0.09857013200425271,0.12794763721707936,0.11389556979627881
all_valid_dynamic,estimated_bias,0.0025000000000000022,2.500000000000002,5090,0.05846127618845775,0.057096266899437656,0.09857930182802913,0.12804523910062648,0.1139204215351816
all_valid_dynamic,estimated_bias,0.0027500000000000024,2.7500000000000027,5090,0.05867227061773948,0.05713388726720918,0.09859604123120837,0.12817135311827516,0.11395376439911202
all_valid_dynamic,estimated_bias,0.0030000000000000027,3.0000000000000027,5090,0.058612397912898434,0.05715991950123508,0.09861171652356379,0.12816762548401728,0.11398038003582626
all_valid_dynamic,estimated_bias,0.003250000000000003,3.2500000000000027,5090,0.05828955587932186,0.05717107991167207,0.09862279259099208,0.12803382334883714,0.11399555954822377
all_valid_dynamic,estimated_bias,0.003500000000000003,3.500000000000003,5090,0.05803795210041146,0.057187424433210315,0.09864280629563509,0.12794220816912594,0.11402107150514902
all_valid_dynamic,estimated_bias,0.0037500000000000033,3.7500000000000036,5090,0.057858741828534586,0.057208947758663954,0.0986717771100812,0.1278929916285332,0.11405693009070098
all_valid_dynamic,estimated_bias,0.0040000000000000036,4.0000000000000036,5090,0.057752608291937416,0.05723564517284677,0.09870968298087755,0.12788621644672793,0.11410311385995298
all_valid_dynamic,estimated_bias,0.004250000000000004,4.2500000000000036,5090,0.05771995460526555,0.0572675094394653,0.09875651361935084,0.1279218893672314,0.11415961028160648
all_valid_dynamic,estimated_bias,0.004500000000000004,4.5000000000000036,5090,0.05776090538864455,0.057304531939414476,0.09881225633620945,0.1279999748998572,0.11422640405373939
all_valid_dynamic,estimated_bias,0.004750000000000004,4.750000000000004,5090,0.057875304401523116,0.05734670268237437,0.09887689605867109,0.12812039549699683,0.1143034771244424
all_valid_dynamic,estimated_bias,0.0050000000000000044,5.000000000000004,5090,0.058062717507808385,0.05739401032019435,0.0989504153507266,0.12828303193761614,0.11439080871606722
all_valid_dynamic,estimated_bias,0.005250000000000005,5.250000000000004,5090,0.05832244084215001,0.057446442162049555,0.0990327944365212,0.12848772391466062,0.11448837535306351
all_valid_dynamic,estimated_bias,0.005500000000000005,5.500000000000005,5090,0.05865351382269679,0.05750398419126664,0.09912401122669796,0.1287342708189598,0.1145961508932128
all_valid_dynamic,estimated_bias,0.005750000000000005,5.750000000000005,5090,0.05905473645936771,0.05756662108384042,0.09922404134772984,0.12902243271102848,0.11471410656229895
all_valid_dynamic,estimated_bias,0.006000000000000005,6.000000000000005,5090,0.05952469025025815,0.05763433622850203,0.09933285817402315,0.12935193146957563,0.11484221099195456
all_valid_dynamic,estimated_bias,0.006249999999999999,6.249999999999998,5090,0.06006176185446963,0.05770711174836664,0.09945043286283502,0.12972245210450944,0.11498043026073489
all_valid_dynamic,estimated_bias,0.006499999999999999,6.499999999999999,5090,0.06066416867732709,0.057784928524021575,0.09957673439178136,0.13013364421996662,0.11512872793815478
all_valid_dynamic,estimated_bias,0.006749999999999999,6.749999999999999,5090,0.06133000111838198,0.05786781855097601,0.09971164486027621,0.1305850894312642,0.11528701810954488
all_valid_dynamic,estimated_bias,0.006999999999999999,6.999999999999999,5090,0.06201441392368388,0.057954320977561244,0.09985471232663912,0.13105515796070014,0.11545417659749717
all_valid_dynamic,estimated_bias,0.0072499999999999995,7.249999999999999,5090,0.06247984373354773,0.05802406522645692,0.10000828762165895,0.13142366838354916,0.1156220123437599
all_valid_dynamic,estimated_bias,0.0075,7.5,5090,0.06275017251426672,0.05807865920596663,0.10016489517023479,0.13169556192293327,0.11578487327637804
all_valid_dynamic,estimated_bias,0.00775,7.75,5090,0.06301366147501183,0.05813143162399729,0.10032744412515923,0.13196810569160178,0.11595197017447523
all_valid_dynamic,estimated_bias,0.008,8.0,5090,0.0630209613822663,0.05816618911531064,0.10049385695236969,0.1321134452465247,0.11611339647672606
all_valid_dynamic,estimated_bias,0.00825,8.25,5090,0.0627371607616216,0.05818116393763595,0.10066108841808041,0.13211227762430044,0.11626565511212106
all_valid_dynamic,estimated_bias,0.0085,8.5,5090,0.06251293028567667,0.0582009262149074,0.10083627795419112,0.13214828495606687,0.11642724236160529
all_valid_dynamic,estimated_bias,0.00875,8.75,5090,0.06235357688261235,0.0582257618239403,0.10101985486997138,0.13222412400157613,0.1165986724535418
all_valid_dynamic,estimated_bias,0.009000000000000001,9.000000000000002,5090,0.06225958709743703,0.05825566311716654,0.10121179495707217,0.13233973669762447,0.1167799200361655
all_valid_dynamic,estimated_bias,0.009250000000000001,9.250000000000002,5090,0.062231224155439385,0.05829061919081248,0.10141211276206932,0.13249504956940658,0.11697099170527268
all_valid_dynamic,estimated_bias,0.009500000000000001,9.500000000000002,5090,0.06226861943871068,0.05833062522690714,0.10162068300924751,0.1326898866584443,0.11717177584481608
all_valid_dynamic,estimated_bias,0.009750000000000002,9.750000000000002,5090,0.06237165467019585,0.058375670842920814,0.10183745499385582,0.13292407416373006,0.11738222261478368
all_valid_dynamic,estimated_bias,0.010000000000000002,10.000000000000002,5090,0.06254000542350135,0.05842574438247507,0.10206237645651084,0.13319740452789774,0.11760228014199746
all_valid_dynamic,estimated_bias,0.010250000000000002,10.250000000000002,5090,0.06277314619342321,0.058480832930261156,0.10229539364133526,0.13350963734305366,0.11783189458059663
all_valid_dynamic,estimated_bias,0.010500000000000002,10.500000000000002,5090,0.06307035849150489,0.05854092232851932,0.1025364513550355,0.13386050038679914,0.11807101017420539
all_valid_dynamic,estimated_bias,0.010750000000000003,10.750000000000002,5090,0.06343074167982411,0.05860599719496797,0.10278549302648182,0.13424969077791615,0.11831956931933756
all_valid_dynamic,estimated_bias,0.011000000000000003,11.000000000000004,5090,0.0638532261709048,0.05867604094214985,0.10304246076676464,0.13467687624068145,0.11857751262998861
all_valid_dynamic,estimated_bias,0.011250000000000003,11.250000000000004,5090,0.06433658855886983,0.0587510357981829,0.10330729542974797,0.13514169646619761,0.1188447790034068
all_valid_dynamic,estimated_bias,0.011500000000000003,11.500000000000004,5090,0.06487946616534888,0.058830960723325984,0.10357993840469268,0.13564376399027744,0.11912130615280138
all_valid_dynamic,estimated_bias,0.011750000000000003,11.750000000000004,5090,0.06548032695897528,0.05891578633965619,0.10386028194435591,0.13618260264892648,0.11940698491118976
all_valid_dynamic,estimated_bias,0.012000000000000004,12.000000000000004,5090,0.06610528831296666,0.059002618223631655,0.10414580872921902,0.13673904919973356,0.11969819728428126
all_valid_dynamic,estimated_bias,0.012250000000000004,12.250000000000004,5090,0.0665825346430854,0.059073843596255504,0.10442583945482121,0.13721409862902792,0.11997697672086477
all_valid_dynamic,estimated_bias,0.012500000000000004,12.500000000000004,5090,0.06695018693199044,0.05913259976812557,0.10469986605005535,0.13762650121421147,0.12024444397242179
all_valid_dynamic,estimated_bias,0.012750000000000004,12.750000000000004,5090,0.06732302780317787,0.05919008843743355,0.10497747049197174,0.13804392761983938,0.12051446336487588
all_valid_dynamic,estimated_bias,0.013000000000000005,13.000000000000005,5090,0.06746143874089218,0.05922973569316694,0.10525266702793197,0.1383377433087812,0.12077369542568075
all_valid_dynamic,estimated_bias,0.013250000000000005,13.250000000000005,5090,0.06732649175814966,0.05925535465101838,0.10553009269303061,0.13849423818728987,0.12102808566038549
all_valid_dynamic,estimated_bias,0.013500000000000005,13.500000000000005,5090,0.06724444382285495,0.059285533831840535,0.10581620316348003,0.1386854664292776,0.1212923879460751
all_valid_dynamic,estimated_bias,0.013750000000000005,13.750000000000005,5090,0.06722038911392486,0.059320707060680655,0.10610986860214082,0.13891303471442182,0.1215658278503572
all_valid_dynamic,estimated_bias,0.013999999999999999,13.999999999999998,5090,0.067254368426908,0.059360866872301354,0.1064110657167712,0.139176785044462,0.12184837882717234
all_valid_dynamic,estimated_bias,0.014249999999999999,14.249999999999998,5090,0.0673462498414927,0.05940600595569721,0.10671981283959776,0.1394765548894862,0.12214005074555646
all_valid_dynamic,estimated_bias,0.014499999999999999,14.499999999999998,5090,0.06749585961979071,0.05945610876642852,0.1070359308856462,0.1398120539725267,0.12244067694276371
all_valid_dynamic,estimated_bias,0.01475,14.75,5090,0.06770281505823557,0.05951116276752487,0.10735935474424499,0.14018302576222658,0.12275019162935526
all_valid_dynamic,estimated_bias,0.015,15.0,5090,0.06796659231339475,0.059571154231725244,0.10769001859105806,0.14058918945401747,0.12306852774223971
all_valid_dynamic,estimated_bias,0.01525,15.25,5090,0.06828653291442194,0.059636068258372,0.10802785594320599,0.14103024099275907,0.12339561700888445
all_valid_dynamic,estimated_bias,0.0155,15.5,5090,0.0686618517602341,0.05970588879160001,0.10837279971346926,0.1415058541590241,0.12373139001130884
all_valid_dynamic,estimated_bias,0.01575,15.75,5090,0.06909164638149365,0.05978059863979473,0.10872478226367276,0.14201568171057954,0.12407577624990003
all_valid_dynamic,estimated_bias,0.016,16.0,5090,0.06957490722352437,0.05986017949630728,0.1090837354573842,0.14255935657061844,0.12442870420713506
all_valid_dynamic,estimated_bias,0.01625,16.25,5090,0.07011052869225039,0.05994461196127281,0.10944959071137612,0.1431364930532468,0.12479010141062993
all_valid_dynamic,estimated_bias,0.0165,16.5,5090,0.07069731321611611,0.06003387203774899,0.10982228242567026,0.14374668554441927,0.12515989576948564
all_valid_dynamic,estimated_bias,0.01675,16.75,5090,0.07133396816694076,0.06012794152402075,0.11020175751248835,0.1443895139031897,0.12553802894245755
all_valid_dynamic,estimated_bias,0.017,17.0,5090,0.07199988529937226,0.0602248410980138,0.11058629907524264,0.14505290245825062,0.12592204345721209
all_valid_dynamic,estimated_bias,0.01725,17.25,5090,0.07248227004582329,0.060297861722126304,0.11095989701591426,0.1456077276281674,0.12628511738935402
all_valid_dynamic,estimated_bias,0.0175,17.5,5090,0.07281739914606175,0.060347196191873044,0.11132328892640837,0.14607201088507643,0.12662803301644168
all_valid_dynamic,estimated_bias,0.017750000000000002,17.750000000000004,5090,0.07315103084207225,0.06039572528540386,0.11168631840754324,0.14653515163754705,0.1269703798221503
all_valid_dynamic,estimated_bias,0.018000000000000002,18.000000000000004,5090,0.07326879302947102,0.06042107554870887,0.11204877137585971,0.14688073246446576,0.12730134931453985
all_valid_dynamic,estimated_bias,0.018250000000000002,18.250000000000004,5090,0.07307536898616124,0.06042399670327315,0.11241357044148544,0.1470642028144974,0.1276239405323311
all_valid_dynamic,estimated_bias,0.018500000000000003,18.500000000000004,5090,0.07292546766940873,0.060431142457334004,0.11278478651364733,0.14727679682295355,0.12795441003587013
all_valid_dynamic,estimated_bias,0.018750000000000003,18.750000000000004,5090,0.07282461299195066,0.06044305452527096,0.11316253805715841,0.14752134461599142,0.12829311306489805
all_valid_dynamic,estimated_bias,0.019000000000000003,19.000000000000004,5090,0.07277295881978514,0.06045974202845634,0.11354687345195823,0.14779775509881282,0.12864009047284797
all_valid_dynamic,estimated_bias,0.019250000000000003,19.250000000000004,5090,0.07277061491128804,0.06048119938625855,0.11393771573767615,0.14810584371079635,0.12899526559808255
all_valid_dynamic,estimated_bias,0.019500000000000003,19.500000000000004,5090,0.0728176286480666,0.06050741122799767,0.11433490234054984,0.1484453561033986,0.1293584813869469
all_valid_dynamic,estimated_bias,0.019750000000000004,19.750000000000004,5090,0.07291390455509421,0.06053837137790076,0.11473836737478393,0.14881607720400694,0.12972967030297874
all_valid_dynamic,estimated_bias,0.020000000000000004,20.000000000000004,5090,0.0730592478827314,0.06057407255521014,0.11514804484372633,0.1492177744052197,0.13010876410625327
all_valid_dynamic,estimated_bias,0.020250000000000004,20.250000000000004,5090,0.07325336656490988,0.06061450638271446,0.11556386867762347,0.14965019826532888,0.13049569390504495
all_valid_dynamic,estimated_bias,0.020500000000000004,20.500000000000004,5090,0.0734958741234791,0.06065966339650182,0.11598577276993614,0.15011308324589973,0.13089039020652415
all_valid_dynamic,estimated_bias,0.020750000000000005,20.750000000000004,5090,0.07378629345236129,0.06070953305696561,0.11641369101288744,0.1506061484823142,0.1312927829670728
all_valid_dynamic,estimated_bias,0.021000000000000005,21.000000000000004,5090,0.07412406139627963,0.06076410376096352,0.11684755733151883,0.15112909858162707,0.13170280164148265
all_valid_dynamic,estimated_bias,0.021250000000000005,21.250000000000004,5090,0.07450853402463893,0.06082336285517481,0.11728730571694515,0.15168162444361288,0.13212037523165168
all_valid_dynamic,estimated_bias,0.021500000000000005,21.500000000000004,5090,0.07493899248926313,0.06088729665055422,0.11773287025823631,0.15226340409947872,0.1325454323341823
all_valid_dynamic,estimated_bias,0.021750000000000005,21.750000000000007,5090,0.07541463075047192,0.06095590870184999,0.11818413453024118,0.15287406252062657,0.13297786455019653
all_valid_dynamic,estimated_bias,0.022000000000000006,22.000000000000007,5090,0.07591951289735596,0.061027258916179994,0.1186388881250738,0.15350336981626178,0.13341481217007436
all_valid_dynamic,estimated_bias,0.02225,22.25,5090,0.07630430586903975,0.06107891833886077,0.11908475627398671,0.15405895149726287,0.1338350232274049
all_valid_dynamic,estimated_bias,0.0225,22.5,5090,0.07659585510233176,0.061116340989643574,0.11951709676131822,0.15455247837894454,0.13423689341688713
all_valid_dynamic,estimated_bias,0.02275,22.75,5090,0.07689728415706075,0.061149473227292556,0.11995006490468114,0.1550498902203556,0.1346375733092831
all_valid_dynamic,estimated_bias,0.023,23.0,5090,0.07699498435955301,0.06115892760722365,0.1203836703496758,0.15543767281278,0.13502830263661406
all_valid_dynamic,estimated_bias,0.02325,23.25,5090,0.07682645514404686,0.06114464667598658,0.12082064384383207,0.15568750754626917,0.13541157925365677
all_valid_dynamic,estimated_bias,0.0235,23.5,5090,0.07670126499385489,0.06113446476666022,0.1212640701703599,0.15596628336998214,0.13580278898678036
all_valid_dynamic,estimated_bias,0.02375,23.75,5090,0.07662267416841388,0.061128954186605335,0.12171311438348104,0.1562749674439043,0.1362014363098804
all_valid_dynamic,estimated_bias,0.024,24.0,5090,0.07659078520371145,0.06112812421099956,0.12216775718796608,0.15661339931185417,0.13660749783922263
all_valid_dynamic,estimated_bias,0.02425,24.25,5090,0.07660560530701678,0.06113198467673612,0.12262808307377798,0.15698148003290252,0.13702104330673495
all_valid_dynamic,estimated_bias,0.0245,24.5,5090,0.07666717517846042,0.06114052136690287,0.12309383378184412,0.1573788772929001,0.13744182503200755
all_valid_dynamic,estimated_bias,0.02475,24.75,5090,0.0767753823454548,0.0611537323231814,0.12356494796912852,0.15780536961066818,0.13786977675933476
all_valid_dynamic,estimated_bias,0.025,25.0,5090,0.07693003001295767,0.06117161451713232,0.12404136452355832,0.1582607217640986,0.13830483193113272
all_valid_dynamic,estimated_bias,0.02525,25.25,5090,0.07713083884124004,0.06119416385365892,0.12452302258561371,0.158744685403824,0.13874692372663885
all_valid_dynamic,estimated_bias,0.025500000000000002,25.500000000000004,5090,0.07737744944083004,0.06122137517569239,0.12500986156937036,0.15925699968906937,0.1391959851001315
all_valid_dynamic,estimated_bias,0.025750000000000002,25.750000000000004,5090,0.07766942553310159,0.06125324227007252,0.12550182118232667,0.15979739194154233,0.1396519488180415
all_valid_dynamic,estimated_bias,0.026000000000000002,26.000000000000004,5090,0.07800625771288873,0.06128975787460654,0.1259988414443017,0.16036557831406265,0.1401147474951661
all_valid_dynamic,estimated_bias,0.026250000000000002,26.250000000000004,5090,0.07838736773968698,0.06133091368631714,0.12650086270568942,0.16096126447080067,0.14058431363022741
all_valid_dynamic,estimated_bias,0.026500000000000003,26.500000000000004,5090,0.07881211327579768,0.06137670037080396,0.12700782566440116,0.16158414627494727,0.14106057964011914
all_valid_dynamic,estimated_bias,0.026750000000000003,26.750000000000004,5090,0.07927976715456729,0.061427219908684716,0.1275196312268675,0.16223390882928454,0.1415434904682875
all_valid_dynamic,estimated_bias,0.027000000000000003,27.000000000000004,5090,0.07977209121080611,0.061479880655040973,0.1280319456475626,0.16289733382656593,0.14202800720864356
all_valid_dynamic,estimated_bias,0.027250000000000003,27.250000000000004,5090,0.08013158411147321,0.06151483187978157,0.12853086231624117,0.1634788300703441,0.14249300722826488
all_valid_dynamic,estimated_bias,0.027500000000000004,27.500000000000004,5090,0.08035339990974621,0.06152576389649016,0.12902076227883252,0.1639769666724971,0.14293976606269373
all_valid_dynamic,estimated_bias,0.027750000000000004,27.750000000000004,5090,0.08057128996162852,0.061530454474562325,0.12950990615927171,0.16447050005186464,0.14338344611993947
all_valid_dynamic,estimated_bias,0.028000000000000004,28.000000000000004,5090,0.08057005735989523,0.06151339205807958,0.129998791345504,0.16484877098953374,0.14381788189854186
all_valid_dynamic,estimated_bias,0.028250000000000004,28.250000000000004,5090,0.08032409289256577,0.06147346990582388,0.13048402288151886,0.16509702489330486,0.14423961913984312
all_valid_dynamic,estimated_bias,0.028500000000000004,28.500000000000004,5090,0.08011733506956219,0.0614375698014262,0.1309737002679514,0.16537071241194062,0.14466749857858283
all_valid_dynamic,estimated_bias,0.028750000000000005,28.750000000000004,5090,0.07995306805513396,0.06140624861596349,0.13146816309964346,0.1656716583164087,0.14510205125317835
all_valid_dynamic,estimated_bias,0.029000000000000005,29.000000000000004,5090,0.07983153458248257,0.061379515264240035,0.13196741960228472,0.1659997549526885,0.1455432744257134
all_valid_dynamic,estimated_bias,0.029250000000000005,29.250000000000004,5090,0.07975287690512337,0.06135738078450911,0.13247158239875456,0.16635495091703476,0.14599126110820904
all_valid_dynamic,estimated_bias,0.029500000000000005,29.500000000000007,5090,0.07971729245612373,0.061339843211823744,0.1329803737028614,0.16673692713954805,0.1464457447500739
all_valid_dynamic,estimated_bias,0.029750000000000006,29.750000000000007,5090,0.07972483891151926,0.06132690648989638,0.13349374059209088,0.16714550001826742,0.14690666505264133
all_valid_dynamic,estimated_bias,0.03,30.0,5090,0.0797755040312576,0.061318573530729774,0.13401163048243997,0.16758047501975512,0.1473739616228239
high_NIS,estimated_bias,-0.03,-30.0,4201,0.06527480378805378,0.0558850261914317,0.1498005664833874,0.1726966875210108,0.1598854148168642
high_NIS,estimated_bias,-0.02975,-29.75,4201,0.06520648467949984,0.05587466361867617,0.14923250071990654,0.1721749196308073,0.15934966992628857
high_NIS,estimated_bias,-0.0295,-29.5,4201,0.0651964404042633,0.0558689717443339,0.14866818606358878,0.17168036402743828,0.1588193047183089
high_NIS,estimated_bias,-0.029249999999999998,-29.25,4201,0.06524469787619168,0.05586795199597051,0.14810766539151718,0.1712132565221079,0.15829437326686505
high_NIS,estimated_bias,-0.028999999999999998,-28.999999999999996,4201,0.06535112793950171,0.05587160462940686,0.1475509819417046,0.17077382234637462,0.15777492980770422
high_NIS,estimated_bias,-0.028749999999999998,-28.749999999999996,4201,0.06551544709008653,0.05587992872840203,0.14699817930900821,0.1703622756430208,0.15726102872248637
high_NIS,estimated_bias,-0.028499999999999998,-28.499999999999996,4201,0.06573722122438949,0.05589292220580116,0.14644930144016982,0.16997881897260544,0.1567527245218323
high_NIS,estimated_bias,-0.028249999999999997,-28.249999999999996,4201,0.066015405199658,0.05591061660498357,0.1459046279171786,0.16962367529467937,0.15625030398946366
high_NIS,estimated_bias,-0.027999999999999997,-27.999999999999996,4201,0.0663169193723649,0.0559295009079957,0.1453641616531253,0.16928314257472374,0.15575252346249002
high_NIS,estimated_bias,-0.027749999999999997,-27.749999999999996,4201,0.06645525008848857,0.05593005885678481,0.14482849699605083,0.16887795975254455,0.15525290665832475
high_NIS,estimated_bias,-0.0275,-27.5,4201,0.06646892735729247,0.05591457383576903,0.14429571363697882,0.16842152726201493,0.15475042016498888
high_NIS,estimated_bias,-0.02725,-27.25,4201,0.06648065631960426,0.055898908087266025,0.1437641131582383,0.16796572811799637,0.1542491755489258
high_NIS,estimated_bias,-0.027,-27.0,4201,0.06614026761639456,0.05586765331183003,0.1432145602760126,0.1673503509467212,0.15372574592963423
high_NIS,estimated_bias,-0.02675,-26.75,4201,0.06550193672990008,0.05581672216081655,0.14264989378922915,0.16659832648086223,0.1531812608345294
high_NIS,estimated_bias,-0.0265,-26.5,4201,0.06491348188365255,0.055770246182920376,0.14208884635994976,0.16587139822604804,0.1526419359783049
high_NIS,estimated_bias,-0.02625,-26.25,4201,0.0643786211641892,0.055728497896177114,0.14153176659888822,0.16517116363750822,0.1521082063347219
high_NIS,estimated_bias,-0.026,-26.0,4201,0.06389869068694182,0.05569148531996483,0.14097858574545713,0.1644978597047347,0.15158002235101142
high_NIS,estimated_bias,-0.02575,-25.75,4201,0.06347492939940602,0.05565921665678721,0.140429298894424,0.16385177157750305,0.15105739434674045
high_NIS,estimated_bias,-0.0255,-25.5,4201,0.06310848234778833,0.05563170403063571,0.13988412641594314,0.16323337851292818,0.15054054376314632
high_NIS,estimated_bias,-0.025249999999999998,-25.249999999999996,4201,0.06280035284499075,0.05560895450068684,0.1393431166018704,0.1626429964137322,0.15002953030980928
high_NIS,estimated_bias,-0.024999999999999998,-24.999999999999996,4201,0.06255140271728031,0.05559097391455378,0.1388063181252346,0.16208093137118826,0.14952441383350232
high_NIS,estimated_bias,-0.024749999999999998,-24.749999999999996,4201,0.0623623406999138,0.05557776690079932,0.1382737800330463,0.161547478952409,0.14902525429707175
high_NIS,estimated_bias,-0.0245,-24.5,4201,0.06223371260399191,0.05556933686299141,0.13774555173859335,0.1610429234944472,0.14853211175756614
high_NIS,estimated_bias,-0.02425,-24.25,4201,0.06216589356399486,0.055565685975316956,0.1372216830129043,0.16056753740844207,0.14804504634333934
high_NIS,estimated_bias,-0.024,-24.0,4201,0.06215908261850546,0.055566815179785595,0.13670222397611878,0.16012158049811873,0.14756411823082646
high_NIS,estimated_bias,-0.02375,-23.75,4201,0.06221329980452943,0.055572724185010906,0.13618722508785505,0.1597052992954263,0.1470893876201592
high_NIS,estimated_bias,-0.0235,-23.5,4201,0.06232838586385144,0.055583411466589,0.1356767371373074,0.15931892641768367,0.14662091471031732
high_NIS,estimated_bias,-0.02325,-23.25,4201,0.06250356381420039,0.055598871330355265,0.13517120103927244,0.15896283708176775,0.14615911905730963
high_NIS,estimated_bias,-0.023,-23.0,4201,0.06272119003230912,0.05561580045893201,0.13467089173970637,0.15862948660865195,0.14570300732193364
high_NIS,estimated_bias,-0.02275,-22.75,4201,0.06278695859865406,0.055599403446670456,0.13417504600549895,0.15822907066741082,0.14523855078526288
high_NIS,estimated_bias,-0.0225,-22.5,4201,0.06271186513080003,0.055549919201408365,0.13368407812740576,0.1577656626019775,0.14476610883786767
high_NIS,estimated_bias,-0.02225,-22.25,4201,0.06263794428136334,0.05549959455352289,0.1331976571229102,0.15730649357999468,0.14429768140423369
high_NIS,estimated_bias,-0.022,-22.0,4201,0.062263555279549,0.0554265227404194,0.13269606750656085,0.15670703899585814,0.14380662625484247
high_NIS,estimated_bias,-0.02175,-21.75,4201,0.061659471470415374,0.05533231541226678,0.13218292057346517,0.15599961551947686,0.1432968583752402
high_NIS,estimated_bias,-0.0215,-21.5,4201,0.061094346299455815,0.05524226200341991,0.13167425463808638,0.15531366969944393,0.1427929159508627
high_NIS,estimated_bias,-0.021249999999999998,-21.249999999999996,4201,0.06058593997550794,0.05515693091597921,0.13117021071698196,0.154656287716741,0.14229515524995054
high_NIS,estimated_bias,-0.020999999999999998,-20.999999999999996,4201,0.06013568833223101,0.05507634339988491,0.13067073534940182,0.15402774324856777,0.14180354254762284
high_NIS,estimated_bias,-0.020749999999999998,-20.749999999999996,4201,0.05974490257627735,0.055000520038213686,0.1301758442276613,0.1534283579026614,0.14131810791564642
high_NIS,estimated_bias,-0.020499999999999997,-20.499999999999996,4201,0.05941475889963626,0.05492948153730379,0.12968574176452238,0.1528586050377057,0.14083905551718037
high_NIS,estimated_bias,-0.020249999999999997,-20.249999999999996,4201,0.05914627279004736,0.05486324648388939,0.129200482455206,0.1523188171775394,0.1403664506974867
high_NIS,estimated_bias,-0.019999999999999997,-19.999999999999996,4201,0.05894028684527875,0.05480183229471646,0.12872012107398326,0.1518093139618347,0.13990035879925097
high_NIS,estimated_bias,-0.019749999999999997,-19.749999999999996,4201,0.05879745794208887,0.05474525519418417,0.12824471265887366,0.15133040128039432,0.1394408451323839
high_NIS,estimated_bias,-0.019499999999999997,-19.499999999999996,4201,0.05871824696035067,0.05469353019330301,0.127774312495168,0.15088237042383493,0.13898797494250573
high_NIS,estimated_bias,-0.019249999999999996,-19.249999999999996,4201,0.0587029114298419,0.05464667107012999,0.1273089760986306,0.15046549725657546,0.13854181337895308
high_NIS,estimated_bias,-0.019,-19.0,4201,0.058751501369585034,0.05460469035165162,0.12684875919754512,0.15008004141636186,0.13810242546152668
high_NIS,estimated_bias,-0.01875,-18.75,4201,0.05886385847546173,0.05456759929723764,0.12639371771425867,0.14972624554604577,0.13766987604663417
high_NIS,estimated_bias,-0.0185,-18.5,4201,0.059039618686563614,0.05453540788368405,0.1259439077459466,0.149404334562335,0.13724422979258288
high_NIS,estimated_bias,-0.01825,-18.25,4201,0.05927766955094448,0.05450805415629987,0.12549949224566712,0.1491143609087245,0.13682562085306388
high_NIS,estimated_bias,-0.018,-18.0,4201,0.05954625655174992,0.054482323423714785,0.12506103626663592,0.14884335063098358,0.1364132924524993
high_NIS,estimated_bias,-0.01775,-17.75,4201,0.059620043273146156,0.05443870729157106,0.1246240459062372,0.14848998359993543,0.1359953148811284
high_NIS,estimated_bias,-0.017499999999999998,-17.499999999999996,4201,0.05949354991300649,0.05437641205229803,0.12419016044916671,0.1480522631415084,0.13557282227670509
high_NIS,estimated_bias,-0.017249999999999998,-17.249999999999996,4201,0.05934833259949146,0.05431412620098997,0.12376009387471355,0.1476103306791054,0.13515393128153905
high_NIS,estimated_bias,-0.016999999999999998,-16.999999999999996,4201,0.058879972300209596,0.05424711857270754,0.12331869086989825,0.1470275502393356,0.13472286142784717
high_NIS,estimated_bias,-0.01675,-16.75,4201,0.05807695452092487,0.05416661319081918,0.12286575780043281,0.14629746775274,0.13427589666220227
high_NIS,estimated_bias,-0.0165,-16.5,4201,0.05732282811727681,0.05409051232320147,0.12241784559716853,0.14559470823969342,0.13383539309180736
high_NIS,estimated_bias,-0.01625,-16.25,4201,0.056624934315213316,0.0540192743202357,0.12197533378128138,0.1449222109800362,0.13340188922627708
high_NIS,estimated_bias,-0.016,-16.0,4201,0.05598535774987065,0.05395289978712474,0.12153801476294276,0.14428016048763542,0.13297520230462834
high_NIS,estimated_bias,-0.01575,-15.75,4201,0.05540597163517768,0.05389126124256053,0.12110386565681076,0.14366710134256538,0.13255343947003725
high_NIS,estimated_bias,-0.015499999999999998,-15.499999999999998,4201,0.05488884460961992,0.053834539265525436,0.12067528339422004,0.14308552303704825,0.13213887255537893
high_NIS,estimated_bias,-0.015249999999999998,-15.249999999999998,4201,0.05443575104283204,0.05378274941178977,0.12025232749623867,0.1425358109183485,0.13173156949856024
high_NIS,estimated_bias,-0.015,-15.0,4201,0.054048301359971386,0.05373590594187861,0.11983505753741862,0.1420183350215357,0.13133159788257687
high_NIS,estimated_bias,-0.01475,-14.75,4201,0.053727915718733144,0.053694021801688765,0.11942353311835556,0.14153344893413183,0.13093902489216577
high_NIS,estimated_bias,-0.014499999999999999,-14.499999999999998,4201,0.05347579952033367,0.05365710860481222,0.11901781383759684,0.14108148868242212,0.13055391726987545
high_NIS,estimated_bias,-0.014249999999999999,-14.249999999999998,4201,0.05329292167333454,0.05362517661658544,0.11861795926265534,0.14066277164650598,0.1301763412713574
high_NIS,estimated_bias,-0.013999999999999999,-13.999999999999998,4201,0.05317999648270855,0.05359823473990534,0.11822402889991768,0.1402775955114125,0.12980636261972126
high_NIS,estimated_bias,-0.013749999999999998,-13.749999999999998,4201,0.05313746993038326,0.05357629050289796,0.11783608216402197,0.13992623726242148,0.12944404645953045
high_NIS,estimated_bias,-0.013499999999999998,-13.499999999999998,4201,0.05316551095009036,0.05355935004843255,0.11745417834602334,0.13960895223134584,0.12908945730984392
high_NIS,estimated_bias,-0.013249999999999998,-13.249999999999998,4201,0.05326278918289278,0.05354745789309873,0.11707835014311413,0.13932550028831092,0.12874265151474412
high_NIS,estimated_bias,-0.012999999999999998,-12.999999999999998,4201,0.05339672533077622,0.05353753281916303,0.11670753107401274,0.13906158889429165,0.12840138328598577
high_NIS,estimated_bias,-0.012749999999999997,-12.749999999999998,4201,0.053354317802812815,0.053508254277166815,0.116343085329706,0.1387282595869664,0.1280579821011763
high_NIS,estimated_bias,-0.012499999999999997,-12.499999999999996,4201,0.05315214542452798,0.053453803587460144,0.11599247790339498,0.13833551464235952,0.1277167336261631
high_NIS,estimated_bias,-0.012249999999999997,-12.249999999999996,4201,0.05293185153905433,0.05339790508787416,0.1156487126286306,0.13794108129120095,0.12738116422938364
high_NIS,estimated_bias,-0.011999999999999997,-11.999999999999996,4201,0.05247241600078942,0.05332670797953919,0.11529795037907827,0.13744347778818528,0.1270328900149543
high_NIS,estimated_bias,-0.01175,-11.75,4201,0.05179548723054125,0.05323824195888101,0.11494141907878407,0.13685252180418947,0.12667217621370921
high_NIS,estimated_bias,-0.0115,-11.5,4201,0.05117805719458551,0.053154128108807014,0.11459098959660036,0.13629251545828877,0.12631886728329864
high_NIS,estimated_bias,-0.01125,-11.25,4201,0.050627923138580125,0.05307492142051499,0.1142468474659921,0.13576625516319374,0.12597336797796374
high_NIS,estimated_bias,-0.011,-11.0,4201,0.05014730405255889,0.05300064439178667,0.11390903387324061,0.13527412320033524,0.12563572861204605
high_NIS,estimated_bias,-0.01075,-10.75,4201,0.04973824680308028,0.05293132182139231,0.11357748116080822,0.13481640201265446,0.12530590192242952
high_NIS,estimated_bias,-0.010499999999999999,-10.499999999999998,4201,0.04940248862230146,0.0528669686580643,0.1132523928628063,0.1343935517289457,0.1249840824435023
high_NIS,estimated_bias,-0.010249999999999999,-10.249999999999998,4201,0.04914153197490828,0.05280760306948434,0.11293382480415852,0.13400590245090516,0.12467033218388639
high_NIS,estimated_bias,-0.009999999999999998,-9.999999999999998,4201,0.048956573035038066,0.052753241893876014,0.11262183231533936,0.13365376046977953,0.12436471221523486
high_NIS,estimated_bias,-0.009749999999999998,-9.749999999999998,4201,0.04884847507915181,0.05270390061656976,0.11231647019316318,0.13333740710847616,0.12406728262057241
high_NIS,estimated_bias,-0.009499999999999998,-9.499999999999998,4201,0.04881774869361122,0.052659593348289006,0.11201779266110382,0.13305709763776524,0.12377810244252903
high_NIS,estimated_bias,-0.009249999999999998,-9.249999999999998,4201,0.04886453983408529,0.052620332805209405,0.11172585332902958,0.1328130602758167,0.1234972296314003
high_NIS,estimated_bias,-0.008999999999999998,-8.999999999999998,4201,0.04898862638011933,0.05258613029091572,0.11144070515283193,0.13260549528034069,0.12322472099353093
high_NIS,estimated_bias,-0.008749999999999997,-8.749999999999998,4201,0.049189423372862306,0.052556995680246826,0.11116240039349638,0.13243457414109122,0.12296063213963032
high_NIS,estimated_bias,-0.008499999999999997,-8.499999999999996,4201,0.04946599665052785,0.05253293740513491,0.11089099057609406,0.1323004388805618,0.12270501743351506
high_NIS,estimated_bias,-0.008249999999999997,-8.249999999999996,4201,0.04981534102174568,0.05251395591116849,0.11062649549734231,0.1322025161355731,0.12245789917952885
high_NIS,estimated_bias,-0.008,-8.0,4201,0.0501690222377125,0.052495825645341276,0.11036734769695135,0.13211242916597188,0.12221605110559676
high_NIS,estimated_bias,-0.00775,-7.75,4201,0.05027447249636466,0.05245949859637228,0.11011015013443207,0.1319233366027317,0.12196820961057812
high_NIS,estimated_bias,-0.0075,-7.5,4201,0.05015356245729871,0.05240712074122423,0.10985673126870675,0.13164492977926742,0.12171691628294763
high_NIS,estimated_bias,-0.0072499999999999995,-7.249999999999999,4201,0.05001286397123504,0.052353009656953574,0.10960869706974026,0.13136282067644717,0.12146976617029914
high_NIS,estimated_bias,-0.006999999999999999,-6.999999999999999,4201,0.0495601558132711,0.052279999260621844,0.10934748304546996,0.1309438025081969,0.12120260051281889
high_NIS,estimated_bias,-0.006749999999999999,-6.749999999999999,4201,0.048751355795285334,0.05219493440737863,0.10907901317007992,0.13038112203776875,0.12092370442534849
high_NIS,estimated_bias,-0.006499999999999999,-6.499999999999999,4201,0.04799985563284461,0.0521140529439254,0.10881717542888907,0.1298500609292802,0.12065260951410813
high_NIS,estimated_bias,-0.006249999999999999,-6.249999999999998,4201,0.04731813994035463,0.05203829553625316,0.10856240009560007,0.12935526770970926,0.12039011137479509
high_NIS,estimated_bias,-0.005999999999999998,-5.999999999999998,4201,0.04670928143642813,0.05196768376686064,0.10831469136912096,0.12889712756608593,0.12013622485528826
high_NIS,estimated_bias,-0.005749999999999998,-5.749999999999998,4201,0.046176164149588514,0.05190223839192308,0.10807409009129262,0.12847602669261907,0.1198909975734326
high_NIS,estimated_bias,-0.005499999999999998,-5.499999999999998,4201,0.04572141347292245,0.05184198006040595,0.10784070601998133,0.1280923745639587,0.11965453928485768
high_NIS,estimated_bias,-0.005249999999999998,-5.249999999999997,4201,0.045347387085572045,0.05178692687896855,0.1076145861111556,0.12774650858215894,0.1194269020758845
high_NIS,estimated_bias,-0.0049999999999999975,-4.999999999999997,4201,0.04505609539392259,0.05173709546392932,0.10739577624849612,0.1274387363999152,0.11920813648011118
high_NIS,estimated_bias,-0.004749999999999997,-4.749999999999997,4201,0.04484915049293009,0.051692500916596815,0.10718432120099797,0.1271693345986703,0.1189982914261002
high_NIS,estimated_bias,-0.004499999999999997,-4.499999999999997,4201,0.0447277231575715,0.05165315680065478,0.1069802645807865,0.12693854747911873,0.11879741418586566
high_NIS,estimated_bias,-0.004249999999999997,-4.2499999999999964,4201,0.044692510434255844,0.05161907512176264,0.106783648801636,0.1267465859766383,0.11860555032466774
high_NIS,estimated_bias,-0.003999999999999997,-3.9999999999999964,4201,0.044743715872776854,0.051590266309368554,0.1065945150378965,0.12659362671216765,0.11842274365186724
high_NIS,estimated_bias,-0.00375,-3.75,4201,0.04488104368688908,0.05156673920085595,0.10641290318421195,0.12647981118868745,0.11824903617324574
high_NIS,estimated_bias,-0.0034999999999999996,-3.4999999999999996,4201,0.045103707229856946,0.05154850102805131,0.10623885181599096,0.12640524514155146,0.1180844680447817
high_NIS,estimated_bias,-0.0032499999999999994,-3.2499999999999996,4201,0.04541043819217135,0.0515355570715322,0.10607240462788231,0.12636999866669066,0.1179290832077244
high_NIS,estimated_bias,-0.002999999999999999,-2.999999999999999,4201,0.045799243423766914,0.051527889201926295,0.10591357246993968,0.1263739644750478,0.11778288584913849
high_NIS,estimated_bias,-0.002749999999999999,-2.749999999999999,4201,0.04590054504800699,0.0515197722206283,0.10576936591061077,0.12628660154783716,0.11764967358559933
high_NIS,estimated_bias,-0.0024999999999999988,-2.4999999999999987,4201,0.04576109514100496,0.051505191189565994,0.10563590850464429,0.1261182291089572,0.11752331634648212
high_NIS,estimated_bias,-0.0022499999999999985,-2.2499999999999987,4201,0.04566619147744028,0.05149414227426907,0.10550901487609697,0.1259730127953657,0.1174044245703165
high_NIS,estimated_bias,-0.0019999999999999983,-1.9999999999999982,4201,0.04531463549902504,0.05147355769361042,0.10538175235503716,0.1257308914366923,0.1172810337226604
high_NIS,estimated_bias,-0.001749999999999998,-1.749999999999998,4201,0.04469772946376828,0.05144511776796289,0.10525550762359859,0.12539222083716833,0.11715511950939647
high_NIS,estimated_bias,-0.0014999999999999979,-1.4999999999999978,4201,0.044159349053476835,0.0514218192923766,0.10513689144248851,0.1250920363186812,0.11703832466985954
high_NIS,estimated_bias,-0.0012499999999999976,-1.2499999999999976,4201,0.04370336407703371,0.05140371984436993,0.10502596536794659,0.12483100515079318,0.11693073084227083
high_NIS,estimated_bias,-0.0009999999999999974,-0.9999999999999974,4201,0.04333236878032959,0.05139082563902338,0.10492277184527944,0.12460938646695736,0.11683237997899834
high_NIS,estimated_bias,-0.0007499999999999972,-0.7499999999999972,4201,0.043048560559208346,0.051383140594984195,0.10482733371058726,0.12442739086107428,0.11674329544035805
high_NIS,estimated_bias,-0.000499999999999997,-0.499999999999997,4201,0.0428536716976331,0.0513806670496674,0.10473967216386633,0.12428519239809499,0.11666349845372787
high_NIS,estimated_bias,-0.00024999999999999675,-0.24999999999999675,4201,0.042748918341388546,0.051383405755701654,0.10465980674578261,0.12418292778992755,0.11659300808847696
high_NIS,estimated_bias,0.0,0.0,4201,0.04273496332502668,0.05139135587978557,0.10458775531621245,0.12412069574264413,0.1165318412334014
high_NIS,estimated_bias,0.0002500000000000002,0.2500000000000002,4201,0.04281189543883554,0.05140451500395532,0.10452353403445169,0.12409855648197046,0.11648001257659196
high_NIS,estimated_bias,0.0005000000000000004,0.5000000000000004,4201,0.042979226626162416,0.05142287912926002,0.10446715734127007,0.12411653146253807,0.116437534587899
high_NIS,estimated_bias,0.0007500000000000007,0.7500000000000007,4201,0.04323590731488603,0.051446442681826084,0.10441863794279667,0.12417460326405198,0.11640441750399035
high_NIS,estimated_bias,0.0010000000000000009,1.0000000000000009,4201,0.043580358774836785,0.05147519852130684,0.10437798679625664,0.12427271567560982,0.11638066931603146
high_NIS,estimated_bias,0.0012500000000000011,1.250000000000001,4201,0.04401052022171352,0.0515091379516558,0.10434521309767235,0.12441077396715779,0.11636629576007551
high_NIS,estimated_bias,0.0015000000000000013,1.5000000000000013,4201,0.044523907500016016,0.05154825073422836,0.10432032427147506,0.12458864534513002,0.11636130031013148
high_NIS,estimated_bias,0.0017500000000000016,1.7500000000000016,4201,0.045117668854955544,0.05159252444778574,0.10430330612772583,0.12480613883529487,0.11636566610503922
high_NIS,estimated_bias,0.0020000000000000018,2.0000000000000018,4201,0.0457874961559978,0.05164186369915206,0.10429412823522904,0.12506255264827965,0.1163793249278763
high_NIS,estimated_bias,0.002250000000000002,2.2500000000000018,4201,0.046204980329648586,0.05168307594796087,0.1042860615267413,0.12522628787704743,0.1163903903602095
high_NIS,estimated_bias,0.0025000000000000022,2.500000000000002,4201,0.0463795753135488,0.05171460801513053,0.10427814306298788,0.12529723384452154,0.1163973015272415
high_NIS,estimated_bias,0.0027500000000000024,2.7500000000000027,4201,0.04659695427431921,0.05175036612666461,0.10427663663778015,0.12539136130680803,0.11641184365317593
high_NIS,estimated_bias,0.0030000000000000027,3.0000000000000027,4201,0.04651790689728016,0.05177734380593714,0.1042737474624424,0.1253707438103621,0.11642125124503441
high_NIS,estimated_bias,0.003250000000000003,3.2500000000000027,4201,0.046125120227057344,0.0517879280195988,0.10426552974592605,0.12522306855257226,0.11641859895120589
high_NIS,estimated_bias,0.003500000000000003,3.500000000000003,4201,0.04581284365474937,0.05180367152405115,0.1042651090243796,0.1251145474634028,0.11642522640406404
high_NIS,estimated_bias,0.0037500000000000033,3.7500000000000036,4201,0.04558289672339701,0.05182455618917444,0.10427250355382457,0.125045352153861,0.11644114230626232
high_NIS,estimated_bias,0.0040000000000000036,4.0000000000000036,4201,0.04543654374091483,0.05185057731024537,0.10428769542513863,0.12501554020045788,0.11646632897319395
high_NIS,estimated_bias,0.004250000000000004,4.2500000000000036,4201,0.04537459359607111,0.05188172715874054,0.1043106812314924,0.12502513977580934,0.1165007803920302
high_NIS,estimated_bias,0.004500000000000004,4.5000000000000036,4201,0.04539739182332555,0.05191799650323413,0.10434145582201268,0.12507414180528045,0.11654448834658317
high_NIS,estimated_bias,0.004750000000000004,4.750000000000004,4201,0.04550481104429064,0.05195937462300178,0.10438001230754795,0.1251625000098429,0.11659744242708465
high_NIS,estimated_bias,0.0050000000000000044,5.000000000000004,4201,0.04569625450138903,0.05200584932374824,0.10442634206835853,0.12529013112419488,0.11665963004253971
high_NIS,estimated_bias,0.005250000000000005,5.250000000000004,4201,0.045970672457555,0.05205740695542956,0.10448043476373851,0.1254569152878501,0.11673103643565833
high_NIS,estimated_bias,0.005500000000000005,5.500000000000005,4201,0.04632659042500432,0.05211403243205537,0.10454227834349455,0.12566269660477655,0.11681164470025245
high_NIS,estimated_bias,0.005750000000000005,5.750000000000005,4201,0.04676214749215724,0.05217570925347675,0.10461185906132164,0.12590728386573763,0.11690143580114475
high_NIS,estimated_bias,0.006000000000000005,6.000000000000005,4201,0.047275142508635105,0.05224241952900535,0.1046891614899542,0.12619045142532,0.11700038859642432
high_NIS,estimated_bias,0.006249999999999999,6.249999999999998,4201,0.04786308560684969,0.05231414400287375,0.1047741685381517,0.12651194022471965,0.11710847986211087
high_NIS,estimated_bias,0.006499999999999999,6.499999999999999,4201,0.04852325248654123,0.05239086208138025,0.10486686146939259,0.12687145894937787,0.11722568431905629
high_NIS,estimated_bias,0.006749999999999999,6.749999999999999,4201,0.04925268861911357,0.05247255899273786,0.1049671296484332,0.12726859428032003,0.11735189710387026
high_NIS,estimated_bias,0.006999999999999999,6.999999999999999,4201,0.04999266138162733,0.05255675520240068,0.1050749439110417,0.127680157218464,0.1174859836547051
high_NIS,estimated_bias,0.0072499999999999995,7.249999999999999,4201,0.050476477150067305,0.052624510643004406,0.10519495326869946,0.12799684394195354,0.11762362566091705
high_NIS,estimated_bias,0.0075,7.5,4201,0.05072647339405454,0.05267673897062948,0.10531762307324254,0.12821784455127586,0.11775670069417457
high_NIS,estimated_bias,0.00775,7.75,4201,0.050961043224538496,0.05272629757072911,0.1054457438540098,0.1284363471879196,0.11789345763206094
high_NIS,estimated_bias,0.008,8.0,4201,0.05089426540758702,0.052757889951071606,0.10557741523869701,0.1285309760795098,0.1180253598197168
high_NIS,estimated_bias,0.00825,8.25,4201,0.05050417072545679,0.05276862644498004,0.1057097196401547,0.12849024875046366,0.11814851993694184
high_NIS,estimated_bias,0.0085,8.5,4201,0.05018064625231645,0.05278413764206148,0.10584887314549721,0.12848442081080394,0.11827996082510184
high_NIS,estimated_bias,0.00875,8.75,4201,0.049932050403443735,0.05280476061032883,0.10599540012271803,0.12851683643702602,0.11842030058351166
high_NIS,estimated_bias,0.009000000000000001,9.000000000000002,4201,0.04975948860089938,0.052830487815052035,0.10614929479485515,0.1285874796939596,0.11856952908830087
high_NIS,estimated_bias,0.009250000000000001,9.250000000000002,4201,0.049663703408994245,0.052861307650969684,0.10631059686245714,0.12869632585322272,0.11872767517231328
high_NIS,estimated_bias,0.009500000000000001,9.500000000000002,4201,0.04964520260520822,0.05289721692115592,0.10647918508991658,0.12884323248478632,0.11889462736144356
high_NIS,estimated_bias,0.009750000000000002,9.750000000000002,4201,0.04970407248978858,0.05293820526874709,0.1066550249258028,0.12902806958592294,0.11907034861374857
high_NIS,estimated_bias,0.010000000000000002,10.000000000000002,4201,0.049840038898170465,0.052984260906305876,0.10683808056488468,0.12925067442743735,0.11925480016576387
high_NIS,estimated_bias,0.010250000000000002,10.250000000000002,4201,0.05005247354141089,0.05303537063260489,0.10702831498254972,0.12951085226248527,0.11944794157348065
high_NIS,estimated_bias,0.010500000000000002,10.500000000000002,4201,0.050340408349537326,0.05309151985135738,0.10722568997013257,0.12980837716609914,0.11964973075480814
high_NIS,estimated_bias,0.010750000000000003,10.750000000000002,4201,0.050702557064974264,0.05315269259177529,0.1074301661708322,0.1301429929968393,0.11986012403317621
high_NIS,estimated_bias,0.011000000000000003,11.000000000000004,4201,0.05113734298920902,0.05321887153090656,0.10764170311623607,0.13051441447128764,0.12007907618226854
high_NIS,estimated_bias,0.011250000000000003,11.250000000000004,4201,0.051642931539661305,0.05329003801771918,0.1078602592635018,0.13092232834138687,0.12030654047191187
high_NIS,estimated_bias,0.011500000000000003,11.500000000000004,4201,0.05221726306359659,0.05336616928656208,0.10808579404393341,0.13136639395325747,0.1205424692729894
high_NIS,estimated_bias,0.011750000000000003,11.750000000000004,4201,0.05285776138118765,0.053447221751150735,0.10831821029956182,0.1318460584683794,0.1207867550496194
high_NIS,estimated_bias,0.012000000000000004,12.000000000000004,4201,0.05352201662666725,0.05353047636509234,0.10855572135179856,0.13234221851649716,0.12103659173193468
high_NIS,estimated_bias,0.012250000000000004,12.250000000000004,4201,0.05402949567884955,0.05359840068544644,0.1087866350539522,0.13276485576277433,0.12127374209778244
high_NIS,estimated_bias,0.012500000000000004,12.500000000000004,4201,0.0544206321867802,0.05365443198005099,0.10901174533126247,0.1331313783406404,0.12150044728835331
high_NIS,estimated_bias,0.012750000000000004,12.750000000000004,4201,0.054798936769963134,0.05370858006560144,0.10923980474619105,0.1334948313035658,0.12172898797595032
high_NIS,estimated_bias,0.013000000000000005,13.000000000000005,4201,0.054896539194160814,0.053749718690849956,0.10946702182815131,0.13373739620153546,0.12195106037780253
high_NIS,estimated_bias,0.013250000000000005,13.250000000000005,4201,0.054654704878057035,0.053776553879580684,0.10969589134366088,0.13383662835767804,0.12216835238654779
high_NIS,estimated_bias,0.013500000000000005,13.500000000000005,4201,0.054477944761769585,0.05380772349265258,0.10993276291761048,0.1339713772998835,0.12239478530624304
high_NIS,estimated_bias,0.013750000000000005,13.750000000000005,4201,0.05437349221932279,0.05384386313442291,0.11017634383131279,0.13414344931228986,0.12262947580934251
high_NIS,estimated_bias,0.013999999999999999,13.999999999999998,4201,0.054341732071687236,0.05388496468985522,0.11042663552048138,0.1343527264202377,0.12287241859750381
high_NIS,estimated_bias,0.014249999999999999,14.249999999999998,4201,0.05438272554249892,0.05393102055409012,0.11068368837366276,0.13459908873181334,0.12312365268299907
high_NIS,estimated_bias,0.014499999999999999,14.499999999999998,4201,0.05449640258029265,0.05398201243682648,0.11094732243301492,0.13488225945608417,0.1233830054010076
high_NIS,estimated_bias,0.01475,14.75,4201,0.05468230988939705,0.054037926364725895,0.11121749089757171,0.13520200731568688,0.12365042566587063
high_NIS,estimated_bias,0.015,15.0,4201,0.054939714227220944,0.054098747076199195,0.1114941462655316,0.13555807348167437,0.12392586125056515
high_NIS,estimated_bias,0.01525,15.25,4201,0.05526761662836703,0.05416445804192176,0.11177724037049533,0.13595017259127984,0.12420925883290111
high_NIS,estimated_bias,0.0155,15.5,4201,0.05566477126582946,0.05423504148686138,0.11206672441740384,0.13637799385093263,0.1245005640418063
high_NIS,estimated_bias,0.01575,15.75,4201,0.05612970814332299,0.05431047841377514,0.11236254901826084,0.1368412022150814,0.12479972150375247
high_NIS,estimated_bias,0.016,16.0,4201,0.056660758698754955,0.054390748628150985,0.11266466422776525,0.1373394396311718,0.1251066748894149
high_NIS,estimated_bias,0.01625,16.25,4201,0.057256083347205534,0.05447583076441607,0.1129730195783969,0.13787232633997398,0.12542136696007639
high_NIS,estimated_bias,0.0165,16.5,4201,0.05791368892818672,0.05456569761205371,0.11328756808456843,0.13843945898361718,0.12574374115003037
high_NIS,estimated_bias,0.01675,16.75,4201,0.058630965472985165,0.05466031673737364,0.11360827824447589,0.13904021441222914,0.12607375266685872
high_NIS,estimated_bias,0.017,17.0,4201,0.05937953178854928,0.054757694922980334,0.11393357468097395,0.13966099451275057,0.1264091159405176
high_NIS,estimated_bias,0.01725,17.25,4201,0.05988343937589317,0.054834093456284906,0.11424761921869803,0.14016177301175753,0.12672527886066443
high_NIS,estimated_bias,0.0175,17.5,4201,0.06022175784028293,0.054886058323956106,0.11455292139194227,0.14057564268088174,0.12702303412282848
high_NIS,estimated_bias,0.017750000000000002,17.750000000000004,4201,0.06055979808347524,0.0549359445342272,0.11485739234844206,0.14098818291921816,0.1273191995692387
high_NIS,estimated_bias,0.018000000000000002,18.000000000000004,4201,0.06058769035300012,0.054963249433212805,0.11516166478674157,0.14125875564729604,0.12760551643526802
high_NIS,estimated_bias,0.018250000000000002,18.250000000000004,4201,0.06023070102228028,0.054968106852679915,0.11546876544023192,0.14135864285176994,0.12788482538307244
high_NIS,estimated_bias,0.018500000000000003,18.500000000000004,4201,0.059929824107627046,0.05497745594662577,0.11578140771924568,0.14149006627104427,0.1281711942513347
high_NIS,estimated_bias,0.018750000000000003,18.750000000000004,4201,0.059693172114304735,0.054991735683930926,0.11609995086364498,0.14165650137265176,0.12846512983713548
high_NIS,estimated_bias,0.019000000000000003,19.000000000000004,4201,0.059521436958092436,0.055010958122679636,0.1164244806844187,0.14185791015578914,0.12876670849335156
high_NIS,estimated_bias,0.019250000000000003,19.250000000000004,4201,0.0594151889548081,0.05503511591629709,0.11675493504111946,0.14209413611726507,0.129075864670264
high_NIS,estimated_bias,0.019500000000000003,19.500000000000004,4201,0.05937484299311179,0.05506418886086773,0.11709115038008976,0.14236493378881904,0.12939243560671604
high_NIS,estimated_bias,0.019750000000000004,19.750000000000004,4201,0.059400533358884296,0.05509816917585008,0.11743307721962941,0.14267010631215635,0.12971636701589384
high_NIS,estimated_bias,0.020000000000000004,20.000000000000004,4201,0.059492174503248514,0.055137047788176644,0.11778066581686061,0.14300943362653976,0.13004760389587616
high_NIS,estimated_bias,0.020250000000000004,20.250000000000004,4201,0.059649462460889334,0.05518081434430864,0.1181338661955855,0.14338267324154133,0.13038609056957556
high_NIS,estimated_bias,0.020500000000000004,20.500000000000004,4201,0.059871879856590586,0.055229457223896154,0.11849262817332894,0.14378956107531232,0.1307317707241394
high_NIS,estimated_bias,0.020750000000000005,20.750000000000004,4201,0.06015870430947541,0.05528296355507422,0.11885690138814482,0.1442298123524321,0.13108458745032872
high_NIS,estimated_bias,0.021000000000000005,21.000000000000004,4201,0.06050901992073413,0.05534131923126531,0.11922663532454565,0.14470312255385795,0.13144448328122801
high_NIS,estimated_bias,0.021250000000000005,21.250000000000004,4201,0.06092173142879679,0.05540450892952653,0.119601779339149,0.14520916841265558,0.13181140023083177
high_NIS,estimated_bias,0.021500000000000005,21.500000000000004,4201,0.06139558053917505,0.05547251613031077,0.11998228268553347,0.1457476089478013,0.13218527983198008
high_NIS,estimated_bias,0.021750000000000005,21.750000000000007,4201,0.06192892321154593,0.055545336055924176,0.12036803094076133,0.1463179372471577,0.13256601084034184
high_NIS,estimated_bias,0.022000000000000006,22.000000000000007,4201,0.06249851677594008,0.05562102429114504,0.12075710829029784,0.1469082780003337,0.13295103439172962
high_NIS,estimated_bias,0.02225,22.25,4201,0.06291686242691452,0.05567693172440044,0.1211365019984734,0.14741948453415843,0.13331906406313276
high_NIS,estimated_bias,0.0225,22.5,4201,0.06323268442682156,0.05571746103906786,0.12150275254287166,0.14787064184602808,0.13366882336631197
high_NIS,estimated_bias,0.02275,22.75,4201,0.06357132678032834,0.05575297088994636,0.12186986475015955,0.14833061479643603,0.13401737834056218
high_NIS,estimated_bias,0.023,23.0,4201,0.06364129282002752,0.05576481819595868,0.12224004856586489,0.1486692926384525,0.13435901317668766
high_NIS,estimated_bias,0.02325,23.25,4201,0.0633359249585946,0.05575450116285123,0.12261409663199922,0.14884293897649417,0.13469514131103483
high_NIS,estimated_bias,0.0235,23.5,4201,0.06308569814121082,0.05574814724100864,0.12299432209010906,0.14904785975375373,0.13503873217418275
high_NIS,estimated_bias,0.02375,23.75,4201,0.0628972561919152,0.05574663103049149,0.12337973273972686,0.14928600121460675,0.13538923636011896
high_NIS,estimated_bias,0.024,24.0,4201,0.06277109519538378,0.05574995906716647,0.12377033069988119,0.14955722346171246,0.1357466489367184
high_NIS,estimated_bias,0.02425,24.25,4201,0.06270751540261905,0.055758143297592266,0.12416624263064448,0.1498614654972271,0.13611108093394486
high_NIS,estimated_bias,0.0245,24.5,4201,0.06270680758887279,0.055771163880192216,0.1245671849904126,0.15019836888253765,0.1364822563448705
high_NIS,estimated_bias,0.02475,24.75,4201,0.06276897388107099,0.055789017428700204,0.12497310936284514,0.15056771437316846,0.13686012030345973
high_NIS,estimated_bias,0.025,25.0,4201,0.0628938278391016,0.05581169930508083,0.12538396736094037,0.15096926386104118,0.1372446175647341
high_NIS,estimated_bias,0.02525,25.25,4201,0.06308099723769507,0.05583920362553333,0.1257997106454515,0.15140276111258716,0.1376356925365403
high_NIS,estimated_bias,0.025500000000000002,25.500000000000004,4201,0.06332992956593153,0.0558715232681105,0.1262202909430695,0.1518679325495608,0.1380332893111372
high_NIS,estimated_bias,0.025750000000000002,25.750000000000004,4201,0.06363990005671186,0.055908649881898545,0.12664566006380495,0.15236448806674685,0.13843735169604185
high_NIS,estimated_bias,0.026000000000000002,26.000000000000004,4201,0.06401002197863162,0.0559505738977396,0.12707576991778763,0.15289212188137716,0.1388478232443166
high_NIS,estimated_bias,0.026250000000000002,26.250000000000004,4201,0.0644392588587197,0.055997284540490515,0.12751057253173306,0.15345051340917726,0.13926464728451007
high_NIS,estimated_bias,0.026500000000000003,26.500000000000004,4201,0.06492643825815968,0.05604876984272558,0.1279500200644766,0.15403932816093877,0.13968776694966087
high_NIS,estimated_bias,0.026750000000000003,26.750000000000004,4201,0.06547021851872754,0.05610516561476607,0.12839401209835735,0.15465820852532647,0.14011713653716107
high_NIS,estimated_bias,0.027000000000000003,27.000000000000004,4201,0.06603773494884956,0.05616446341129193,0.12883932416189411,0.1552900538925351,0.14054898932675383
high_NIS,estimated_bias,0.027250000000000003,27.250000000000004,4201,0.06644829475972353,0.056205998647045535,0.12927129990814357,0.1558382467186024,0.14096163756090835
high_NIS,estimated_bias,0.027500000000000004,27.500000000000004,4201,0.06672606555290526,0.05621980789987616,0.12969384956709912,0.15631228115539408,0.141354736092684
high_NIS,estimated_bias,0.027750000000000004,27.750000000000004,4201,0.0669901300295946,0.0562271683005157,0.13011602454365462,0.15677803360012355,0.14174510325982861
high_NIS,estimated_bias,0.028000000000000004,28.000000000000004,4201,0.06696504767256171,0.05621223614212553,0.13054029267370768,0.15711429315381784,0.14212875677861725
high_NIS,estimated_bias,0.028250000000000004,28.250000000000004,4201,0.06659115062355943,0.05617321996900392,0.13096060872499424,0.15729110915966216,0.14249951466340924
high_NIS,estimated_bias,0.028500000000000004,28.500000000000004,4201,0.06626024073059163,0.056138272204879276,0.13138497453234457,0.15749265583096222,0.14287588018631403
high_NIS,estimated_bias,0.028750000000000005,28.750000000000004,4201,0.06598729284963513,0.0561079559731639,0.13181384314134753,0.1577254411463217,0.14325847956466065
high_NIS,estimated_bias,0.029000000000000005,29.000000000000004,4201,0.06577299981493882,0.05608228131110941,0.13224724572678404,0.15798937870640134,0.1436473330047542
high_NIS,estimated_bias,0.029250000000000005,29.250000000000004,4201,0.06561785808032375,0.05606126128132039,0.13268533965777388,0.1582844517809655,0.14404257834595746
high_NIS,estimated_bias,0.029500000000000005,29.500000000000007,4201,0.06552239176396323,0.056044891913434286,0.13312780995933662,0.15861030078979144,0.144443911931787
high_NIS,estimated_bias,0.029750000000000006,29.750000000000007,4201,0.06548686184966339,0.056033177283341944,0.13357461314091454,0.15896673648008344,0.14485128315693788
high_NIS,estimated_bias,0.03,30.0,4201,0.06551136585654317,0.056026120310853904,0.13402570586873408,0.15935355360671613,0.14526464122662022
longest_high_NIS_segment,estimated_bias,-0.03,-30.0,207,0.04754916613916465,0.06699244589687031,0.20290530999887404,0.2189051754379373,0.21367861997163928
longest_high_NIS_segment,estimated_bias,-0.02975,-29.75,207,0.04731328328489395,0.06699625848817826,0.202331149415817,0.2183230163096349,0.2131346820096168
longest_high_NIS_segment,estimated_bias,-0.0295,-29.5,207,0.047111493030790756,0.06700339206035134,0.20176039678825586,0.2177526234866938,0.2125951839994208
longest_high_NIS_segment,estimated_bias,-0.029249999999999998,-29.25,207,0.046944235021064214,0.0670138455528412,0.20119308111973333,0.21719408967083925,0.2120601598278933
longest_high_NIS_segment,estimated_bias,-0.028999999999999998,-28.999999999999996,207,0.04681187940643734,0.06702761741234475,0.20062923156606863,0.21664750658230456,0.21152964344215885
longest_high_NIS_segment,estimated_bias,-0.028749999999999998,-28.749999999999996,207,0.046714722852024076,0.06704470559395255,0.20006887743274565,0.2161129648968802,0.21100366884340838
longest_high_NIS_segment,estimated_bias,-0.028499999999999998,-28.499999999999996,207,0.04665298526833671,0.06706510756267102,0.1995120481716566,0.2155905541819718,0.21048227008002848
longest_high_NIS_segment,estimated_bias,-0.028249999999999997,-28.249999999999996,207,0.04662680734815706,0.06708882029529169,0.19895877337822496,0.21508036283274198,0.20996548124104064
longest_high_NIS_segment,estimated_bias,-0.027999999999999997,-27.999999999999996,207,0.04662975901026403,0.06711342273803426,0.19840867249260247,0.2145799320934886,0.20945217313718875
longest_high_NIS_segment,estimated_bias,-0.027749999999999997,-27.749999999999996,207,0.04651548557184125,0.06713651791541514,0.19789757483858164,0.2140898235852958,0.20897550613600369
longest_high_NIS_segment,estimated_bias,-0.0275,-27.5,207,0.046281557004962365,0.06714510424369892,0.19741613237485114,0.21359676229883626,0.2085224072989327
longest_high_NIS_segment,estimated_bias,-0.02725,-27.25,207,0.04607815265408986,0.067151322877397,0.19693781602083274,0.21311264555453624,0.20807163079872226
longest_high_NIS_segment,estimated_bias,-0.027,-27.0,207,0.045778303716076274,0.06711394679932108,0.1964080208980404,0.2125465728239072,0.20755816661376436
longest_high_NIS_segment,estimated_bias,-0.02675,-26.75,207,0.0453682794382664,0.06708571793157009,0.19582868330786352,0.2119142457119726,0.20700088588333548
longest_high_NIS_segment,estimated_bias,-0.0265,-26.5,207,0.044990267760973306,0.06706082523039267,0.1952525090958357,0.21129321044937713,0.2064478059675149
longest_high_NIS_segment,estimated_bias,-0.02625,-26.25,207,0.04464622878935717,0.06703923058572256,0.19467983386091617,0.21068408078151327,0.20589923785589778
longest_high_NIS_segment,estimated_bias,-0.026,-26.0,207,0.04433695337873107,0.0670209371855323,0.19411068857162292,0.21008696026618218,0.2053552177057516
longest_high_NIS_segment,estimated_bias,-0.02575,-25.75,207,0.04406317354203672,0.0670059477336581,0.19354510436885658,0.20950195158860202,0.20481578175725934
longest_high_NIS_segment,estimated_bias,-0.0255,-25.5,207,0.04382555451072457,0.0669942644477974,0.19298311256245979,0.20892915648939211,0.2042809663262743
longest_high_NIS_segment,estimated_bias,-0.025249999999999998,-25.249999999999996,207,0.04362468718100667,0.06698588905787785,0.192424744628139,0.20836867569219591,0.20375080779736518
longest_high_NIS_segment,estimated_bias,-0.024999999999999998,-24.999999999999996,207,0.043461081130120836,0.06698082280477251,0.19187003220374918,0.20782060882999798,0.2032253426162005
longest_high_NIS_segment,estimated_bias,-0.024749999999999998,-24.749999999999996,207,0.04333515838492747,0.06697906643938431,0.19131900708573812,0.20728505437105435,0.20270460728203543
longest_high_NIS_segment,estimated_bias,-0.0245,-24.5,207,0.043247248113438774,0.06698062022208905,0.19077170122542678,0.20676210954419225,0.2021886383399899
longest_high_NIS_segment,estimated_bias,-0.02425,-24.25,207,0.04319758239084488,0.06698548392254215,0.19022814672481103,0.2062518702632954,0.20167747237282949
longest_high_NIS_segment,estimated_bias,-0.024,-24.0,207,0.04318629316499318,0.06699365681984876,0.18968837583266537,0.2057544310518316,0.20117114599298327
longest_high_NIS_segment,estimated_bias,-0.02375,-23.75,207,0.04321341051272983,0.06700513770309925,0.18915242094000936,0.2052698849666446,0.20066969583391953
longest_high_NIS_segment,estimated_bias,-0.0235,-23.5,207,0.04327886224060383,0.06701992487226582,0.18862031457571268,0.20479832352186414,0.20017315854161108
longest_high_NIS_segment,estimated_bias,-0.02325,-23.25,207,0.04338247484215785,0.06703801613945654,0.18809208940192118,0.20433983661274865,0.19968157076579288
longest_high_NIS_segment,estimated_bias,-0.023,-23.0,207,0.04350409219591158,0.06705830667178668,0.1875701729305666,0.2038921094713585,0.19919685305468574
longest_high_NIS_segment,estimated_bias,-0.02275,-22.75,207,0.04347713840813653,0.06706319282128682,0.18709140944006025,0.20344760721574884,0.19874774795618028
longest_high_NIS_segment,estimated_bias,-0.0225,-22.5,207,0.04330391701127855,0.06704371947967394,0.18665979814056308,0.20300731462699734,0.1983349201818605
longest_high_NIS_segment,estimated_bias,-0.02225,-22.25,207,0.043161385344764935,0.06701646808364455,0.18624319176507803,0.20258489247258557,0.19793365927312556
longest_high_NIS_segment,estimated_bias,-0.022,-22.0,207,0.04289746312315429,0.0669675299084186,0.18578857122343084,0.20209462041746964,0.19748934973633073
longest_high_NIS_segment,estimated_bias,-0.02175,-21.75,207,0.0424589032024076,0.06690212634744958,0.18530050731370842,0.20153146399924557,0.19700805191800616
longest_high_NIS_segment,estimated_bias,-0.0215,-21.5,207,0.04204594706090375,0.06683997784778078,0.1848164837745068,0.2009790461160384,0.19653171579535036
longest_high_NIS_segment,estimated_bias,-0.021249999999999998,-21.249999999999996,207,0.041668940450852454,0.06678105855261819,0.18433665481374553,0.200439548711393,0.19606048069238788
longest_high_NIS_segment,estimated_bias,-0.020999999999999998,-20.999999999999996,207,0.04132886719110634,0.06672537701624602,0.18386105327171973,0.19991307638933092,0.19559438347801897
longest_high_NIS_segment,estimated_bias,-0.020749999999999998,-20.749999999999996,207,0.04102664572270916,0.06667294135065012,0.18338971203847548,0.1993997323196771,0.19513346096941495
longest_high_NIS_segment,estimated_bias,-0.020499999999999997,-20.499999999999996,207,0.04076311796422482,0.06662375921973356,0.18292266404690993,0.1988996181513505,0.1946777499217302
longest_high_NIS_segment,estimated_bias,-0.020249999999999997,-20.249999999999996,207,0.040539038518795825,0.0665778378338192,0.18245994226568424,0.19841283392525688,0.19422728701761538
longest_high_NIS_segment,estimated_bias,-0.019999999999999997,-19.999999999999996,207,0.04035506452533471,0.06653518394442452,0.18200157969168873,0.19793947798666253,0.19378210885628355
longest_high_NIS_segment,estimated_bias,-0.019749999999999997,-19.749999999999996,207,0.04021174645067719,0.06649580383938473,0.18154760934272202,0.1974796468978944,0.19334225194277507
longest_high_NIS_segment,estimated_bias,-0.019499999999999997,-19.499999999999996,207,0.04010952010852241,0.06645970333825077,0.1810980642495674,0.1970334353506651,0.19290775267663235
longest_high_NIS_segment,estimated_bias,-0.019249999999999996,-19.249999999999996,207,0.04004870016632378,0.06642688778804903,0.18065297744830344,0.1966009360790416,0.19247864734079803
longest_high_NIS_segment,estimated_bias,-0.019,-19.0,207,0.04002947536055661,0.06639736205933879,0.18021238197204614,0.19618223977240903,0.1920549720899659
longest_high_NIS_segment,estimated_bias,-0.01875,-18.75,207,0.04005190558792521,0.06637113054262897,0.17977631084276877,0.19577743498924124,0.1916367629390105
longest_high_NIS_segment,estimated_bias,-0.0185,-18.5,207,0.04011592097608999,0.06634819714513569,0.17934479706293832,0.19538660807157748,0.19122405575124785
longest_high_NIS_segment,estimated_bias,-0.01825,-18.25,207,0.040221322967419426,0.06632856528787466,0.17891787360672848,0.195009843060166,0.19081688622630105
longest_high_NIS_segment,estimated_bias,-0.018,-18.0,207,0.04034522730086865,0.06631042277336925,0.178498610214911,0.19464471064736502,0.1904175044922018
longest_high_NIS_segment,estimated_bias,-0.01775,-17.75,207,0.040306728296945475,0.06629329941002333,0.17810619980473819,0.194271079426548,0.19004373169234584
longest_high_NIS_segment,estimated_bias,-0.017499999999999998,-17.499999999999996,207,0.04009596555607065,0.06626314503461883,0.1777397679945483,0.19388119034735782,0.1896898244941852
longest_high_NIS_segment,estimated_bias,-0.017249999999999998,-17.249999999999996,207,0.03990449178474691,0.06622797111578783,0.1773765493708667,0.19349664826406707,0.1893372240866258
longest_high_NIS_segment,estimated_bias,-0.016999999999999998,-16.999999999999996,207,0.039483675280092626,0.06616292830531982,0.17697624274926207,0.19302094236948597,0.18893947067667102
longest_high_NIS_segment,estimated_bias,-0.01675,-16.75,207,0.038798672972462395,0.06606988669554834,0.17648975289649615,0.19240374172518826,0.18845122128930036
longest_high_NIS_segment,estimated_bias,-0.0165,-16.5,207,0.038145193098406936,0.06597996381131842,0.17600677184057595,0.1917988402331938,0.1879673890819454
longest_high_NIS_segment,estimated_bias,-0.01625,-16.25,207,0.03752526643579635,0.06589324043914252,0.17552816750551833,0.19120722356776548,0.18748881759565275
longest_high_NIS_segment,estimated_bias,-0.016,-16.0,207,0.0369405822654352,0.06580972922786706,0.17505397578967108,0.19062901541718483,0.1870155472168448
longest_high_NIS_segment,estimated_bias,-0.01575,-15.75,207,0.03639283923532498,0.06572944242092661,0.1745842326486203,0.19006433815443044,0.18654761829214944
longest_high_NIS_segment,estimated_bias,-0.015499999999999998,-15.499999999999998,207,0.03588372903668934,0.06565239184777673,0.17411897408689994,0.18951331273023297,0.18608507111643463
longest_high_NIS_segment,estimated_bias,-0.015249999999999998,-15.249999999999998,207,0.035414917817442396,0.06557858891550175,0.17365823614920511,0.18897605856461733,0.18562794592033138
longest_high_NIS_segment,estimated_bias,-0.015,-15.0,207,0.03498802553624571,0.06550804460072109,0.17320205491177504,0.1884526934378933,0.1851762828579071
longest_high_NIS_segment,estimated_bias,-0.01475,-14.75,207,0.03460460359985204,0.06544076944167553,0.1727504664731494,0.18794333338033603,0.18473012199370528
longest_high_NIS_segment,estimated_bias,-0.014499999999999999,-14.499999999999998,207,0.03426611127847318,0.06537677353061498,0.17230350694495988,0.18744809256152453,0.18428950328981072
longest_high_NIS_segment,estimated_bias,-0.014249999999999999,-14.249999999999998,207,0.033973891541374375,0.06531606650645284,0.1718612124424895,0.18696708317921348,0.1838544665926772
longest_high_NIS_segment,estimated_bias,-0.013999999999999999,-13.999999999999998,207,0.03372914708749269,0.06525865754766785,0.17142361907475112,0.18650041534768458,0.18342505161948067
longest_high_NIS_segment,estimated_bias,-0.013749999999999998,-13.749999999999998,207,0.03353291744695844,0.0652045553655526,0.17099076293471974,0.18604819698648378,0.18300129794462375
longest_high_NIS_segment,estimated_bias,-0.013499999999999998,-13.499999999999998,207,0.03338605808160062,0.06515376819771405,0.17056268008894018,0.185610533708924,0.18258324498563278
longest_high_NIS_segment,estimated_bias,-0.013249999999999998,-13.249999999999998,207,0.03328922240637763,0.0651063038019413,0.17013940656730822,0.18518752871143285,0.18217093198923498
longest_high_NIS_segment,estimated_bias,-0.012999999999999998,-12.999999999999998,207,0.033213733053281354,0.06505469389860301,0.16971181272428365,0.1847629958615575,0.18175316386903223
longest_high_NIS_segment,estimated_bias,-0.012749999999999997,-12.749999999999998,207,0.03306581233303896,0.06499602978654292,0.16930550784858361,0.18434258005442944,0.1813528022278122
longest_high_NIS_segment,estimated_bias,-0.012499999999999997,-12.499999999999996,207,0.03292016435801281,0.06495273578245246,0.16894952290036913,0.18397428188539297,0.18100497002537652
longest_high_NIS_segment,estimated_bias,-0.012249999999999997,-12.249999999999996,207,0.03279108420821912,0.06491791088402053,0.16861223253842117,0.18362917883246865,0.18067766911031435
longest_high_NIS_segment,estimated_bias,-0.011999999999999997,-11.999999999999996,207,0.03252983389620877,0.06487107704467795,0.16824851443304262,0.1832321187433503,0.18032143312945995
longest_high_NIS_segment,estimated_bias,-0.01175,-11.75,207,0.03213541673456949,0.06481049567926672,0.16786132226187797,0.1827854175540345,0.1799383890716439
longest_high_NIS_segment,estimated_bias,-0.0115,-11.5,207,0.03178809855387884,0.06475315742911339,0.16747907881472465,0.18235321891137377,0.17956116851276138
longest_high_NIS_segment,estimated_bias,-0.01125,-11.25,207,0.03149045904223446,0.0646991524045089,0.16710195481598836,0.18193595751218927,0.1791899651910968
longest_high_NIS_segment,estimated_bias,-0.011,-11.0,207,0.03124391799632219,0.06464848895881813,0.1667299850044355,0.18153373635773223,0.17882481657823035
longest_high_NIS_segment,estimated_bias,-0.01075,-10.75,207,0.03104969263750691,0.06460117495394314,0.1663632039526977,0.1811466556349317,0.17846575983879057
longest_high_NIS_segment,estimated_bias,-0.010499999999999999,-10.499999999999998,207,0.030908769209683926,0.06455721775429765,0.1660016460544701,0.1807748126012771,0.1781128318144691
longest_high_NIS_segment,estimated_bias,-0.010249999999999999,-10.249999999999998,207,0.030821878840905557,0.06451662422117699,0.16564534551188845,0.18041830147169916,0.17776606900826
longest_high_NIS_segment,estimated_bias,-0.009999999999999998,-9.999999999999998,207,0.030789478991384848,0.0644794007074501,0.1652943363224465,0.18007721330704476,0.17742550756830308
longest_high_NIS_segment,estimated_bias,-0.009749999999999998,-9.749999999999998,207,0.030811741558861624,0.06444555305264772,0.16494865226597827,0.17975163590497395,0.17709118327185075
longest_high_NIS_segment,estimated_bias,-0.009499999999999998,-9.499999999999998,207,0.030888548351626362,0.06441508657842666,0.1646083268915018,0.1794416536933286,0.17676313150916317
longest_high_NIS_segment,estimated_bias,-0.009249999999999998,-9.249999999999998,207,0.031019494204508013,0.06438800608440357,0.16427339350374423,0.17914734762609436,0.17644138726716357
longest_high_NIS_segment,estimated_bias,-0.008999999999999998,-8.999999999999998,207,0.031203897548021105,0.0643643158444101,0.16394388514984212,0.1788687950826835,0.1761259851133376
longest_high_NIS_segment,estimated_bias,-0.008749999999999997,-8.749999999999998,207,0.03144081779666043,0.06434401960312523,0.16361983460564644,0.17860606977028876,0.17581695917933077
longest_high_NIS_segment,estimated_bias,-0.008499999999999997,-8.499999999999996,207,0.031729078544937964,0.06432712057313181,0.1633012743621234,0.17835924163001637,0.17551434314472342
longest_high_NIS_segment,estimated_bias,-0.008249999999999997,-8.249999999999996,207,0.03206729528584311,0.06431362143238274,0.16298823661166373,0.17812837674687595,0.17521817022080646
longest_high_NIS_segment,estimated_bias,-0.008,-8.0,207,0.03243552591281911,0.06430065943779083,0.16268240455575136,0.17791065987572824,0.17492895573968278
longest_high_NIS_segment,estimated_bias,-0.00775,-7.75,207,0.03263024758249956,0.06428349151251518,0.16239121035938167,0.177673874107365,0.17465186080607492
longest_high_NIS_segment,estimated_bias,-0.0075,-7.5,207,0.03256239328667789,0.06426478575610857,0.16211693906806818,0.1774039855178979,0.17438997855690633
longest_high_NIS_segment,estimated_bias,-0.0072499999999999995,-7.249999999999999,207,0.03250569165365714,0.06423699390553626,0.16184652260684046,0.17713641143432096,0.1741283672063412
longest_high_NIS_segment,estimated_bias,-0.006999999999999999,-6.999999999999999,207,0.032267329775707905,0.06418405944752385,0.161578364406175,0.1768285664201128,0.17385960235586057
longest_high_NIS_segment,estimated_bias,-0.006749999999999999,-6.749999999999999,207,0.03178202195261208,0.06408886790457362,0.16128523624604812,0.17643811192491762,0.17355203951620227
longest_high_NIS_segment,estimated_bias,-0.006499999999999999,-6.499999999999999,207,0.03132835696222657,0.06398846565463844,0.1609936004568705,0.17605376756790522,0.17324394109146013
longest_high_NIS_segment,estimated_bias,-0.006249999999999999,-6.249999999999998,207,0.030922492622391762,0.06389129315474203,0.1607076281756486,0.1756850581148254,0.17294229990036478
longest_high_NIS_segment,estimated_bias,-0.005999999999999998,-5.999999999999998,207,0.030566333105015053,0.06379736516300916,0.1604273496891417,0.1753320822026341,0.17264714978830234
longest_high_NIS_segment,estimated_bias,-0.005749999999999998,-5.749999999999998,207,0.03026163344014588,0.06370669603036686,0.16015279489094203,0.17499493503799315,0.17235852410161118
longest_high_NIS_segment,estimated_bias,-0.005499999999999998,-5.499999999999998,207,0.030009961128234668,0.06361929969022179,0.15988399326740488,0.1746737082766722,0.17207645567074487
longest_high_NIS_segment,estimated_bias,-0.005249999999999998,-5.249999999999997,207,0.02981265913744806,0.0635351896483332,0.15962097388359173,0.17436848990583592,0.17180097679348605
longest_high_NIS_segment,estimated_bias,-0.0049999999999999975,-4.999999999999997,207,0.029670812126514855,0.06345437897285419,0.15936376536909092,0.17407936412938843,0.17153211921807898
longest_high_NIS_segment,estimated_bias,-0.004749999999999997,-4.749999999999997,207,0.02958521774675561,0.06337688028467646,0.15911239590410955,0.17380641125714336,0.1712699141266916
longest_high_NIS_segment,estimated_bias,-0.004499999999999997,-4.499999999999997,207,0.029556364720193413,0.0633027057479487,0.15886689320538594,0.17354970759761001,0.171014392118742
longest_high_NIS_segment,estimated_bias,-0.004249999999999997,-4.2499999999999964,207,0.029584419063040403,0.06323186706093044,0.1586272845124055,0.1733093253552399,0.17076558319459698
longest_high_NIS_segment,estimated_bias,-0.003999999999999997,-3.9999999999999964,207,0.029669219345918638,0.06316437544705926,0.1583935965734919,0.1730853325319607,0.1705235167391969
longest_high_NIS_segment,estimated_bias,-0.00375,-3.75,207,0.0298102813030941,0.06310024164635647,0.1581658556321397,0.17287779283368077,0.17028822150599685
longest_high_NIS_segment,estimated_bias,-0.0034999999999999996,-3.4999999999999996,207,0.030006811487006395,0.06303947590713813,0.157944087413458,0.17268676558188667,0.17005972560108618
longest_high_NIS_segment,estimated_bias,-0.0032499999999999994,-3.2499999999999996,207,0.030257729084301466,0.0629820879780149,0.15772831711061838,0.1725123056305178,0.16983805646738365
longest_high_NIS_segment,estimated_bias,-0.002999999999999999,-2.999999999999999,207,0.03056145425330505,0.06292812196802375,0.1575185096783421,0.17235437885874927,0.16962319837129713
longest_high_NIS_segment,estimated_bias,-0.002749999999999999,-2.749999999999999,207,0.030648212574863828,0.06290309084872565,0.15732293388061244,0.17218193080913174,0.16943230023560027
longest_high_NIS_segment,estimated_bias,-0.0024999999999999988,-2.4999999999999987,207,0.030440463255894792,0.06289684834974414,0.15712934756621305,0.1719658896471855,0.1692502449006042
longest_high_NIS_segment,estimated_bias,-0.0022499999999999985,-2.2499999999999987,207,0.030278079957973398,0.06289319790449655,0.15693951991766644,0.17176242132836636,0.16907266856189918
longest_high_NIS_segment,estimated_bias,-0.0019999999999999983,-1.9999999999999982,207,0.029969003595763932,0.06288328597047672,0.15674619312981378,0.17152789245967126,0.168889539981414
longest_high_NIS_segment,estimated_bias,-0.001749999999999998,-1.749999999999998,207,0.029488417651676018,0.06286669100753475,0.15654834802679343,0.17125762138881453,0.16869975135771498
longest_high_NIS_segment,estimated_bias,-0.0014999999999999979,-1.4999999999999978,207,0.02906484219781753,0.06285350840903588,0.15635664306351926,0.17100505373058866,0.1685169527063004
longest_high_NIS_segment,estimated_bias,-0.0012499999999999976,-1.2499999999999976,207,0.028701255763219094,0.06284378413684247,0.15617109500140414,0.17077035515850336,0.16834117772718493
longest_high_NIS_segment,estimated_bias,-0.0009999999999999974,-0.9999999999999974,207,0.028399962443693593,0.06283751979650916,0.15599172581085555,0.1705535994414337,0.16817244844392856
longest_high_NIS_segment,estimated_bias,-0.0007499999999999972,-0.7499999999999972,207,0.02816296158495851,0.06283471642285517,0.1558185568301295,0.17035485506964793,0.16801078608400385
longest_high_NIS_segment,estimated_bias,-0.000499999999999997,-0.499999999999997,207,0.02799188628308511,0.06283537447910939,0.15565160875323208,0.17017418514887708,0.1678562110658975
longest_high_NIS_segment,estimated_bias,-0.00024999999999999675,-0.24999999999999675,207,0.02788794980184226,0.06283949385652744,0.15549090161799825,0.170011647301803,0.1677087429865318
longest_high_NIS_segment,estimated_bias,0.0,0.0,207,0.027851903788273145,0.0628470738744812,0.15533645479460503,0.16986729357758107,0.16756840060924638
longest_high_NIS_segment,estimated_bias,0.0002500000000000002,0.2500000000000002,207,0.027884011532205717,0.0628581132810217,0.15518828697424755,0.16974117036941672,0.1674352018520931
longest_high_NIS_segment,estimated_bias,0.0005000000000000004,0.5000000000000004,207,0.027984038444109037,0.06287261025391305,0.15504641615822864,0.16963331834074477,0.16730916377667748
longest_high_NIS_segment,estimated_bias,0.0007500000000000007,0.7500000000000007,207,0.0281512605431828,0.06289056240213127,0.15491085964737625,0.1695437723601655,0.16719030257746845
longest_high_NIS_segment,estimated_bias,0.0010000000000000009,1.0000000000000009,207,0.02838449024935297,0.06291196676783975,0.15478163403172857,0.16947256144534234,0.1670786335715304
longest_high_NIS_segment,estimated_bias,0.0012500000000000011,1.250000000000001,207,0.02868211737784071,0.06293681982881201,0.1546587551807004,0.16941970871620696,0.16697417118886435
longest_high_NIS_segment,estimated_bias,0.0015000000000000013,1.5000000000000013,207,0.029042162141491093,0.06296511750132959,0.15454223823350804,0.16938523135749248,0.1668769289631691
longest_high_NIS_segment,estimated_bias,0.0017500000000000016,1.7500000000000016,207,0.029462336303260096,0.06299685514352037,0.15443209759005944,0.16936914059085775,0.16678691952320282
longest_high_NIS_segment,estimated_bias,0.0020000000000000018,2.0000000000000018,207,0.029939548419890206,0.0630319749567899,0.15432831623657045,0.16937129514458824,0.1667041063062583
longest_high_NIS_segment,estimated_bias,0.002250000000000002,2.2500000000000018,207,0.030253611715066686,0.06306185109816938,0.15422378366683234,0.1693430055663581,0.16661864395211465
longest_high_NIS_segment,estimated_bias,0.0025000000000000022,2.500000000000002,207,0.030408677560702466,0.06308369681718735,0.15411685374053952,0.16928155564619682,0.1665279478376097
longest_high_NIS_segment,estimated_bias,0.0027500000000000024,2.7500000000000027,207,0.030620006999893444,0.0631079350228525,0.15401382800110838,0.1692349121992183,0.1664417936649434
longest_high_NIS_segment,estimated_bias,0.0030000000000000027,3.0000000000000027,207,0.030542013574096877,0.06310400735014605,0.15392563653648123,0.16913909045507053,0.1663587007848048
longest_high_NIS_segment,estimated_bias,0.003250000000000003,3.2500000000000027,207,0.030291428058280258,0.06308054892748689,0.15383771970131246,0.16900523740317228,0.16626845658720912
longest_high_NIS_segment,estimated_bias,0.003500000000000003,3.500000000000003,207,0.030117261627377486,0.06306056842833237,0.153756118418177,0.16889235829208124,0.16618537613619572
longest_high_NIS_segment,estimated_bias,0.0037500000000000033,3.7500000000000036,207,0.0300208831575909,0.06304407316636913,0.1536809382649195,0.16880059055866553,0.1661095600722382
longest_high_NIS_segment,estimated_bias,0.0040000000000000036,4.0000000000000036,207,0.030003042290720604,0.06303106587786049,0.15361218866932927,0.16872996864866532,0.16604101834631346
longest_high_NIS_segment,estimated_bias,0.004250000000000004,4.2500000000000036,207,0.030063878847267238,0.06302154872250149,0.1535498782689641,0.1686805191216208,0.1659797599702937
longest_high_NIS_segment,estimated_bias,0.004500000000000004,4.5000000000000036,207,0.03020291740038877,0.0630155232816225,0.1534940149057316,0.16865226060101415,0.16592579301102553
longest_high_NIS_segment,estimated_bias,0.004750000000000004,4.750000000000004,207,0.030419085639681598,0.06301299055687991,0.15344460562099485,0.16864520373926548,0.16587912458505463
longest_high_NIS_segment,estimated_bias,0.0050000000000000044,5.000000000000004,207,0.03071075489662214,0.06301395096942289,0.1534016566511602,0.1686593511976661,0.16583976085395585
longest_high_NIS_segment,estimated_bias,0.005250000000000005,5.250000000000004,207,0.031075799346035934,0.06301840435954345,0.15336517342373676,0.1686946976413629,0.1658077070202582
longest_high_NIS_segment,estimated_bias,0.005500000000000005,5.500000000000005,207,0.03151166906363066,0.06302634998680826,0.15333516055393542,0.1687512297494053,0.1657829673240312
longest_high_NIS_segment,estimated_bias,0.005750000000000005,5.750000000000005,207,0.03201547146092922,0.0630377865306762,0.15331162184173877,0.16882892623983897,0.16576554504006982
longest_high_NIS_segment,estimated_bias,0.006000000000000005,6.000000000000005,207,0.03258405564169134,0.06305271209159151,0.15329456026951233,0.16892775790967307,0.16575544247573976
longest_high_NIS_segment,estimated_bias,0.006249999999999999,6.249999999999998,207,0.03321409482077229,0.06307112419256386,0.1532839780001066,0.1690476876896405,0.1657526609694426
longest_high_NIS_segment,estimated_bias,0.006499999999999999,6.499999999999999,207,0.03390216292473947,0.06309301978121913,0.15327987637549276,0.16918867071342356,0.1657572008897342
longest_high_NIS_segment,estimated_bias,0.006749999999999999,6.749999999999999,207,0.034644802650506866,0.06311839523231959,0.15328225591591138,0.16935065440105865,0.16576906163507785
longest_high_NIS_segment,estimated_bias,0.006999999999999999,6.999999999999999,207,0.03542032370310725,0.06314745288835096,0.1532872732038866,0.16952636450948377,0.16578476688939026
longest_high_NIS_segment,estimated_bias,0.0072499999999999995,7.249999999999999,207,0.03588404437624277,0.06318506216598277,0.15331600598340855,0.16966382764873553,0.16582566077547736
longest_high_NIS_segment,estimated_bias,0.0075,7.5,207,0.036061455599219805,0.0631919195186359,0.1533634506987727,0.1697468564734532,0.1658721396217117
longest_high_NIS_segment,estimated_bias,0.00775,7.75,207,0.03631172696598017,0.06320186787584858,0.1534234413899133,0.16985808778557546,0.16593139688112182
longest_high_NIS_segment,estimated_bias,0.008,8.0,207,0.03613027039530949,0.06319648187736414,0.1534987105047736,0.16988539044644915,0.16599894411804042
longest_high_NIS_segment,estimated_bias,0.00825,8.25,207,0.03564665294777733,0.06318416626248327,0.1535879535960996,0.16985930125401455,0.16607678451885677
longest_high_NIS_segment,estimated_bias,0.0085,8.5,207,0.03524066052387818,0.06317530927367329,0.15368355801653455,0.16985776361592972,0.16616183589033262
longest_high_NIS_segment,estimated_bias,0.00875,8.75,207,0.03491588219610046,0.06316991149259149,0.15378552833729567,0.1698809738419667,0.1662541020365002
longest_high_NIS_segment,estimated_bias,0.009000000000000001,9.000000000000002,207,0.03467460010584245,0.06316797380601918,0.1538938519042036,0.16992892179135063,0.16635357095256736
longest_high_NIS_segment,estimated_bias,0.009250000000000001,9.250000000000002,207,0.03451856519414057,0.06316949653236495,0.15400851531138976,0.17000158653269437,0.16646022972641555
longest_high_NIS_segment,estimated_bias,0.009500000000000001,9.500000000000002,207,0.0344489358502987,0.06317447942140494,0.15412950440944218,0.17009893638963108,0.16657406454687287
longest_high_NIS_segment,estimated_bias,0.009750000000000002,9.750000000000002,207,0.03446623575280917,0.06318292165448663,0.15425680431395486,0.17022092900968133,0.16669506071252002
longest_high_NIS_segment,estimated_bias,0.010000000000000002,10.000000000000002,207,0.03457033439689214,0.06319482184520368,0.15439039941454752,0.17036751145609744,0.1668232026410911
longest_high_NIS_segment,estimated_bias,0.010250000000000002,10.250000000000002,207,0.03476045197133302,0.06321017804052967,0.1545302733841653,0.1705386203220598,0.16695847387928628
longest_high_NIS_segment,estimated_bias,0.010500000000000002,10.500000000000002,207,0.03503518816538131,0.06322898772242316,0.15467640918886133,0.1707341818668602,0.16710085711318903
longest_high_NIS_segment,estimated_bias,0.010750000000000003,10.750000000000002,207,0.035392572468125584,0.06325124780988793,0.1548287890978675,0.1709541121732124,0.16725033417909743
longest_high_NIS_segment,estimated_bias,0.011000000000000003,11.000000000000004,207,0.0358301318673547,0.0632769546614854,0.15498739469400405,0.17119831732496293,0.16740688607481674
longest_high_NIS_segment,estimated_bias,0.011250000000000003,11.250000000000004,207,0.03634497077930776,0.06330610407831286,0.15515220688451362,0.1714666936044952,0.16757049297149273
longest_high_NIS_segment,estimated_bias,0.011500000000000003,11.500000000000004,207,0.03693385763574422,0.0633386913074066,0.15532320591207827,0.17175912770853902,0.16774113422574918
longest_high_NIS_segment,estimated_bias,0.011750000000000003,11.750000000000004,207,0.03759331278782162,0.06337471104560906,0.15550037136628922,0.17207549698179367,0.1679187883923901
longest_high_NIS_segment,estimated_bias,0.012000000000000004,12.000000000000004,207,0.038304502104569114,0.06341727480513693,0.15567961685964024,0.1724097698239678,0.16810084428483585
longest_high_NIS_segment,estimated_bias,0.012250000000000004,12.250000000000004,207,0.03894190027547231,0.06345423971579742,0.15584186659728902,0.17271247644423943,0.16826505258798433
longest_high_NIS_segment,estimated_bias,0.012500000000000004,12.500000000000004,207,0.03951939523417285,0.06347617320486044,0.1559827807155789,0.17297871269081808,0.16840383738055917
longest_high_NIS_segment,estimated_bias,0.012750000000000004,12.750000000000004,207,0.04012655608637615,0.06349388150598817,0.15612350692660265,0.1732517327679885,0.1685408627121548
longest_high_NIS_segment,estimated_bias,0.013000000000000005,13.000000000000005,207,0.040392573430496057,0.06352129560659524,0.15627744739269686,0.17346225972082696,0.16869379229573805
longest_high_NIS_segment,estimated_bias,0.013250000000000005,13.250000000000005,207,0.03993740675482379,0.06357606949111466,0.15642604443370725,0.17351086550246772,0.16885207724252368
longest_high_NIS_segment,estimated_bias,0.013500000000000005,13.500000000000005,207,0.03955056470183977,0.06363495024394077,0.15657559245967922,0.1735787147517886,0.16901278959489535
longest_high_NIS_segment,estimated_bias,0.013750000000000005,13.750000000000005,207,0.039258695625945916,0.0636972067250261,0.15673129119773718,0.17367578117668356,0.1691804710511252
longest_high_NIS_segment,estimated_bias,0.013999999999999999,13.999999999999998,207,0.03906392837838523,0.06376282904642652,0.1568931223361994,0.17380201582477997,0.16935510091049946
longest_high_NIS_segment,estimated_bias,0.014249999999999999,14.249999999999998,207,0.038967718980401175,0.0638318068273888,0.1570610669191464,0.17395735519708602,0.16953665770160042
longest_high_NIS_segment,estimated_bias,0.014499999999999999,14.499999999999998,207,0.03897079738475002,0.06390412920230981,0.15723510535704371,0.17414172140687423,0.16972511919496816
longest_high_NIS_segment,estimated_bias,0.01475,14.75,207,0.03907314012406481,0.06397978482907038,0.15741521743779455,0.1743550223736531,0.16992046241627956
longest_high_NIS_segment,estimated_bias,0.015,15.0,207,0.03927397119708294,0.06405876189760377,0.15760138233789878,0.17459715205082746,0.1701226636596972
longest_high_NIS_segment,estimated_bias,0.01525,15.25,207,0.03957179111572995,0.0641410481388112,0.1577935786340151,0.174867990686064,0.1703316985017011
longest_high_NIS_segment,estimated_bias,0.0155,15.5,207,0.039964431620001704,0.0642266308337047,0.15799178431465788,0.17516740511261839,0.17054754181511494
longest_high_NIS_segment,estimated_bias,0.01575,15.75,207,0.04044913152830641,0.06431549682280087,0.15819597679211153,0.1754952490700766,0.17077016778340998
longest_high_NIS_segment,estimated_bias,0.016,16.0,207,0.0410226278066717,0.06440763251580336,0.15840613291466699,0.17585136355295805,0.17099954991540156
longest_high_NIS_segment,estimated_bias,0.01625,16.25,207,0.04168125534357056,0.06450302390143285,0.15862222897888048,0.1762355771848384,0.17123566106000584
longest_high_NIS_segment,estimated_bias,0.0165,16.5,207,0.04242104909063793,0.06460165655754131,0.1588442407421866,0.1766477066165609,0.17147847342141886
longest_high_NIS_segment,estimated_bias,0.01675,16.75,207,0.0432374762718856,0.06470383830859817,0.15907231317446333,0.17708773775985062,0.17172823737096865
longest_high_NIS_segment,estimated_bias,0.017,17.0,207,0.04411089460111226,0.06480836265632807,0.15930543537055297,0.1775503214058088,0.1719835620307812
longest_high_NIS_segment,estimated_bias,0.01725,17.25,207,0.04484442722827925,0.06487289225694168,0.1595135610085276,0.17794406691102246,0.17220066287735947
longest_high_NIS_segment,estimated_bias,0.0175,17.5,207,0.045370985005828875,0.06490901733508214,0.15971050807312062,0.1782670838959887,0.17239671377488705
longest_high_NIS_segment,estimated_bias,0.017750000000000002,17.750000000000004,207,0.045960394055594565,0.06494658949081607,0.15990651145362939,0.17860713791308516,0.17259244448051103
longest_high_NIS_segment,estimated_bias,0.018000000000000002,18.000000000000004,207,0.04618450620922613,0.0649709656742772,0.1601261488004543,0.1788703958851307,0.17280512119238056
longest_high_NIS_segment,estimated_bias,0.018250000000000002,18.250000000000004,207,0.04562578213093095,0.06497999384059128,0.16037918837884368,0.1789569659433214,0.17304301102494696
longest_high_NIS_segment,estimated_bias,0.018500000000000003,18.500000000000004,207,0.04508922691175351,0.06499238752246889,0.16063793869596335,0.17905752195274693,0.1732875003696425
longest_high_NIS_segment,estimated_bias,0.018750000000000003,18.750000000000004,207,0.044635365563766995,0.06500820288006903,0.16090237723921902,0.17918693395987123,0.17353858776343703
longest_high_NIS_segment,estimated_bias,0.019000000000000003,19.000000000000004,207,0.04426674170965276,0.0650274374168308,0.161172476010322,0.17934513949891917,0.17379624460930582
longest_high_NIS_segment,estimated_bias,0.019250000000000003,19.250000000000004,207,0.04398549841978949,0.06505008809972043,0.1614482066009897,0.17953206245040068,0.17406044173348884
longest_high_NIS_segment,estimated_bias,0.019500000000000003,19.500000000000004,207,0.043793319215990084,0.06507615136162373,0.1617295402063921,0.17974761322300098,0.17433114940082264
longest_high_NIS_segment,estimated_bias,0.019750000000000004,19.750000000000004,207,0.043691379375544286,0.06510562310414368,0.16201644763846818,0.17999168896619927,0.17460833733005787
longest_high_NIS_segment,estimated_bias,0.020000000000000004,20.000000000000004,207,0.04368031069704873,0.0651384987008027,0.16230889933924697,0.1802641738124994,0.17489197470928242
longest_high_NIS_segment,estimated_bias,0.020250000000000004,20.250000000000004,207,0.04376018213527472,0.0651747730006669,0.16260686539432995,0.1805649391481376,0.1751820302116008
longest_high_NIS_segment,estimated_bias,0.020500000000000004,20.500000000000004,207,0.04393049766963791,0.0652144403323392,0.16291031554611052,0.1808938439104426,0.17547847201065297
longest_high_NIS_segment,estimated_bias,0.020750000000000005,20.750000000000004,207,0.04419021155823248,0.0652574945083732,0.16321921920723578,0.18125073491076216,0.17578126779645786
longest_high_NIS_segment,estimated_bias,0.021000000000000005,21.000000000000004,207,0.04453775989750339,0.06530392883003455,0.16353354547375729,0.1816354471807288,0.17609038479103753
longest_high_NIS_segment,estimated_bias,0.021250000000000005,21.250000000000004,207,0.04497110631152059,0.06535373609246921,0.16385326313849313,0.1820478043406689,0.17640578976432822
longest_high_NIS_segment,estimated_bias,0.021500000000000005,21.500000000000004,207,0.04548779876128878,0.0654069085902128,0.164178340704157,0.18248761898782667,0.17672744904993873
longest_high_NIS_segment,estimated_bias,0.021750000000000005,21.750000000000007,207,0.04608470188246679,0.06546385153208809,0.16450894180178555,0.182954933078489,0.1770556629711644
longest_high_NIS_segment,estimated_bias,0.022000000000000006,22.000000000000007,207,0.04674253833096709,0.06552623108671458,0.16484367489325197,0.18344478461478161,0.17738975199470144
longest_high_NIS_segment,estimated_bias,0.02225,22.25,207,0.047398996503478306,0.06558070654066862,0.16514746334490674,0.18390535225807692,0.17769218812213047
longest_high_NIS_segment,estimated_bias,0.0225,22.5,207,0.04790853422646266,0.06561836763128728,0.16541023288960582,0.18428657836889947,0.17795031698535516
longest_high_NIS_segment,estimated_bias,0.02275,22.75,207,0.04845181189368003,0.06565455151054087,0.16567141967597698,0.1846757090342,0.1782064517112216
longest_high_NIS_segment,estimated_bias,0.023,23.0,207,0.04874092116633053,0.06570238494474762,0.1659651744006941,0.1850322131344244,0.17849717785242603
longest_high_NIS_segment,estimated_bias,0.02325,23.25,207,0.048263113502467384,0.06577912665913051,0.16629775081817832,0.18523272809137942,0.17883465947970728
longest_high_NIS_segment,estimated_bias,0.0235,23.5,207,0.04776634129679773,0.06585839029895738,0.16663947049440828,0.18543911146332842,0.17918158582685492
longest_high_NIS_segment,estimated_bias,0.02375,23.75,207,0.047349596792017216,0.06594094567426584,0.16698637141249273,0.18567347917862162,0.17953455531993673
longest_high_NIS_segment,estimated_bias,0.024,24.0,207,0.04701500815069461,0.06602678043776429,0.16733842134947458,0.1859357254163946,0.1798935323871067
longest_high_NIS_segment,estimated_bias,0.02425,24.25,207,0.04676433882788789,0.0661158818170881,0.16769558787676342,0.18622573239967122,0.18025848113690643
longest_high_NIS_segment,estimated_bias,0.0245,24.5,207,0.04659894312283092,0.06620823662385579,0.1680578383721359,0.1865433706549773,0.18062936537328428
longest_high_NIS_segment,estimated_bias,0.02475,24.75,207,0.046519730586898456,0.06630383126293148,0.16842514003160403,0.1868884992948639,0.1810061486105064
longest_high_NIS_segment,estimated_bias,0.025,25.0,207,0.04652714140313173,0.06640265174193748,0.1687974598813584,0.18726096632215392,0.18138879408816808
longest_high_NIS_segment,estimated_bias,0.02525,25.25,207,0.04662113426304596,0.0665046836808674,0.16917476478925803,0.18766060895394632,0.18177726478576192
longest_high_NIS_segment,estimated_bias,0.025500000000000002,25.500000000000004,207,0.0468011875100969,0.06660991232194803,0.16955702147648855,0.18808725396440681,0.18217152343743526
longest_high_NIS_segment,estimated_bias,0.025750000000000002,25.750000000000004,207,0.047066313476790786,0.06671832253959914,0.16994419652885842,0.18854071804422723,0.1825715325463892
longest_high_NIS_segment,estimated_bias,0.026000000000000002,26.000000000000004,207,0.047415085107916734,0.06682989885052752,0.17033625640793096,0.1890208081752671,0.18297725439911958
longest_high_NIS_segment,estimated_bias,0.026250000000000002,26.250000000000004,207,0.04784567323014015,0.06694462542400657,0.1707331674622157,0.1895273220189819,0.18338865107972607
longest_high_NIS_segment,estimated_bias,0.026500000000000003,26.500000000000004,207,0.04835589227233803,0.06706248609217139,0.17113489593785816,0.19006004831625767,0.18380568448370752
longest_high_NIS_segment,estimated_bias,0.026750000000000003,26.750000000000004,207,0.04894325191098768,0.0671834643605101,0.17154140798951661,0.19061876729778768,0.18422831633195189
longest_high_NIS_segment,estimated_bias,0.027000000000000003,27.000000000000004,207,0.04958551083552766,0.06730595610655508,0.17193619242005106,0.19118281532643713,0.18464058598077057
longest_high_NIS_segment,estimated_bias,0.027250000000000003,27.250000000000004,207,0.05013441330200138,0.067401811670383,0.17228717477162994,0.1916750745516376,0.18500236432878345
longest_high_NIS_segment,estimated_bias,0.027500000000000004,27.500000000000004,207,0.05053035568105963,0.0674165244045515,0.17260071670148067,0.19206590539163543,0.18529974411383912
longest_high_NIS_segment,estimated_bias,0.027750000000000004,27.750000000000004,207,0.05092872910118328,0.06737829644937471,0.17292128176365112,0.19244568056224476,0.18558449428549745
longest_high_NIS_segment,estimated_bias,0.028000000000000004,28.000000000000004,207,0.05103496128065048,0.0673100613300172,0.17327889165955906,0.19277133065871946,0.18589303013027642
longest_high_NIS_segment,estimated_bias,0.028250000000000004,28.250000000000004,207,0.0506892061957312,0.0672263437791466,0.17367123847086538,0.19300382378250838,0.1862285702300165
longest_high_NIS_segment,estimated_bias,0.028500000000000004,28.500000000000004,207,0.05013269945948759,0.06714539460073991,0.17406709890675764,0.19318681759633427,0.18656864403726586
longest_high_NIS_segment,estimated_bias,0.028750000000000005,28.750000000000004,207,0.04965150018853189,0.0670676634694751,0.1744676652768861,0.19339676621234936,0.18691451979560694
longest_high_NIS_segment,estimated_bias,0.029000000000000005,29.000000000000004,207,0.04924781591490366,0.06699316158691321,0.17487290524276822,0.19363358195273023,0.18726616535684293
longest_high_NIS_segment,estimated_bias,0.029250000000000005,29.250000000000004,207,0.04892356548065704,0.06692189973808604,0.1752827863894993,0.19389716637527593,0.18762354827958375
longest_high_NIS_segment,estimated_bias,0.029500000000000005,29.500000000000007,207,0.0486803361926671,0.06685388828399118,0.17569727623504386,0.19418741047486263,0.18798663584175787
longest_high_NIS_segment,estimated_bias,0.029750000000000006,29.750000000000007,207,0.04851934655226115,0.06678913715426357,0.176116342239731,0.19450419490481816,0.1883553950533753
longest_high_NIS_segment,estimated_bias,0.03,30.0,207,0.04844141650926282,0.06672765584016419,0.17653995181520907,0.19484739021671194,0.18872979266888346
max_NIS_segment,estimated_bias,-0.03,-30.0,163,0.058721773739816796,0.08637217752906742,0.22762102777958307,0.2504390785195009,0.24345735835777588
max_NIS_segment,estimated_bias,-0.02975,-29.75,163,0.05862180784775899,0.08623605414106825,0.22665559014573455,0.24949134240183973,0.24250652275378587
max_NIS_segment,estimated_bias,-0.0295,-29.5,163,0.05861024182481603,0.08610693974638801,0.22569412385180912,0.24857072044085815,0.24156208852740912
max_NIS_segment,estimated_bias,-0.029249999999999998,-29.25,163,0.05868712793638747,0.08598486591904306,0.22473667986836693,0.24767751498833027,0.2406241310537508
max_NIS_segment,estimated_bias,-0.028999999999999998,-28.999999999999996,163,0.058852119514220425,0.08586986268593888,0.22378330982297454,0.24681202370294592,0.23969272636654507
max_NIS_segment,estimated_bias,-0.028749999999999998,-28.749999999999996,163,0.05910447871729971,0.08576195849121515,0.22283406600538033,0.24597453913196554,0.2387679511507755
max_NIS_segment,estimated_bias,-0.028499999999999998,-28.499999999999996,163,0.059443092826738465,0.08566118016204566,0.22188900137163825,0.24516534828818198,0.23784988273374727
max_NIS_segment,estimated_bias,-0.028249999999999997,-28.249999999999996,163,0.059866498247392534,0.08556755287619572,0.22094816954890414,0.2443847322249017,0.2369385990762836
max_NIS_segment,estimated_bias,-0.027999999999999997,-27.999999999999996,163,0.06032551866632413,0.08546822582608692,0.2200175725218654,0.24362208037580316,0.23603506062505475
max_NIS_segment,estimated_bias,-0.027749999999999997,-27.749999999999996,163,0.060693987913529764,0.08533237158666052,0.21915641772864922,0.24288867664241948,0.23518322447032247
max_NIS_segment,estimated_bias,-0.0275,-27.5,163,0.06105531312196483,0.08519000082844176,0.2183153924701951,0.24217080354779846,0.2343479183405844
max_NIS_segment,estimated_bias,-0.02725,-27.25,163,0.0612322321623526,0.08503975692803858,0.21747927008574108,0.24140915357747075,0.23351443890133777
max_NIS_segment,estimated_bias,-0.027,-27.0,163,0.060867026975570435,0.08484835486270643,0.2165692143652701,0.24042933037910097,0.23259722254080778
max_NIS_segment,estimated_bias,-0.02675,-26.75,163,0.05986155770898256,0.0846479994098202,0.2155966452108268,0.2392291857646009,0.2316186461195386
max_NIS_segment,estimated_bias,-0.0265,-26.5,163,0.05893063384625839,0.08445455519055334,0.21462827085792044,0.23805605673751903,0.23064662699440264
max_NIS_segment,estimated_bias,-0.02625,-26.25,163,0.05807832865830736,0.08426802014253792,0.2136640519229768,0.23691035976214733,0.22968114050328056
max_NIS_segment,estimated_bias,-0.026,-26.0,163,0.05730814997883193,0.08408844024601853,0.212704044917268,0.23579249470916516,0.2287222693730879
max_NIS_segment,estimated_bias,-0.02575,-25.75,163,0.056623449102767134,0.08391586015308897,0.2117483071280036,0.23470285926060164,0.22777009715238766
max_NIS_segment,estimated_bias,-0.0255,-25.5,163,0.056027359946954444,0.08375032313617406,0.21079689662403212,0.23364184837986976,0.22682470820379436
max_NIS_segment,estimated_bias,-0.025249999999999998,-25.249999999999996,163,0.055522736577007244,0.08359187103752223,0.2098498722621854,0.23260985376593363,0.2258861876963912
max_NIS_segment,estimated_bias,-0.024999999999999998,-24.999999999999996,163,0.05511209151730639,0.08344054421953197,0.2089072936925619,0.23160726329071368,0.22495462159645002
max_NIS_segment,estimated_bias,-0.024749999999999998,-24.749999999999996,163,0.05479753758938987,0.08329638151628221,0.20796922136408835,0.23063446042244384,0.22403009665777324
max_NIS_segment,estimated_bias,-0.0245,-24.5,163,0.05458073616533205,0.08315942018628783,0.20703571652979222,0.2296918236356568,0.22311270041107942
max_NIS_segment,estimated_bias,-0.02425,-24.25,163,0.05446285463392672,0.0830296958665373,0.20610684125124096,0.22877972580875727,0.22220252115188507
max_NIS_segment,estimated_bias,-0.024,-24.0,163,0.05444453553334806,0.0829072425281339,0.20518265840345287,0.22789853361215137,0.22129964792815845
max_NIS_segment,estimated_bias,-0.02375,-23.75,163,0.05452587921387277,0.08279209243343062,0.20426323167867005,0.22704860688708398,0.22040417052614897
max_NIS_segment,estimated_bias,-0.0235,-23.5,163,0.05470644110787315,0.08268427609497107,0.20334862559029282,0.22623029801841232,0.21951617945566215
max_NIS_segment,estimated_bias,-0.02325,-23.25,163,0.05498524377839757,0.08258382223627043,0.20243890547642146,0.2254439513027867,0.21863576593422093
max_NIS_segment,estimated_bias,-0.023,-23.0,163,0.055409224735537645,0.08247000779887134,0.2015357905491997,0.2246957036625981,0.21775669233949344
max_NIS_segment,estimated_bias,-0.02275,-22.75,163,0.05569237350638884,0.08235432314682174,0.20071280902967245,0.22398550559428623,0.21695129925758205
max_NIS_segment,estimated_bias,-0.0225,-22.5,163,0.05597175281785143,0.08222470031322564,0.19994576188880475,0.22332050096754896,0.2161925277129031
max_NIS_segment,estimated_bias,-0.02225,-22.25,163,0.05611810334737422,0.08208856000541935,0.19918264230608954,0.22262411864644302,0.2154350405105886
max_NIS_segment,estimated_bias,-0.022,-22.0,163,0.05572571378295099,0.08192578736237228,0.19836728323094235,0.22173580871836854,0.21461922954705048
max_NIS_segment,estimated_bias,-0.02175,-21.75,163,0.054800675988012776,0.08173815746427293,0.19750607768394385,0.2206646577875431,0.21375167159054068
max_NIS_segment,estimated_bias,-0.0215,-21.5,163,0.05395607734250422,0.08155800847695384,0.19664933745873836,0.21962224147812973,0.21289121792522966
max_NIS_segment,estimated_bias,-0.021249999999999998,-21.249999999999996,163,0.05320032162643428,0.08138508239232543,0.1957981085966473,0.21861085331516858,0.2120387487371827
max_NIS_segment,estimated_bias,-0.020999999999999998,-20.999999999999996,163,0.05253724303434304,0.08121942534574869,0.1949524632912477,0.21763092588708194,0.21119436071263584
max_NIS_segment,estimated_bias,-0.020749999999999998,-20.749999999999996,163,0.05197038902746555,0.081061081902411,0.19411247451630725,0.21668288602863756,0.2103581511661324
max_NIS_segment,estimated_bias,-0.020499999999999997,-20.499999999999996,163,0.0515029369182289,0.08091009500112735,0.19327821602178152,0.2157671540639515,0.20953021801557387
max_NIS_segment,estimated_bias,-0.020249999999999997,-20.249999999999996,163,0.05113761269619444,0.08076650589942991,0.19244976232907465,0.21488414303523182,0.20871065975584469
max_NIS_segment,estimated_bias,-0.019999999999999997,-19.999999999999996,163,0.05087661642494138,0.08063035412002302,0.19162718872506657,0.21403425791924813,0.2078995754305251
max_NIS_segment,estimated_bias,-0.019749999999999997,-19.749999999999996,163,0.05072155864087749,0.0805016773989645,0.1908105712560582,0.2132178948354715,0.20709706460283356
max_NIS_segment,estimated_bias,-0.019499999999999997,-19.499999999999996,163,0.050673411850715895,0.08038051163547175,0.1899999867201436,0.21243544024721306,0.20630322732433187
max_NIS_segment,estimated_bias,-0.019249999999999996,-19.249999999999996,163,0.0507324804415088,0.08026689084374887,0.18919551265947573,0.21168727016037647,0.2055181641028455
max_NIS_segment,estimated_bias,-0.019,-19.0,163,0.05089839113790118,0.08016084710675203,0.18839722735095357,0.21097374932162943,0.20474197586816184
max_NIS_segment,estimated_bias,-0.01875,-18.75,163,0.05117010469629976,0.08006241053221345,0.18760520979645812,0.21029523042054957,0.20397476393662467
max_NIS_segment,estimated_bias,-0.0185,-18.5,163,0.0515459479916261,0.07997160921098133,0.18681953971213566,0.20965205329880165,0.203216629974144
max_NIS_segment,estimated_bias,-0.01825,-18.25,163,0.05202366422702842,0.0798884691777613,0.18604029751625578,0.20904454416968088,0.20246767595718348
max_NIS_segment,estimated_bias,-0.018,-18.0,163,0.05262086014582067,0.07979237067674833,0.1852681751512064,0.20847079906922145,0.20172039842830394
max_NIS_segment,estimated_bias,-0.01775,-17.75,163,0.05297504681246742,0.0796620747798463,0.18455180340991745,0.20787440892246875,0.20101098054604538
max_NIS_segment,estimated_bias,-0.017499999999999998,-17.499999999999996,163,0.05315694937084919,0.07950534375796461,0.18386073724074659,0.20724751301571268,0.20031442879828443
max_NIS_segment,estimated_bias,-0.017249999999999998,-17.249999999999996,163,0.0532164714531957,0.07934698436582284,0.18316300072914501,0.2065832074443218,0.1996111939848437
max_NIS_segment,estimated_bias,-0.016999999999999998,-16.999999999999996,163,0.052562208383327716,0.07917860420910149,0.18243295393421566,0.2057032323416371,0.19887441777580434
max_NIS_segment,estimated_bias,-0.01675,-16.75,163,0.05118551654982579,0.07898095651638387,0.18166047922984385,0.204593446402205,0.1980871555812225
max_NIS_segment,estimated_bias,-0.0165,-16.5,163,0.04988157972626853,0.07879064801510623,0.18089466561076592,0.20351662894480946,0.19730901211316015
max_NIS_segment,estimated_bias,-0.01625,-16.25,163,0.04865629156345694,0.07860773057986234,0.1801355997342565,0.20247331751923422,0.1965400966686862
max_NIS_segment,estimated_bias,-0.016,-16.0,163,0.047515736789245214,0.07843225592234862,0.17938336726009196,0.2014640326739804,0.1957805179752005
max_NIS_segment,estimated_bias,-0.01575,-15.75,163,0.04646615540081712,0.07826427410445047,0.1786380545132028,0.20048928829015142,0.19503038512334062
max_NIS_segment,estimated_bias,-0.015499999999999998,-15.499999999999998,163,0.04551384156543496,0.07810383347187606,0.17789974846449205,0.19954959053021287,0.1942898075214758
max_NIS_segment,estimated_bias,-0.015249999999999998,-15.249999999999998,163,0.0446650173127332,0.07795098058898232,0.17716853670994104,0.19864543676176505,0.19355889484786182
max_NIS_segment,estimated_bias,-0.015,-15.0,163,0.043925682581507086,0.07780576017521666,0.1764445074490222,0.19777731446154967,0.19283775700150474
max_NIS_segment,estimated_bias,-0.01475,-14.75,163,0.04330144605151799,0.0776682150430885,0.17572774946113,0.19694570010235218,0.19212650405046441
max_NIS_segment,estimated_bias,-0.014499999999999999,-14.499999999999998,163,0.04279734444154488,0.07753838603808519,0.17501835208104485,0.19615105802876492,0.19142524617864717
max_NIS_segment,estimated_bias,-0.014249999999999999,-14.249999999999998,163,0.04241766110411288,0.07741631198061992,0.17431640517297547,0.19539383932625154,0.19073409363066068
max_NIS_segment,estimated_bias,-0.013999999999999999,-13.999999999999998,163,0.042165757161875574,0.0773020296101334,0.17362199910276066,0.19467448068845397,0.19005315665435546
max_NIS_segment,estimated_bias,-0.013749999999999998,-13.749999999999998,163,0.04204392942772273,0.07719557353170535,0.17293522470920214,0.19399340328947912,0.18938254544205269
max_NIS_segment,estimated_bias,-0.013499999999999998,-13.499999999999998,163,0.042053308402662054,0.07709697616513739,0.17225617327327197,0.19335101166574917,0.18872237006926143
max_NIS_segment,estimated_bias,-0.013249999999999998,-13.249999999999998,163,0.04219380659163621,0.07700626769688418,0.17158493648643375,0.19274769261485358,0.18807274043214683
max_NIS_segment,estimated_bias,-0.012999999999999998,-12.999999999999998,163,0.04247083134436919,0.07691212247011016,0.17092732345478293,0.19218583715080326,0.18743432045992325
max_NIS_segment,estimated_bias,-0.012749999999999997,-12.749999999999998,163,0.04268397745993017,0.07678038174579706,0.17031236440299408,0.19163363593421803,0.18681950778644232
max_NIS_segment,estimated_bias,-0.012499999999999997,-12.499999999999996,163,0.04283268691019586,0.07666768407869425,0.16973118120280498,0.1911053288698061,0.1862434096941148
max_NIS_segment,estimated_bias,-0.012249999999999997,-12.249999999999996,163,0.04300231651744824,0.07652667187200139,0.16915735926971553,0.1905773935407224,0.18566244559120884
max_NIS_segment,estimated_bias,-0.011999999999999997,-11.999999999999996,163,0.04255471670555467,0.07636615672950867,0.16856061737457684,0.1898825308900858,0.1850526185260138
max_NIS_segment,estimated_bias,-0.01175,-11.75,163,0.04153035209102219,0.07617711165021517,0.16793387919933261,0.18902251259336716,0.18440374215916927
max_NIS_segment,estimated_bias,-0.0115,-11.5,163,0.040613332550533246,0.07599487246347465,0.1673144823544264,0.18819882950520608,0.1837644052755305
max_NIS_segment,estimated_bias,-0.01125,-11.25,163,0.03981480205785544,0.07582035720694319,0.16670356026631367,0.18741403905620077,0.18313602478063384
max_NIS_segment,estimated_bias,-0.011,-11.0,163,0.03914201311806773,0.07565361933253678,0.16610120644570087,0.18666863178307358,0.1825187138373206
max_NIS_segment,estimated_bias,-0.01075,-10.75,163,0.03860154096603621,0.07549471037175007,0.16550751444363795,0.18596308127254188,0.18191258513754743
max_NIS_segment,estimated_bias,-0.010499999999999999,-10.499999999999998,163,0.03819900240784033,0.07534367986096678,0.1649225778031108,0.18529784280765166,0.1813177508249399
max_NIS_segment,estimated_bias,-0.010249999999999999,-10.249999999999998,163,0.03793878821131951,0.07520057526872549,0.16434649000960036,0.18467335203046017,0.1807343224161446
max_NIS_segment,estimated_bias,-0.009999999999999998,-9.999999999999998,163,0.03782383590962182,0.07506544192489173,0.16377934443957676,0.1840900236279924,0.18016241071998568
max_NIS_segment,estimated_bias,-0.009749999999999998,-9.749999999999998,163,0.03785546883712528,0.07493832295219134,0.16322123430778976,0.18354825005083514,0.17960212575536336
max_NIS_segment,estimated_bias,-0.009499999999999998,-9.499999999999998,163,0.03803332124367767,0.07481925920023752,0.16267225261303508,0.1830484002724313,0.17905357666763164
max_NIS_segment,estimated_bias,-0.009249999999999998,-9.249999999999998,163,0.03835535913999753,0.07470828918221498,0.1621324920821217,0.1825908185973515,0.17851687164325036
max_NIS_segment,estimated_bias,-0.008999999999999998,-8.999999999999998,163,0.038817994160904215,0.07460544901461431,0.16160204511286,0.1821758235277311,0.17799211782360203
max_NIS_segment,estimated_bias,-0.008749999999999997,-8.749999999999998,163,0.03941627598567969,0.074510772360026,0.16108100371517328,0.18180370669531074,0.17747942121715207
max_NIS_segment,estimated_bias,-0.008499999999999997,-8.499999999999996,163,0.040144140300567226,0.07442429037336507,0.16056945945115658,0.18147473186779256,0.1769788866108485
max_NIS_segment,estimated_bias,-0.008249999999999997,-8.249999999999996,163,0.04099468544026752,0.07434603165164713,0.16006750337380898,0.181189134036836,0.17649061748056763
max_NIS_segment,estimated_bias,-0.008,-8.0,163,0.04190553371076486,0.07426461662754186,0.15957938727402643,0.18093337967653603,0.17601367596181122
max_NIS_segment,estimated_bias,-0.00775,-7.75,163,0.042486464838055786,0.07414896301871209,0.1591212081802071,0.18061762733441747,0.17554950187761612
max_NIS_segment,estimated_bias,-0.0075,-7.5,163,0.04278036606585532,0.07402647133650282,0.1586783276283755,0.1802467470946445,0.17509634524304654
max_NIS_segment,estimated_bias,-0.0072499999999999995,-7.249999999999999,163,0.04295352942113654,0.07390361001433493,0.15824118772380896,0.17985278078229736,0.17464826671167583
max_NIS_segment,estimated_bias,-0.006999999999999999,-6.999999999999999,163,0.04207788626773289,0.0738274552162831,0.15779092974296943,0.1792177981273714,0.17420812453173068
max_NIS_segment,estimated_bias,-0.006749999999999999,-6.749999999999999,163,0.04057958861915066,0.07377971091052814,0.15732799207540854,0.17844395715467767,0.17376864743825604
max_NIS_segment,estimated_bias,-0.006499999999999999,-6.499999999999999,163,0.039161488929354116,0.07374067983294759,0.15687496998688694,0.1777106251347282,0.17334198588516275
max_NIS_segment,estimated_bias,-0.006249999999999999,-6.249999999999998,163,0.037836894842474725,0.07371020826958803,0.15643208412624995,0.17701927115020183,0.17292828498319232
max_NIS_segment,estimated_bias,-0.005999999999999998,-5.999999999999998,163,0.03661595555192837,0.07368830683903578,0.155999420824508,0.17637038885075532,0.17252763796674964
max_NIS_segment,estimated_bias,-0.005749999999999998,-5.749999999999998,163,0.03550936473859709,0.07367498318424334,0.1555770653691543,0.17576444862433183,0.17214013598250893
max_NIS_segment,estimated_bias,-0.005499999999999998,-5.499999999999998,163,0.034528118407910445,0.07367024195921969,0.15516510193327457,0.17520189602023192,0.1717658679956337
max_NIS_segment,estimated_bias,-0.005249999999999998,-5.249999999999997,163,0.033683172815880826,0.0736740848209076,0.15476361350411996,0.17468315021774536,0.17140492069672592
max_NIS_segment,estimated_bias,-0.0049999999999999975,-4.999999999999997,163,0.032985004086608725,0.0736865104262886,0.1543726818110359,0.1742086025514483,0.1710573784095117
max_NIS_segment,estimated_bias,-0.004749999999999997,-4.749999999999997,163,0.03244308942969648,0.07370751443472719,0.15399238725343997,0.17377861510526033,0.17072332299999005
max_NIS_segment,estimated_bias,-0.004499999999999997,-4.499999999999997,163,0.0320653520546637,0.07373708951555237,0.15362280882826446,0.17339351938552836,0.1704028337866189
max_NIS_segment,estimated_bias,-0.004249999999999997,-4.2499999999999964,163,0.031857632469081805,0.07377522536082305,0.1532640240577041,0.17305361508485118,0.17009598745238153
max_NIS_segment,estimated_bias,-0.003999999999999997,-3.9999999999999964,163,0.03182326011235002,0.07382190870326151,0.1529161089167256,0.17275916894626125,0.16980285795835287
max_NIS_segment,estimated_bias,-0.00375,-3.75,163,0.031962794235171725,0.07387712333924774,0.152579137761012,0.17251041373811682,0.16952351645944672
max_NIS_segment,estimated_bias,-0.0034999999999999996,-3.4999999999999996,163,0.03227397930158289,0.07394085015678775,0.1522531832552549,0.1723075473484135,0.16925803122235222
max_NIS_segment,estimated_bias,-0.0032499999999999994,-3.2499999999999996,163,0.03275192296793856,0.0740130671683865,0.1519383163017597,0.17215073200652808,0.16900646754572934
max_NIS_segment,estimated_bias,-0.002999999999999999,-2.999999999999999,163,0.03338946495127969,0.07409374954860819,0.15163460596997919,0.1720400936397544,0.16876888768325377
max_NIS_segment,estimated_bias,-0.002749999999999999,-2.749999999999999,163,0.03376597366911751,0.07407898037976611,0.15138099837798652,0.17188380663065755,0.16853457213290615
max_NIS_segment,estimated_bias,-0.0024999999999999988,-2.4999999999999987,163,0.033780406819277194,0.07399550982303565,0.15116379606435343,0.1716593854102719,0.16830278879019328
max_NIS_segment,estimated_bias,-0.0022499999999999985,-2.2499999999999987,163,0.03383234147521734,0.07391895719083874,0.15095505387312486,0.17145281523414768,0.16808164837964634
max_NIS_segment,estimated_bias,-0.0019999999999999983,-1.9999999999999982,163,0.03314839626106296,0.0738307013251751,0.15074481935413142,0.17109584797696692,0.1678540229493381
max_NIS_segment,estimated_bias,-0.001749999999999998,-1.749999999999998,163,0.03201138816488812,0.07372860773465514,0.15053487859545364,0.1706498937722545,0.16762057532486463
max_NIS_segment,estimated_bias,-0.0014999999999999979,-1.4999999999999978,163,0.03100816926717626,0.07363502614614831,0.15033648487737858,0.17024888346809236,0.1674012418138833
max_NIS_segment,estimated_bias,-0.0012499999999999976,-1.2499999999999976,163,0.03015209680708436,0.07354998905049996,0.15014968397146727,0.16989313531724565,0.16719607796255315
max_NIS_segment,estimated_bias,-0.0009999999999999974,-0.9999999999999974,163,0.02945600302018308,0.07347352611549265,0.14997451919602897,0.16958293417042022,0.16700513599265157
max_NIS_segment,estimated_bias,-0.0007499999999999972,-0.7499999999999972,163,0.028931437528822594,0.07340566413492468,0.14981103136728394,0.1693185303618681,0.16682846473674298
max_NIS_segment,estimated_bias,-0.000499999999999997,-0.499999999999997,163,0.028587844139505485,0.0733464269822734,0.14965925875295807,0.16910013871696106,0.16666610957705472
max_NIS_segment,estimated_bias,-0.00024999999999999675,-0.24999999999999675,163,0.028431784662667058,0.07329583556910156,0.14951923702835523,0.16892793769065706,0.1665181123881551
max_NIS_segment,estimated_bias,0.0,0.0,163,0.028466343586137127,0.07325390780846194,0.1493909992352416,0.16880206864514014,0.1663845114838355
max_NIS_segment,estimated_bias,0.0002500000000000002,0.2500000000000002,163,0.02869083210231217,0.07322065858334731,0.1492745757433925,0.16872263527301834,0.1662653415680758
max_NIS_segment,estimated_bias,0.0005000000000000004,0.5000000000000004,163,0.029100855103984354,0.07319609972039502,0.1491699942151147,0.1686897031718251,0.1661606336904604
max_NIS_segment,estimated_bias,0.0007500000000000007,0.7500000000000007,163,0.029688726485677937,0.07318023996891346,0.14907727957274425,0.16870329957371702,0.1660704152060743
max_NIS_segment,estimated_bias,0.0010000000000000009,1.0000000000000009,163,0.03044414532224387,0.07317308498531465,0.14899645396916353,0.16876341323300809,0.1659947097399587
max_NIS_segment,estimated_bias,0.0012500000000000011,1.250000000000001,163,0.03135500406569026,0.07317463732304454,0.14892753676155665,0.16886999447262196,0.16593353715636847
max_NIS_segment,estimated_bias,0.0015000000000000013,1.5000000000000013,163,0.03240819907085731,0.07318489642802488,0.14887054448831688,0.16902295538903878,0.16588691353276988
max_NIS_segment,estimated_bias,0.0017500000000000016,1.7500000000000016,163,0.03359034452900473,0.07320385863964511,0.14882549084929564,0.16922217021372868,0.16585485113878015
max_NIS_segment,estimated_bias,0.0020000000000000018,2.0000000000000018,163,0.034888334950715964,0.07323151719728357,0.1487923866893863,0.16946747582758542,0.1658373584200493
max_NIS_segment,estimated_bias,0.002250000000000002,2.2500000000000018,163,0.03573670280280675,0.07324835468749044,0.14876106107644646,0.16962395669312397,0.1658166902245207
max_NIS_segment,estimated_bias,0.0025000000000000022,2.500000000000002,163,0.03590247180030835,0.0732545808429016,0.14873012821411538,0.16963452518408018,0.16579169054285078
max_NIS_segment,estimated_bias,0.0027500000000000024,2.7500000000000027,163,0.0361067996957162,0.07326744716819632,0.14870807705673833,0.1696641151826863,0.16577759497729863
max_NIS_segment,estimated_bias,0.0030000000000000027,3.0000000000000027,163,0.03589886016019016,0.07328741103989536,0.14867229931161538,0.16959724455407293,0.1657543278455592
max_NIS_segment,estimated_bias,0.003250000000000003,3.2500000000000027,163,0.03523200324201698,0.07330031677854885,0.14862108739943963,0.16941799819403186,0.1657141033817807
max_NIS_segment,estimated_bias,0.003500000000000003,3.500000000000003,163,0.03470731952702042,0.07332185922265048,0.14858180160500137,0.16928450855528646,0.16568840275666297
max_NIS_segment,estimated_bias,0.0037500000000000033,3.7500000000000036,163,0.03433132810889575,0.073352030762767,0.14855445139002796,0.1691968839386079,0.16567723272922597
max_NIS_segment,estimated_bias,0.0040000000000000036,4.0000000000000036,163,0.03410894655881986,0.07339082075643617,0.14853904334754395,0.1691551956200557,0.16568059623838538
max_NIS_segment,estimated_bias,0.004250000000000004,4.2500000000000036,163,0.03404318530407733,0.07343821554687859,0.14853558119394353,0.16915947756179714,0.16569849239909334
max_NIS_segment,estimated_bias,0.004500000000000004,4.5000000000000036,163,0.03413494954742774,0.07349419848696617,0.14854406576450294,0.1692097262739231,0.1657309165035014
max_NIS_segment,estimated_bias,0.004750000000000004,4.750000000000004,163,0.03438297805930679,0.07355874996830257,0.1485644950123789,0.1693059008286751,0.1657778600271532
max_NIS_segment,estimated_bias,0.0050000000000000044,5.000000000000004,163,0.03478392825012462,0.07363184745530796,0.1485968640110699,0.16944792302685788,0.16583931064016802
max_NIS_segment,estimated_bias,0.005250000000000005,5.250000000000004,163,0.03533259449089084,0.07371346552421933,0.14864116496036298,0.16963567771498375,0.16591525222342912
max_NIS_segment,estimated_bias,0.005500000000000005,5.500000000000005,163,0.03602222768050486,0.07380357590675045,0.1486973871957068,0.16986901324997314,0.1660056648896459
max_NIS_segment,estimated_bias,0.005750000000000005,5.750000000000005,163,0.03684491315420105,0.073902147538369,0.14876551720104578,0.17014774210731717,0.1661105250093368
max_NIS_segment,estimated_bias,0.006000000000000005,6.000000000000005,163,0.037791962747049476,0.07400914661085325,0.1488455386249975,0.17047164162671385,0.16622980524151615
max_NIS_segment,estimated_bias,0.006249999999999999,6.249999999999998,163,0.0388542836231799,0.07412453662908125,0.14893743230042586,0.1708404548887366,0.16636347456914913
max_NIS_segment,estimated_bias,0.006499999999999999,6.499999999999999,163,0.040022697911741935,0.0742482784717036,0.14904117626726993,0.17125389171425456,0.16651149833913292
max_NIS_segment,estimated_bias,0.006749999999999999,6.749999999999999,163,0.04128819958603232,0.07438033045551484,0.149156745798588,0.1717116297778116,0.16667383830672466
max_NIS_segment,estimated_bias,0.006999999999999999,6.999999999999999,163,0.042537125376130955,0.07455359217211482,0.14928237930510987,0.17220009846694456,0.16686361759461144
max_NIS_segment,estimated_bias,0.0072499999999999995,7.249999999999999,163,0.04327896095457119,0.07477024772810119,0.1494282628519121,0.17260493661992712,0.16709098026004204
max_NIS_segment,estimated_bias,0.0075,7.5,163,0.04333855203189507,0.07500068522770617,0.14958189110144202,0.1728527553217778,0.16733154194624847
max_NIS_segment,estimated_bias,0.00775,7.75,163,0.043189195292211865,0.0752278690296222,0.1497437174914139,0.17305409500175142,0.16757808092613538
max_NIS_segment,estimated_bias,0.008,8.0,163,0.0426773034191247,0.07542993087129324,0.14992734107700212,0.1731740000715923,0.16783289925895883
max_NIS_segment,estimated_bias,0.00825,8.25,163,0.0417691747181142,0.07559178249085924,0.15013552098854258,0.17320351093230996,0.16809161859725924
max_NIS_segment,estimated_bias,0.0085,8.5,163,0.04096856656341781,0.07576085604785086,0.1503557091400556,0.17327714802123614,0.16836432692263578
max_NIS_segment,estimated_bias,0.00875,8.75,163,0.04028394662610518,0.07593786027929614,0.15058726789927332,0.17339515631337654,0.16865077490828614
max_NIS_segment,estimated_bias,0.009000000000000001,9.000000000000002,163,0.03972131273233251,0.07612273986284569,0.15083014489673033,0.17355744529974768,0.16895089266942376
max_NIS_segment,estimated_bias,0.009250000000000001,9.250000000000002,163,0.039285906308399475,0.07631543756272648,0.15108428554822098,0.17376389091085384,0.1692646074937309
max_NIS_segment,estimated_bias,0.009500000000000001,9.500000000000002,163,0.0389819907604984,0.07651589431151838,0.15134963311324964,0.17401433598832686,0.16959184392477936
max_NIS_segment,estimated_bias,0.009750000000000002,9.750000000000002,163,0.03881265505888752,0.07672404929307458,0.1516261287550937,0.174308590878082,0.16993252384750362
max_NIS_segment,estimated_bias,0.010000000000000002,10.000000000000002,163,0.03877966221715528,0.07693984002646549,0.15191371160250422,0.17464643414001782,0.17028656657571942
max_NIS_segment,estimated_bias,0.010250000000000002,10.250000000000002,163,0.03888335930087949,0.07716320245041389,0.15221231881251618,0.1750276133677424,0.1706538889409984
max_NIS_segment,estimated_bias,0.010500000000000002,10.500000000000002,163,0.0391226594092686,0.0773940710083425,0.15252188563469787,0.1754518461118658,0.17103440538326845
max_NIS_segment,estimated_bias,0.010750000000000003,10.750000000000002,163,0.039495097770174625,0.07763237873350685,0.15284234547630052,0.1759188208987177,0.1714280280424396
max_NIS_segment,estimated_bias,0.011000000000000003,11.000000000000004,163,0.03999695533892572,0.07787805733410544,0.15317362996831688,0.17642819833628945,0.17183466685103177
max_NIS_segment,estimated_bias,0.011250000000000003,11.250000000000004,163,0.04062343590568466,0.07813103727830198,0.15351566903250466,0.1769796122988865,0.17225422962784082
max_NIS_segment,estimated_bias,0.011500000000000003,11.500000000000004,163,0.04136887807359128,0.07839124787861047,0.1538683909487742,0.17757267118055697,0.17268662217187106
max_NIS_segment,estimated_bias,0.011750000000000003,11.750000000000004,163,0.04222698214701285,0.07865861737588488,0.15423172242338837,0.17820695920871082,0.17313174835705605
max_NIS_segment,estimated_bias,0.012000000000000004,12.000000000000004,163,0.04313769457307144,0.07892625387650903,0.15459867277262387,0.17886017965750672,0.17358024995383542
max_NIS_segment,estimated_bias,0.012250000000000004,12.250000000000004,163,0.043698163239603766,0.07916650230796775,0.15493097420201332,0.17938916167198463,0.17398546449305008
max_NIS_segment,estimated_bias,0.012500000000000004,12.500000000000004,163,0.04378648317257534,0.07941304476598925,0.15525000593945928,0.17979502810653405,0.17438175369919626
max_NIS_segment,estimated_bias,0.012750000000000004,12.750000000000004,163,0.043697147223045754,0.07965195276475773,0.15557164560672382,0.18015662955177586,0.1747769163706216
max_NIS_segment,estimated_bias,0.013000000000000005,13.000000000000005,163,0.04379027424599806,0.07978743740889642,0.1559536045969742,0.18056896209927015,0.17517865724758808
max_NIS_segment,estimated_bias,0.013250000000000005,13.250000000000005,163,0.04384198521740923,0.0798957052392904,0.15637840607175876,0.1809962686605196,0.17560617757136981
max_NIS_segment,estimated_bias,0.013500000000000005,13.500000000000005,163,0.04401719293374558,0.08001175319871662,0.15681323687986348,0.18146565841623888,0.17604622094970546
max_NIS_segment,estimated_bias,0.013750000000000005,13.750000000000005,163,0.04431509355172957,0.08013550615603075,0.15725804985857297,0.18197697961199158,0.17649870705533416
max_NIS_segment,estimated_bias,0.013999999999999999,13.999999999999998,163,0.04473323592136415,0.08026692847327636,0.1577127605467348,0.18252987986026342,0.17696354044210852
max_NIS_segment,estimated_bias,0.014249999999999999,14.249999999999998,163,0.04526828815257381,0.0804059825441316,0.15817728358587824,0.18312398254668608,0.17744062407322214
max_NIS_segment,estimated_bias,0.014499999999999999,14.499999999999998,163,0.04591616344270459,0.08055262884561923,0.15865153278588778,0.18375888804231724,0.17792985940884606
max_NIS_segment,estimated_bias,0.01475,14.75,163,0.04667216359995818,0.08070682599195338,0.15913542119026064,0.1844341749627719,0.1784311464938145
max_NIS_segment,estimated_bias,0.015,15.0,163,0.047531129606488386,0.08086853079010656,0.15962886114002048,0.1851494014645447,0.17894438404434587
max_NIS_segment,estimated_bias,0.01525,15.25,163,0.0484875895977871,0.08103769829718999,0.16013176433704568,0.18590410657111622,0.1794694695345186
max_NIS_segment,estimated_bias,0.0155,15.5,163,0.049535896530812105,0.08121428187926698,0.16064404190606207,0.18669781151955955,0.18000629928166864
max_NIS_segment,estimated_bias,0.01575,15.75,163,0.050670350126881765,0.08139823327150952,0.1611656044554973,0.18753002111984543,0.18055476853085017
max_NIS_segment,estimated_bias,0.016,16.0,163,0.05188529999551652,0.0815895026396407,0.16169636213743868,0.1884002251195322,0.18111477153856242
max_NIS_segment,estimated_bias,0.01625,16.25,163,0.05317522887613214,0.08178803864223706,0.16223622470590504,0.18930789956522678,0.18168620165485586
max_NIS_segment,estimated_bias,0.0165,16.5,163,0.054534816523028926,0.08199378849403888,0.16278510157426856,0.1902525081552161,0.1822689514046486
max_NIS_segment,estimated_bias,0.01675,16.75,163,0.055958985848102896,0.08220669802984025,0.16334290187104047,0.19123350357552382,0.18286291256737028
max_NIS_segment,estimated_bias,0.017,17.0,163,0.05739470699555358,0.08242494406847302,0.16390749876718344,0.1922334308800387,0.18346536337086944
max_NIS_segment,estimated_bias,0.01725,17.25,163,0.05792576673053181,0.08274530750602059,0.16440864950290765,0.19295694959486645,0.1840570290579413
max_NIS_segment,estimated_bias,0.0175,17.5,163,0.058027207603641356,0.08306568209114466,0.1648686437891926,0.19351675397347612,0.18461196398433877
max_NIS_segment,estimated_bias,0.017750000000000002,17.750000000000004,163,0.05792690293703613,0.08336695474488101,0.1653282146065422,0.1940077157545511,0.1851579533490849
max_NIS_segment,estimated_bias,0.018000000000000002,18.000000000000004,163,0.05752884298953699,0.08361215065757377,0.1658259168971129,0.19441912001669948,0.1857127525302261
max_NIS_segment,estimated_bias,0.018250000000000002,18.250000000000004,163,0.05681998565629809,0.08380564279471582,0.166365541105339,0.1947546913465492,0.18628171953121897
max_NIS_segment,estimated_bias,0.018500000000000003,18.500000000000004,163,0.056198521626472875,0.08400559356106403,0.16691729762076019,0.19513225727071692,0.18686445353400982
max_NIS_segment,estimated_bias,0.018750000000000003,18.750000000000004,163,0.05566927717111601,0.0842125646867759,0.16747764728987227,0.19554944851272227,0.18745804435359736
max_NIS_segment,estimated_bias,0.019000000000000003,19.000000000000004,163,0.055234903215588244,0.08442650454077001,0.16804650415136227,0.19600601204989065,0.1880623891863189
max_NIS_segment,estimated_bias,0.019250000000000003,19.250000000000004,163,0.054897651775364646,0.08464736028422444,0.16862378210746137,0.19650167344264807,0.18867738469491227
max_NIS_segment,estimated_bias,0.019500000000000003,19.500000000000004,163,0.05465932063603496,0.08487507792909744,0.16920939496952878,0.19703613762915986,0.18930292707569094
max_NIS_segment,estimated_bias,0.019750000000000004,19.750000000000004,163,0.05452120705804206,0.08510960239669876,0.16980325650202785,0.19760908976533323,0.1899389121239185
max_NIS_segment,estimated_bias,0.020000000000000004,20.000000000000004,163,0.05448407318171035,0.08535087757629752,0.17040528046519043,0.19822019610507483,0.1905852352976598
max_NIS_segment,estimated_bias,0.020250000000000004,20.250000000000004,163,0.054548125234554455,0.08559884638378594,0.17101538065670424,0.19886910491576384,0.19124179178043813
max_NIS_segment,estimated_bias,0.020500000000000004,20.500000000000004,163,0.0547130078452017,0.08585345081994013,0.17163347095156456,0.1995554474226212,0.19190847654174484
max_NIS_segment,estimated_bias,0.020750000000000005,20.750000000000004,163,0.054977813825809914,0.08611463202859188,0.1722594653411433,0.2002788387775947,0.19258518439650638
max_NIS_segment,estimated_bias,0.021000000000000005,21.000000000000004,163,0.055341108801597746,0.0863823303541505,0.1728932779703653,0.20103887904617326,0.19327181006228406
max_NIS_segment,estimated_bias,0.021250000000000005,21.250000000000004,163,0.055800969153277466,0.08665648539881957,0.17353482317407662,0.2018351542080291,0.1939682482153558
max_NIS_segment,estimated_bias,0.021500000000000005,21.500000000000004,163,0.05635503099310208,0.08693703607904567,0.17418401551172716,0.2026672371653405,0.1946743935447055
max_NIS_segment,estimated_bias,0.021750000000000005,21.750000000000007,163,0.057000547389903504,0.0872239206812468,0.17484076980071603,0.20353468875418768,0.19539014080427758
max_NIS_segment,estimated_bias,0.022000000000000006,22.000000000000007,163,0.05768775188996412,0.08751474100680287,0.17550345739105597,0.20442155015511462,0.19611296094267197
max_NIS_segment,estimated_bias,0.02225,22.25,163,0.057902489645350594,0.08780258159246418,0.17610681129361055,0.20512337903182712,0.1967813566329511
max_NIS_segment,estimated_bias,0.0225,22.5,163,0.057925095373298666,0.088088143387132,0.17666709335025932,0.2057330784104173,0.19741018939816954
max_NIS_segment,estimated_bias,0.02275,22.75,163,0.057799261161750534,0.08835136194926502,0.17723083406927223,0.20629465890813603,0.19803214815574754
max_NIS_segment,estimated_bias,0.023,23.0,163,0.05771076997359216,0.08848520130360361,0.17784316404065006,0.2068534621819845,0.1986399301392568
max_NIS_segment,estimated_bias,0.02325,23.25,163,0.057540054264203486,0.08852974907169452,0.17853171690084424,0.2074173287239711,0.19927641709510036
max_NIS_segment,estimated_bias,0.0235,23.5,163,0.05746594875304713,0.08858160504074755,0.17922731387380406,0.2080179464760238,0.1999228120800977
max_NIS_segment,estimated_bias,0.02375,23.75,163,0.05748882704513079,0.08864075638459816,0.1799298732634063,0.208654998071084,0.20057901930416133
max_NIS_segment,estimated_bias,0.024,24.0,163,0.057608573594028156,0.08870718850923007,0.18063931383293505,0.20932815087031237,0.2012449427817894
max_NIS_segment,estimated_bias,0.02425,24.25,163,0.05782458660144885,0.08878088507066566,0.18135555482746551,0.21003705776918763,0.20192048638191373
max_NIS_segment,estimated_bias,0.0245,24.5,163,0.05813579299620015,0.08886182799487377,0.1820785159947028,0.21078135801991782,0.20260555387605678
max_NIS_segment,estimated_bias,0.02475,24.75,163,0.05854067463345612,0.08894999749966152,0.18280811760468899,0.21156067806636414,0.2033000489851382
max_NIS_segment,estimated_bias,0.025,25.0,163,0.0590373042521697,0.08904537211854596,0.18354428046882285,0.21237463238793716,0.20400387542531687
max_NIS_segment,estimated_bias,0.02525,25.25,163,0.059623389267632554,0.08914792872641619,0.18428692595717913,0.21322282434748074,0.2047169369518726
max_NIS_segment,estimated_bias,0.025500000000000002,25.500000000000004,163,0.06029632119567768,0.08925764256706716,0.18503597601540026,0.21410484704073007,0.2054391374023024
max_NIS_segment,estimated_bias,0.025750000000000002,25.750000000000004,163,0.06105322841002644,0.08937448728240031,0.18579135318014356,0.21502028414265392,0.20617038073763352
max_NIS_segment,estimated_bias,0.026000000000000002,26.000000000000004,163,0.06189103001576876,0.08949843494325846,0.18655298059351968,0.21596871074771828,0.20691057108233696
max_NIS_segment,estimated_bias,0.026250000000000002,26.250000000000004,163,0.06280648884567445,0.08962945608188769,0.18732078201698799,0.21694969420147336,0.20765961276326933
max_NIS_segment,estimated_bias,0.026500000000000003,26.500000000000004,163,0.06379626190774033,0.08976751972576924,0.1880946818436545,0.2179627949191856,0.20841741034659736
max_NIS_segment,estimated_bias,0.026750000000000003,26.750000000000004,163,0.06485694699309051,0.08991259343295294,0.1888746051103433,0.21900756719047892,0.2091838686740151
max_NIS_segment,estimated_bias,0.027000000000000003,27.000000000000004,163,0.06594797139591814,0.0900503224720354,0.18965894033527947,0.22006523841273865,0.20995136157314784
max_NIS_segment,estimated_bias,0.027250000000000003,27.250000000000004,163,0.06662018082811777,0.09018648147009456,0.19038869196502436,0.22095181366460823,0.2106690662344822
max_NIS_segment,estimated_bias,0.027500000000000004,27.500000000000004,163,0.06672781655639701,0.09030705779812423,0.1910761539492972,0.22162595244824884,0.21134204810261792
max_NIS_segment,estimated_bias,0.027750000000000004,27.750000000000004,163,0.066633920685401,0.09040172080021838,0.19176483712278983,0.22223029331366834,0.21200524493599388
max_NIS_segment,estimated_bias,0.028000000000000004,28.000000000000004,163,0.06628766671777202,0.09045418558587259,0.1925138914705813,0.22279500186951381,0.21270533161900348
max_NIS_segment,estimated_bias,0.028250000000000004,28.250000000000004,163,0.06568276544884613,0.09045780653458631,0.19329936168115597,0.22329685099973784,0.21341803576406326
max_NIS_segment,estimated_bias,0.028500000000000004,28.500000000000004,163,0.06515854563538953,0.09046794638324976,0.19409151465571525,0.22383387021063506,0.2141400602039522
max_NIS_segment,estimated_bias,0.028750000000000005,28.750000000000004,163,0.06471629307549838,0.09048509373454587,0.19488927997459482,0.22440495143066547,0.21487062069339666
max_NIS_segment,estimated_bias,0.029000000000000005,29.000000000000004,163,0.06435769757658083,0.09050924460567158,0.19569258899944547,0.22500983530893442,0.21560963046300868
max_NIS_segment,estimated_bias,0.029250000000000005,29.250000000000004,163,0.06408416351243416,0.09054039339224393,0.19650137374139406,0.22564825000643302,0.21635700293236942
max_NIS_segment,estimated_bias,0.029500000000000005,29.500000000000007,163,0.06389678330422491,0.0905785328747815,0.19731556686644727,0.2263199117669551,0.21711265174000172
max_NIS_segment,estimated_bias,0.029750000000000006,29.750000000000007,163,0.06379631610031994,0.0906236542270662,0.1981351017009844,0.22702452550219815,0.21787649077292917
max_NIS_segment,estimated_bias,0.03,30.0,163,0.06378317260159183,0.090675747026304,0.19895991223589318,0.22776178538731434,0.218648434194468
all_valid_dynamic,fixed_bg0,-0.03,-30.0,5090,0.08094597666225012,0.06129814945792355,0.14397020305328836,0.17617358948485026,0.1564764598723112
all_valid_dynamic,fixed_bg0,-0.02975,-29.75,5090,0.08088242988230665,0.06129361852961559,0.14341012548256601,0.17568534152582468,0.15595951963050989
all_valid_dynamic,fixed_bg0,-0.0295,-29.5,5090,0.08087269391999224,0.06129398468865725,0.14285384038047572,0.17522718080349445,0.15544829452414008
all_valid_dynamic,fixed_bg0,-0.029249999999999998,-29.25,5090,0.08091678819897156,0.06129924784729389,0.1423013922236815,0.1747993439000253,0.1549428411235643
all_valid_dynamic,fixed_bg0,-0.028999999999999998,-28.999999999999996,5090,0.0810146248238453,0.06130940674436375,0.1417528258728934,0.17440205398344685,0.15444321609671527
all_valid_dynamic,fixed_bg0,-0.028749999999999998,-28.749999999999996,5090,0.08116600945351862,0.061324458946809886,0.14120818656836404,0.17403552025277355,0.1539494761895762
all_valid_dynamic,fixed_bg0,-0.028499999999999998,-28.499999999999996,5090,0.08137064322113113,0.06134440085259174,0.14066751992448792,0.17369993740899908,0.15346167820556894
all_valid_dynamic,fixed_bg0,-0.028249999999999997,-28.249999999999996,5090,0.08162780394906627,0.06136925153606615,0.14013107625770005,0.17339550727970293,0.15298007571980837
all_valid_dynamic,fixed_bg0,-0.027999999999999997,-27.999999999999996,5090,0.08190859591453388,0.06139482995365961,0.13959851584424637,0.17310716003575788,0.15250269102856867
all_valid_dynamic,fixed_bg0,-0.027749999999999997,-27.749999999999996,5090,0.08200228891764971,0.0614015142867214,0.13906668208554215,0.1727253988581802,0.15201870945046123
all_valid_dynamic,fixed_bg0,-0.0275,-27.5,5090,0.08190783405204115,0.06139206106523116,0.1385371116310339,0.17225100795061643,0.15153057929311364
all_valid_dynamic,fixed_bg0,-0.02725,-27.25,5090,0.0818098757289792,0.06138199423763369,0.13800991063171864,0.1717770078210553,0.15104464455638225
all_valid_dynamic,fixed_bg0,-0.027,-27.0,5090,0.08142557610362078,0.061355044292908695,0.1374636045192137,0.1711455768385678,0.15053466055231127
all_valid_dynamic,fixed_bg0,-0.02675,-26.75,5090,0.08078733470679964,0.06130607894640414,0.13690220914534887,0.17037383494447753,0.1500021672665419
all_valid_dynamic,fixed_bg0,-0.0265,-26.5,5090,0.08019407845736572,0.06126149022161845,0.1363443888835579,0.1696285730171378,0.14947495631109683
all_valid_dynamic,fixed_bg0,-0.02625,-26.25,5090,0.07965240092210292,0.06122191183782843,0.13579064331080593,0.16891336913488156,0.14895375557481372
all_valid_dynamic,fixed_bg0,-0.026,-26.0,5090,0.07916335440974477,0.06118735163765705,0.13524092189519094,0.16822852206714034,0.1484385359517246
all_valid_dynamic,fixed_bg0,-0.02575,-25.75,5090,0.07872791504672738,0.061157817231998354,0.1346952295698933,0.16757436583521207,0.14792931919490732
all_valid_dynamic,fixed_bg0,-0.0255,-25.5,5090,0.07834698567287005,0.06113331868814274,0.13415376709795876,0.1669513882674365,0.14742630660909678
all_valid_dynamic,fixed_bg0,-0.025249999999999998,-25.249999999999996,5090,0.0780213647065362,0.06111386206222961,0.13361658590212044,0.16635993963382617,0.14692956191420414
all_valid_dynamic,fixed_bg0,-0.024999999999999998,-24.999999999999996,5090,0.07775174703848975,0.06109945217093114,0.13308373782537852,0.1658003573479241,0.14643914889523918
all_valid_dynamic,fixed_bg0,-0.024749999999999998,-24.749999999999996,5090,0.07753871687501751,0.061090092585508085,0.13255527512276472,0.16527296508988368,0.14595513137597385
all_valid_dynamic,fixed_bg0,-0.0245,-24.5,5090,0.07738274156383093,0.06108578562739086,0.1320312504524877,0.16477807194435115,0.1454775731917574
all_valid_dynamic,fixed_bg0,-0.02425,-24.25,5090,0.07728416655089226,0.061086532365298485,0.13151171686616253,0.1643159715577533,0.14500653816122341
all_valid_dynamic,fixed_bg0,-0.024,-24.0,5090,0.07724321159312426,0.061092332613915445,0.13099672779883278,0.16388694132062806,0.1445420900575705
all_valid_dynamic,fixed_bg0,-0.02375,-23.75,5090,0.07725996832251376,0.061103184934120675,0.13048633705789847,0.16349124157910316,0.14408429257861816
all_valid_dynamic,fixed_bg0,-0.0235,-23.5,5090,0.07733439922436754,0.0611190866347738,0.1299805988116542,0.16312911488112425,0.14363320931631782
all_valid_dynamic,fixed_bg0,-0.02325,-23.25,5090,0.07746606084082733,0.06114001645685593,0.12947990118213706,0.16280091217396603,0.1431891979951024
all_valid_dynamic,fixed_bg0,-0.023,-23.0,5090,0.07764191940146552,0.06116130475722612,0.12898400333421153,0.16249875680776724,0.1427500553965785
all_valid_dynamic,fixed_bg0,-0.02275,-22.75,5090,0.07762059829574115,0.06115112197953812,0.1284884447499998,0.16209163282976402,0.14229806798980157
all_valid_dynamic,fixed_bg0,-0.0225,-22.5,5090,0.0773940136303946,0.06111004982297778,0.1279971496255157,0.16157828395995932,0.1418369081079516
all_valid_dynamic,fixed_bg0,-0.02225,-22.25,5090,0.07718153714884021,0.06106743878649916,0.12751014679771364,0.16107470097124213,0.14137916966907568
all_valid_dynamic,fixed_bg0,-0.022,-22.0,5090,0.07676998605215622,0.06100136720294817,0.12700615111035896,0.16045360693653626,0.14089616467631835
all_valid_dynamic,fixed_bg0,-0.02175,-21.75,5090,0.07618975878249956,0.06091303096439136,0.1264885523796503,0.15973299774218178,0.1403914214771273
all_valid_dynamic,fixed_bg0,-0.0215,-21.5,5090,0.07565144173294942,0.060828963384101535,0.1259753291069478,0.15903800478584343,0.13989262428730165
all_valid_dynamic,fixed_bg0,-0.021249999999999998,-21.249999999999996,5090,0.07516800153662594,0.06074976668972628,0.12546689174935244,0.15837519860480068,0.1394004127615835
all_valid_dynamic,fixed_bg0,-0.020999999999999998,-20.999999999999996,5090,0.07474050124358683,0.060675459515305674,0.12496320532942642,0.1577449099012089,0.1389147726974994
all_valid_dynamic,fixed_bg0,-0.020749999999999998,-20.749999999999996,5090,0.07436990314027961,0.06060605967712089,0.12446429523771188,0.15714750316725246,0.1384357441508769
all_valid_dynamic,fixed_bg0,-0.020499999999999997,-20.499999999999996,5090,0.07405706336090899,0.060541584664704745,0.12397035184782323,0.15658346095494372,0.13796351550676972
all_valid_dynamic,fixed_bg0,-0.020249999999999997,-20.249999999999996,5090,0.07380271639844428,0.060482050227938976,0.12348143476238195,0.15605314504533546,0.1374981568267419
all_valid_dynamic,fixed_bg0,-0.019999999999999997,-19.999999999999996,5090,0.07360746861245024,0.06042747096950144,0.12299760392022628,0.155556900372242,0.1370397380977021
all_valid_dynamic,fixed_bg0,-0.019749999999999997,-19.749999999999996,5090,0.07347179116420038,0.06037786032726982,0.12251891957860042,0.155095053980721,0.13658832919545832
all_valid_dynamic,fixed_bg0,-0.019499999999999997,-19.499999999999996,5090,0.07339601441369982,0.060333230557980344,0.1220454422939901,0.15466791401617222,0.13614399984684608
all_valid_dynamic,fixed_bg0,-0.019249999999999996,-19.249999999999996,5090,0.07338032393192716,0.060293592722277495,0.12157723290243858,0.15427576875170057,0.13570681959125572
all_valid_dynamic,fixed_bg0,-0.019,-19.0,5090,0.07342475823923851,0.06025895667111497,0.12111435249851918,0.15391888565967965,0.1352768577408084
all_valid_dynamic,fixed_bg0,-0.01875,-18.75,5090,0.0735292083340035,0.060229331033613547,0.12065686241360248,0.15359751053476386,0.13485418333982674
all_valid_dynamic,fixed_bg0,-0.0185,-18.5,5090,0.07369341902474641,0.06020472320637401,0.12020482419314275,0.15331186667449234,0.13443886512337289
all_valid_dynamic,fixed_bg0,-0.01825,-18.25,5090,0.0739166191092943,0.060185081465589096,0.11975839406102078,0.15306202520430337,0.13403102991133922
all_valid_dynamic,fixed_bg0,-0.018,-18.0,5090,0.07416731941933498,0.06016686667490643,0.1193177048430575,0.15283179578981787,0.13362921287836324
all_valid_dynamic,fixed_bg0,-0.01775,-17.75,5090,0.07419601414908157,0.06012953976667218,0.11887601745494861,0.15248645052630666,0.13321812593825608
all_valid_dynamic,fixed_bg0,-0.017499999999999998,-17.499999999999996,5090,0.07394677875935744,0.060072049888862444,0.11843698227974489,0.15200031591502663,0.1328004892663523
all_valid_dynamic,fixed_bg0,-0.017249999999999998,-17.249999999999996,5090,0.07369773819692488,0.06001397016285229,0.1180023867612248,0.15151764422467728,0.13238670588867066
all_valid_dynamic,fixed_bg0,-0.016999999999999998,-16.999999999999996,5090,0.07317275716864732,0.05994479730340368,0.11755380232426235,0.15088580965849557,0.13195558027093035
all_valid_dynamic,fixed_bg0,-0.01675,-16.75,5090,0.07233319936710758,0.059856515044315495,0.11709098288523681,0.1500839511638834,0.13150323443277434
all_valid_dynamic,fixed_bg0,-0.0165,-16.5,5090,0.07154325858716912,0.05977267708268696,0.11663343050015954,0.1493136560570978,0.1310577355056417
all_valid_dynamic,fixed_bg0,-0.01625,-16.25,5090,0.07080930852996063,0.05969384021696561,0.11618159970781909,0.14857818428358752,0.13061974839401783
all_valid_dynamic,fixed_bg0,-0.016,-16.0,5090,0.07013309497871624,0.059620010387958486,0.11573532640089808,0.1478778632083798,0.1301891370882481
all_valid_dynamic,fixed_bg0,-0.01575,-15.75,5090,0.06951620649680743,0.05955109786464853,0.11529287206485073,0.14721169305307832,0.12976432331672283
all_valid_dynamic,fixed_bg0,-0.015499999999999998,-15.499999999999998,5090,0.0689603420419725,0.059487242140843076,0.11485633029280566,0.1465818452619531,0.12934724034881198
all_valid_dynamic,fixed_bg0,-0.015249999999999998,-15.249999999999998,5090,0.06846698794165054,0.059428459517091116,0.11442576875518533,0.14598878995865316,0.12893796320630177
all_valid_dynamic,fixed_bg0,-0.015,-15.0,5090,0.0680375040362539,0.05937476506091964,0.11400125521075742,0.1454329772477717,0.128536566453549
all_valid_dynamic,fixed_bg0,-0.01475,-14.75,5090,0.06767310638344624,0.05932617258780062,0.11358285747226085,0.14491483565552085,0.12814312414437776
all_valid_dynamic,fixed_bg0,-0.014499999999999999,-14.499999999999998,5090,0.06737485105071467,0.05928269464361914,0.11317064337104844,0.14443477060365897,0.12775770976823908
all_valid_dynamic,fixed_bg0,-0.014249999999999999,-14.249999999999998,5090,0.06714361946640987,0.05924434248865632,0.11276468072050733,0.14399316292783199,0.12738039619545513
all_valid_dynamic,fixed_bg0,-0.013999999999999999,-13.999999999999998,5090,0.06698010578085097,0.05921112608311789,0.11236503727804527,0.1435903674517945,0.12701125562141088
all_valid_dynamic,fixed_bg0,-0.013749999999999998,-13.749999999999998,5090,0.0668848066469522,0.05918305407430407,0.1119717807062236,0.14322671162979617,0.1266503595102857
all_valid_dynamic,fixed_bg0,-0.013499999999999998,-13.499999999999998,5090,0.06685801376355158,0.059160133785398535,0.11158497853235692,0.1429024942678749,0.12629777853775884
all_valid_dynamic,fixed_bg0,-0.013249999999999998,-13.249999999999998,5090,0.0668987933868472,0.05914237765143751,0.11120470673540443,0.14261751712531173,0.125953593177696
all_valid_dynamic,fixed_bg0,-0.012999999999999998,-12.999999999999998,5090,0.06697325906515299,0.059126187826113744,0.11082911231002422,0.14235313713467967,0.1256144825339691
all_valid_dynamic,fixed_bg0,-0.012749999999999997,-12.749999999999998,5090,0.06688110300005765,0.059092584119807744,0.11045736693084657,0.14200649754767036,0.125270760384266
all_valid_dynamic,fixed_bg0,-0.012499999999999997,-12.499999999999996,5090,0.06659070326675784,0.059037811493194106,0.11009700731336172,0.1415667191356276,0.12492723564245026
all_valid_dynamic,fixed_bg0,-0.012249999999999997,-12.249999999999996,5090,0.0662840858173228,0.0589821215884801,0.10974401436409895,0.14112483618578267,0.12458988464488512
all_valid_dynamic,fixed_bg0,-0.011999999999999997,-11.999999999999996,5090,0.06579035875582077,0.05891004348136928,0.10938187911620363,0.14058150663294297,0.12423682506394224
all_valid_dynamic,fixed_bg0,-0.01175,-11.75,5090,0.06510359753849082,0.05881871714091938,0.1090122699781064,0.13993496669645084,0.12386814155335915
all_valid_dynamic,fixed_bg0,-0.0115,-11.5,5090,0.06447550911581389,0.05873167205321763,0.10864924863405724,0.1393239383833779,0.12350736225388295
all_valid_dynamic,fixed_bg0,-0.01125,-11.25,5090,0.06391147405584036,0.05864964264788573,0.10829303938998508,0.13875099811906177,0.1231550362877846
all_valid_dynamic,fixed_bg0,-0.011,-11.0,5090,0.06341320428095325,0.058572650389498375,0.10794369561218523,0.13821660997595192,0.12281122422672325
all_valid_dynamic,fixed_bg0,-0.01075,-10.75,5090,0.06298228129885723,0.05850071835090054,0.10760117348660515,0.13772114703586477,0.12247590205124394
all_valid_dynamic,fixed_bg0,-0.010499999999999999,-10.499999999999998,5090,0.06262006916943481,0.058433861643428564,0.10726567065876942,0.13726512066517016,0.12214925414606065
all_valid_dynamic,fixed_bg0,-0.010249999999999999,-10.249999999999998,5090,0.06232776582480871,0.05837209770624185,0.10693725319535394,0.1368489251119879,0.12183135028224176
all_valid_dynamic,fixed_bg0,-0.009999999999999998,-9.999999999999998,5090,0.06210635834910772,0.05831544272113585,0.10661598657314726,0.1364729247877225,0.12152225908337773
all_valid_dynamic,fixed_bg0,-0.009749999999999998,-9.749999999999998,5090,0.06195660680517337,0.05826391159172321,0.10630193562615287,0.13613745274040395,0.12122204796090051
all_valid_dynamic,fixed_bg0,-0.009499999999999998,-9.499999999999998,5090,0.0618790314321692,0.058217517924125474,0.10599516449196324,0.13584280923150693,0.12093078304933032
all_valid_dynamic,fixed_bg0,-0.009249999999999998,-9.249999999999998,5090,0.06187390370668712,0.05817627400920989,0.10569573655731351,0.13558926042977038,0.12064852914141846
all_valid_dynamic,fixed_bg0,-0.008999999999999998,-8.999999999999998,5090,0.061941241621183356,0.05814019080649009,0.10540371440332577,0.13537703723529612,0.12037534962372043
all_valid_dynamic,fixed_bg0,-0.008749999999999997,-8.749999999999998,5090,0.0620808093696551,0.058109277929662896,0.10511915975001546,0.1352063342452843,0.12011130641224448
all_valid_dynamic,fixed_bg0,-0.008499999999999997,-8.499999999999996,5090,0.06229212145335153,0.058083543633887694,0.10484213340057587,0.13507730887241184,0.11985645988870962
all_valid_dynamic,fixed_bg0,-0.008249999999999997,-8.249999999999996,5090,0.06257295463448148,0.05806296726404646,0.10457266960823519,0.13498935531436443,0.11961083310678362
all_valid_dynamic,fixed_bg0,-0.008,-8.0,5090,0.06286917280616658,0.058044087482220084,0.10430909530230979,0.13491492261333274,0.11937128404448837
all_valid_dynamic,fixed_bg0,-0.00775,-7.75,5090,0.06293489802404689,0.05801042447158167,0.10404711766870811,0.1347286659617628,0.11912603427689127
all_valid_dynamic,fixed_bg0,-0.0075,-7.5,5090,0.06276239759617533,0.05796139510875551,0.10378885298068033,0.13442755624506067,0.11887661387337103
all_valid_dynamic,fixed_bg0,-0.0072499999999999995,-7.249999999999999,5090,0.06257087327174761,0.0579101915738291,0.10353698025026158,0.134121626702966,0.11863176879512781
all_valid_dynamic,fixed_bg0,-0.006999999999999999,-6.999999999999999,5090,0.06209147533506296,0.05783937534875998,0.1032724272182546,0.13366352858416222,0.1183663278313745
all_valid_dynamic,fixed_bg0,-0.006749999999999999,-6.749999999999999,5090,0.06129182911357216,0.0577503860576937,0.1029985122750647,0.13304318448074165,0.11808387112848787
all_valid_dynamic,fixed_bg0,-0.006499999999999999,-6.499999999999999,5090,0.060550582142861915,0.057665637878462,0.10273204134928239,0.13245969617042042,0.1178100085379872
all_valid_dynamic,fixed_bg0,-0.006249999999999999,-6.249999999999998,5090,0.0598762714503384,0.05758604129201,0.10247344066124489,0.1319171182047024,0.11754555794515935
all_valid_dynamic,fixed_bg0,-0.005999999999999998,-5.999999999999998,5090,0.05927119276032828,0.057511617164149695,0.10222272855855025,0.13141592990966797,0.1172905466897941
all_valid_dynamic,fixed_bg0,-0.005749999999999998,-5.749999999999998,5090,0.058737486935763486,0.05744238544403379,0.10197995598447747,0.1309566013594806,0.11704503008712898
all_valid_dynamic,fixed_bg0,-0.005499999999999998,-5.499999999999998,5090,0.05827709930003544,0.05737836561267109,0.10174523609381987,0.13053961165483327,0.11680911740171866
all_valid_dynamic,fixed_bg0,-0.005249999999999998,-5.249999999999997,5090,0.05789177908070886,0.05731957513343675,0.10151862474213208,0.13016536769871295,0.11658286693597626
all_valid_dynamic,fixed_bg0,-0.0049999999999999975,-4.999999999999997,5090,0.057583033251421105,0.05726603011200697,0.10130017634649512,0.1298342391322666,0.11636633504850241
all_valid_dynamic,fixed_bg0,-0.004749999999999997,-4.749999999999997,5090,0.05735209850340338,0.057217745274667595,0.10108994382570147,0.1295465565723163,0.11615957608824279
all_valid_dynamic,fixed_bg0,-0.004499999999999997,-4.499999999999997,5090,0.0571999172906409,0.0571747339483054,0.10088797854098674,0.12930261000537574,0.1159626423299596
all_valid_dynamic,fixed_bg0,-0.004249999999999997,-4.2499999999999964,5090,0.0571271189924049,0.05713700804223211,0.1006943302378286,0.12910264735641702,0.11577558391156136
all_valid_dynamic,fixed_bg0,-0.003999999999999997,-3.9999999999999964,5090,0.057134007050893554,0.057104578031819876,0.10050904698859693,0.1289468732480155,0.11559844877310514
all_valid_dynamic,fixed_bg0,-0.00375,-3.75,5090,0.05722055268882435,0.05707745294406286,0.10033217513648368,0.12883544796450344,0.11543128259791519
all_valid_dynamic,fixed_bg0,-0.0034999999999999996,-3.4999999999999996,5090,0.05738639550747308,0.05705564034507856,0.10016375924073005,0.12876848663303467,0.11527412875585706
all_valid_dynamic,fixed_bg0,-0.0032499999999999994,-3.2499999999999996,5090,0.057630842473863374,0.057039146051828596,0.10000384841604536,0.12874605968567948,0.11512703366430181
all_valid_dynamic,fixed_bg0,-0.002999999999999999,-2.999999999999999,5090,0.0579525273835256,0.05702795058930946,0.0998524661772517,0.12876799905346892,0.11499000891423525
all_valid_dynamic,fixed_bg0,-0.002749999999999999,-2.749999999999999,5090,0.05803356803403488,0.05701826381648928,0.09971442382991752,0.12869321562203714,0.11486535042552735
all_valid_dynamic,fixed_bg0,-0.0024999999999999988,-2.4999999999999987,5090,0.0578849902346287,0.05700296939689734,0.09958722557252797,0.12852091702038337,0.11474734862861628
all_valid_dynamic,fixed_bg0,-0.0022499999999999985,-2.2499999999999987,5090,0.05778448034824693,0.05699123159213612,0.0994675025868314,0.12837768777465475,0.11463762274772539
all_valid_dynamic,fixed_bg0,-0.0019999999999999983,-1.9999999999999982,5090,0.057462460050672945,0.056970987264808454,0.09934801550583204,0.12813140087406052,0.11452389084760443
all_valid_dynamic,fixed_bg0,-0.001749999999999998,-1.749999999999998,5090,0.05691236177509147,0.05694334152681712,0.09922986083229432,0.12778155715069034,0.11440764583294355
all_valid_dynamic,fixed_bg0,-0.0014999999999999979,-1.4999999999999978,5090,0.05643439994859707,0.056920842455449205,0.09912034769234294,0.12747418220976048,0.11430146819918366
all_valid_dynamic,fixed_bg0,-0.0012499999999999976,-1.2499999999999976,5090,0.05603109962842157,0.056903545723123124,0.09901953977343472,0.12720993238885273,0.11420544108231613
all_valid_dynamic,fixed_bg0,-0.0009999999999999974,-0.9999999999999974,5090,0.05570407803621455,0.05689145650926942,0.0989274812017248,0.12698908878532986,0.11411960550520542
all_valid_dynamic,fixed_bg0,-0.0007499999999999972,-0.7499999999999972,5090,0.05545468465730076,0.05688457813402183,0.09884419642333295,0.1268118781759056,0.1140439844799368
all_valid_dynamic,fixed_bg0,-0.000499999999999997,-0.499999999999997,5090,0.05528397007543098,0.056882912487690514,0.09876970763303462,0.12667848367539986,0.11397859833757125
all_valid_dynamic,fixed_bg0,-0.00024999999999999675,-0.24999999999999675,5090,0.055192664371671855,0.0568864600281643,0.09870403474497898,0.12658904379889294,0.11392346470097377
all_valid_dynamic,fixed_bg0,0.0,0.0,5090,0.055181161729981526,0.05689521978028254,0.09864719536633926,0.12654365174658802,0.11387859846121817
all_valid_dynamic,fixed_bg0,0.0002500000000000002,0.2500000000000002,5090,0.05524951199403908,0.05690918933717479,0.0985992047738432,0.12654235491971894,0.11384401175753009
all_valid_dynamic,fixed_bg0,0.0005000000000000004,0.5000000000000004,5090,0.05539741959308586,0.05692836486356626,0.09856007589336718,0.1265851546735162,0.1138197139609198
all_valid_dynamic,fixed_bg0,0.0007500000000000007,0.7500000000000007,5090,0.05562424989019963,0.056952741101031754,0.09852981928259953,0.12667200631011674,0.11380571166151056
all_valid_dynamic,fixed_bg0,0.0010000000000000009,1.0000000000000009,5090,0.05592904263803565,0.05698231137519977,0.09850844311682051,0.12680281931158827,0.11380200865960187
all_valid_dynamic,fixed_bg0,0.0012500000000000011,1.250000000000001,5090,0.05631053188567895,0.05701706760485102,0.09849595317789062,0.1269774578101384,0.11380860596052218
all_valid_dynamic,fixed_bg0,0.0015000000000000013,1.5000000000000013,5090,0.0567671713966058,0.05705700031292487,0.09849235284642907,0.12719574128997513,0.11382550177326103
all_valid_dynamic,fixed_bg0,0.0017500000000000016,1.7500000000000016,5090,0.057297157396536395,0.057102098073549545,0.09849762736652432,0.12745742994019393,0.11385267761996636
all_valid_dynamic,fixed_bg0,0.0020000000000000018,2.0000000000000018,5090,0.057897630411218,0.05715229648761192,0.09851174726770114,0.12776182900529143,0.11389007570259718
all_valid_dynamic,fixed_bg0,0.002250000000000002,2.2500000000000018,5090,0.05827872324139739,0.05719533805406491,0.09852713988724483,0.12796606414251732,0.11392499282194171
all_valid_dynamic,fixed_bg0,0.0025000000000000022,2.500000000000002,5090,0.058444565782076845,0.05722928437669516,0.09854294650115882,0.12806900704250965,0.11395570760343199
all_valid_dynamic,fixed_bg0,0.0027500000000000024,2.7500000000000027,5090,0.0586559040229082,0.057267071173522005,0.09856631410174403,0.12820043210980808,0.11399489337859355
all_valid_dynamic,fixed_bg0,0.0030000000000000027,3.0000000000000027,5090,0.05859636547454302,0.05729347318805825,0.09858900123777375,0.12820244647368753,0.11402777396324323
all_valid_dynamic,fixed_bg0,0.003250000000000003,3.2500000000000027,5090,0.05827403445797401,0.05730471019906583,0.09860733467849735,0.12807458512681283,0.11404927120940354
all_valid_dynamic,fixed_bg0,0.003500000000000003,3.500000000000003,5090,0.058022964468968756,0.057321112492775154,0.09863458985247911,0.12798889271551422,0.11408107754038874
all_valid_dynamic,fixed_bg0,0.0037500000000000033,3.7500000000000036,5090,0.05784430733167998,0.0573426816006993,0.09867078500928929,0.1279455776421772,0.11412320950406434
all_valid_dynamic,fixed_bg0,0.0040000000000000036,4.0000000000000036,5090,0.05773874455139229,0.057369412729933025,0.09871589766200212,0.12794467785165273,0.11417564524973026
all_valid_dynamic,fixed_bg0,0.004250000000000004,4.2500000000000036,5090,0.05770667726386593,0.057401298668790963,0.09876991559155189,0.12798619423852725,0.11423837058898402
all_valid_dynamic,fixed_bg0,0.004500000000000004,4.5000000000000036,5090,0.05774822790420497,0.05743833083245331,0.09883282419617548,0.12807008555274124,0.11431136858340238
all_valid_dynamic,fixed_bg0,0.004750000000000004,4.750000000000004,5090,0.057863237881161614,0.05748049927446243,0.09890460651104725,0.12819626860419323,0.11439461956729678
all_valid_dynamic,fixed_bg0,0.0050000000000000044,5.000000000000004,5090,0.05805127058800961,0.05752779269998667,0.09898524323099746,0.1283646186739737,0.11448810117401878
all_valid_dynamic,fixed_bg0,0.005250000000000005,5.250000000000004,5090,0.05831161961778759,0.05758019848083494,0.09907471273628635,0.12857497012762467,0.11459178836579009
all_valid_dynamic,fixed_bg0,0.005500000000000005,5.500000000000005,5090,0.05864332182602186,0.05763770267212312,0.09917299112125821,0.128827117223229,0.11470565346685058
all_valid_dynamic,fixed_bg0,0.005750000000000005,5.750000000000005,5090,0.059045174687767786,0.05770029003060915,0.09928005222591377,0.12912081510548784,0.11482966619997016
all_valid_dynamic,fixed_bg0,0.006000000000000005,6.000000000000005,5090,0.05951575723957685,0.057767944034565324,0.09939586767016256,0.1294557809743751,0.11496379372604724
all_valid_dynamic,fixed_bg0,0.006249999999999999,6.249999999999998,5090,0.060053453792987016,0.05784064690521014,0.0995204068908036,0.12983169541599143,0.11510800068685205
all_valid_dynamic,fixed_bg0,0.006499999999999999,6.499999999999999,5090,0.06065647955422305,0.05791837962956523,0.09965363718099624,0.13024820388100544,0.1152622492506375
all_valid_dynamic,fixed_bg0,0.006749999999999999,6.749999999999999,5090,0.06132292269353813,0.058001172480331674,0.09979544141062702,0.13070488507746272,0.11542645336072263
all_valid_dynamic,fixed_bg0,0.006999999999999999,6.999999999999999,5090,0.0620078012064129,0.05808777360149041,0.09994530500184705,0.13118010841718436,0.11559953907300066
all_valid_dynamic,fixed_bg0,0.0072499999999999995,7.249999999999999,5090,0.06247349325247547,0.05815781314944043,0.10010534176581708,0.13155359379182055,0.11577309998603409
all_valid_dynamic,fixed_bg0,0.0075,7.5,5090,0.06274409565377177,0.05821262245069034,0.10026820377109832,0.13183035932393863,0.11594145979790453
all_valid_dynamic,fixed_bg0,0.00775,7.75,5090,0.06300787484826699,0.05826561608955138,0.10043693467434255,0.13210772936496948,0.11611399513010105
all_valid_dynamic,fixed_bg0,0.008,8.0,5090,0.06301551490480635,0.05830070415165952,0.1006097215719281,0.13225824472628575,0.1162810740376963
all_valid_dynamic,fixed_bg0,0.00825,8.25,5090,0.06273213701454891,0.058315897520787065,0.10078342313845501,0.13226247879717043,0.11643900670806068
all_valid_dynamic,fixed_bg0,0.0085,8.5,5090,0.06250836421897647,0.05833583267500917,0.10096503105734003,0.1323038263529387,0.116606204253017
all_valid_dynamic,fixed_bg0,0.00875,8.75,5090,0.062349472933413856,0.05836082936619088,0.10115498053986785,0.13238494350720245,0.11678320295458022
all_valid_dynamic,fixed_bg0,0.009000000000000001,9.000000000000002,5090,0.06225594831097654,0.058390879983558845,0.10135324531424585,0.13250576704839315,0.11696997563898201
all_valid_dynamic,fixed_bg0,0.009250000000000001,9.250000000000002,5090,0.06222805211208032,0.058425973750492126,0.10155983654143132,0.1326662175411632,0.11716652596631624
all_valid_dynamic,fixed_bg0,0.009500000000000001,9.500000000000002,5090,0.06226591428580942,0.05846610567585752,0.10177463072850047,0.1328661170301553,0.11737274373900931
all_valid_dynamic,fixed_bg0,0.009750000000000002,9.750000000000002,5090,0.06236941507381998,0.058511265392878584,0.10199757605220816,0.13310528778020905,0.11758857809499111
all_valid_dynamic,fixed_bg0,0.010000000000000002,10.000000000000002,5090,0.06253822858119067,0.05856144127000081,0.1022286191833645,0.13338351853894972,0.11781397618176334
all_valid_dynamic,fixed_bg0,0.010250000000000002,10.250000000000002,5090,0.0627718278697844,0.058616620425708615,0.10246770534539916,0.13370056545503842,0.11804888321743318
all_valid_dynamic,fixed_bg0,0.010500000000000002,10.500000000000002,5090,0.06306949307528291,0.05867678874488337,0.10271477837376271,0.13405615312456198,0.11829324255333798
all_valid_dynamic,fixed_bg0,0.010750000000000003,10.750000000000002,5090,0.06343032226036661,0.058741930896595525,0.102969780775716,0.13444997575497514,0.11854699573780621
all_valid_dynamic,fixed_bg0,0.011000000000000003,11.000000000000004,5090,0.06385324463135111,0.05881203035329584,0.1032326537905011,0.1348816984355462,0.11881008258101015
all_valid_dynamic,fixed_bg0,0.011250000000000003,11.250000000000004,5090,0.06433703568296217,0.05888706941139358,0.10350333744990195,0.1353509585027062,0.11908244122090605
all_valid_dynamic,fixed_bg0,0.011500000000000003,11.500000000000004,5090,0.06488033175846478,0.05896702716107941,0.10378177223737362,0.135857366344391,0.11936400856600622
all_valid_dynamic,fixed_bg0,0.011750000000000003,11.750000000000004,5090,0.06548160021743493,0.059051874479879786,0.1040678497551892,0.13640044427820625,0.11965467492854633
all_valid_dynamic,fixed_bg0,0.012000000000000004,12.000000000000004,5090,0.06610689079181237,0.05913890170791919,0.10435900964065638,0.13696106599526067,0.11995087573001509
all_valid_dynamic,fixed_bg0,0.012250000000000004,12.250000000000004,5090,0.06658435524226418,0.05921060324951042,0.10464454062709223,0.1374403571854137,0.12023466812956271
all_valid_dynamic,fixed_bg0,0.012500000000000004,12.500000000000004,5090,0.06695227441272564,0.059269667229594585,0.1049239681796394,0.13785695340136372,0.12050698134161711
all_valid_dynamic,fixed_bg0,0.012750000000000004,12.750000000000004,5090,0.06732544745013992,0.05932739842723292,0.10520691077327467,0.13827852383129127,0.12078176302157304
all_valid_dynamic,fixed_bg0,0.013000000000000005,13.000000000000005,5090,0.06746435139041156,0.059367430090597396,0.10548760902910924,0.1385769321451775,0.12104597231729848
all_valid_dynamic,fixed_bg0,0.013250000000000005,13.250000000000005,5090,0.06732996631773563,0.05939330114661897,0.10577080351318299,0.13873842820669657,0.12130551140371687
all_valid_dynamic,fixed_bg0,0.013500000000000005,13.500000000000005,5090,0.06724846210029901,0.059423726697914694,0.10606262998593155,0.13893457607469956,0.1215749183598373
all_valid_dynamic,fixed_bg0,0.013750000000000005,13.750000000000005,5090,0.06722494621424048,0.05945913444431331,0.10636195099861695,0.13916697410882597,0.12185340901714282
all_valid_dynamic,fixed_bg0,0.013999999999999999,13.999999999999998,5090,0.0672594580391276,0.05949951695003573,0.10666874174213112,0.13943546061836,0.12214095538408505
all_valid_dynamic,fixed_bg0,0.014249999999999999,14.249999999999998,5090,0.06735186427066576,0.05954486698749179,0.10698301810458402,0.13973986892815535,0.12243756509880392
all_valid_dynamic,fixed_bg0,0.014499999999999999,14.499999999999998,5090,0.06750198990911759,0.05959516887322483,0.10730460345188872,0.14007990832623307,0.12274307342980811
all_valid_dynamic,fixed_bg0,0.01475,14.75,5090,0.06770945102855719,0.0596504100798863,0.10763343227111576,0.14045532002650524,0.12305741410073358
all_valid_dynamic,fixed_bg0,0.015,15.0,5090,0.0679737226538689,0.0597105768986413,0.10796943838067936,0.1408658212244296,0.12338051960422225
all_valid_dynamic,fixed_bg0,0.01525,15.25,5090,0.06829414528494682,0.05977565445596087,0.10831255498466608,0.14131110612102005,0.12371232126568789
all_valid_dynamic,fixed_bg0,0.0155,15.5,5090,0.06866993290313182,0.05984562673168929,0.10866271472619343,0.14179084700887942,0.1240527493067961
all_valid_dynamic,fixed_bg0,0.01575,15.75,5090,0.06910018223982511,0.0599204765783649,0.10901984973989927,0.14230469541187207,0.12440173290870446
all_valid_dynamic,fixed_bg0,0.016,16.0,5090,0.06958388306337339,0.06000018574178378,0.10938389170370298,0.14285228327007302,0.1247592002751539
all_valid_dynamic,fixed_bg0,0.01625,16.25,5090,0.07011992922638864,0.06008473488264829,0.1097547718892841,0.14343322416058515,0.12512507869482808
all_valid_dynamic,fixed_bg0,0.0165,16.5,5090,0.07070712274573022,0.060174100149150894,0.11013242435359392,0.1440471118410219,0.12549929570623142
all_valid_dynamic,fixed_bg0,0.01675,16.75,5090,0.07134417080918624,0.0602682633976547,0.11051679494877152,0.14469352524272883,0.12588179192686233
all_valid_dynamic,fixed_bg0,0.017,17.0,5090,0.07201046493466981,0.06036530672175035,0.11090618400732609,0.14536044498688486,0.12627015445732956
all_valid_dynamic,fixed_bg0,0.01725,17.25,5090,0.07249296356868899,0.060438889139314084,0.11128439821010502,0.14591883487867774,0.12663757975174483
all_valid_dynamic,fixed_bg0,0.0175,17.5,5090,0.07282826769923326,0.06048847790701398,0.11165219563199398,0.1463865612856027,0.1269845216904498
all_valid_dynamic,fixed_bg0,0.017750000000000002,17.750000000000004,5090,0.07316211438108261,0.060537294274189656,0.11201954780840924,0.14685311733140352,0.12733084107646636
all_valid_dynamic,fixed_bg0,0.018000000000000002,18.000000000000004,5090,0.07328018661393824,0.06056295602803414,0.1123863861468613,0.1472024360674055,0.12766585852922846
all_valid_dynamic,fixed_bg0,0.018250000000000002,18.250000000000004,5090,0.07308711532299433,0.060566023203981405,0.11275572152579587,0.1473900347031124,0.1279925619071201
all_valid_dynamic,fixed_bg0,0.018500000000000003,18.500000000000004,5090,0.07293757458783676,0.06057326799151202,0.11313141572179072,0.14760666585606638,0.12832707437788865
all_valid_dynamic,fixed_bg0,0.018750000000000003,18.750000000000004,5090,0.07283707119509467,0.06058526787874375,0.11351358489645874,0.14785515743545766,0.1286697658348094
all_valid_dynamic,fixed_bg0,0.019000000000000003,19.000000000000004,5090,0.0727857582043148,0.060602032046310046,0.1139022753276562,0.14813541511176914,0.1290206751375887
all_valid_dynamic,fixed_bg0,0.019250000000000003,19.250000000000004,5090,0.07278374464449013,0.06062355490398841,0.1142974104167131,0.1484472529945832,0.12937972575779957
all_valid_dynamic,fixed_bg0,0.019500000000000003,19.500000000000004,5090,0.07283107724295597,0.06064982103164253,0.11469882955739594,0.1487904167121533,0.12974676216771963
all_valid_dynamic,fixed_bg0,0.019750000000000004,19.750000000000004,5090,0.0729276599176413,0.06068082426979951,0.11510646700525774,0.14916469006288957,0.13012171679045267
all_valid_dynamic,fixed_bg0,0.020000000000000004,20.000000000000004,5090,0.07307329738388642,0.060716557361831756,0.11552025693247044,0.14956983950706934,0.13050452137614454
all_valid_dynamic,fixed_bg0,0.020250000000000004,20.250000000000004,5090,0.07326769711710705,0.060757011962420025,0.1159401334645664,0.15000561486566852,0.13089510705287316
all_valid_dynamic,fixed_bg0,0.020500000000000004,20.500000000000004,5090,0.07351047226028841,0.060802178647223606,0.1163660307157311,0.15047175005533092,0.1312934043765464
all_valid_dynamic,fixed_bg0,0.020750000000000005,20.750000000000004,5090,0.07380114540992848,0.06085204692378856,0.11679788282333571,0.15096796385540232,0.1316993433804005
all_valid_dynamic,fixed_bg0,0.021000000000000005,21.000000000000004,5090,0.07413915319518852,0.0609066052435953,0.11723562398097301,0.15149396070143162,0.1321128536233597
all_valid_dynamic,fixed_bg0,0.021250000000000005,21.250000000000004,5090,0.07452385155089283,0.060965841015291525,0.11767918847070306,0.15204943150108965,0.13253386423788086
all_valid_dynamic,fixed_bg0,0.021500000000000005,21.500000000000004,5090,0.07495452157315705,0.06102974061900773,0.11812851069392567,0.152634054467046,0.13296230397668465
all_valid_dynamic,fixed_bg0,0.021750000000000005,21.750000000000007,5090,0.07543035752156196,0.06109830514773104,0.11858347473338582,0.15324745416351768,0.1333980635982726
all_valid_dynamic,fixed_bg0,0.022000000000000006,22.000000000000007,5090,0.07593545685834356,0.06116967245461974,0.11904190310586701,0.15387948898913556,0.1338383484778265
all_valid_dynamic,fixed_bg0,0.02225,22.25,5090,0.07632031641058508,0.061221858895115534,0.11949133953972405,0.15443797113593177,0.13426204315282514
all_valid_dynamic,fixed_bg0,0.0225,22.5,5090,0.07661196982595213,0.061259655828030175,0.11992716799029488,0.1549343892586593,0.13466726051398367
all_valid_dynamic,fixed_bg0,0.02275,22.75,5090,0.07691359318929508,0.06129337575263163,0.12036357912311078,0.15543477702164016,0.1350713481478534
all_valid_dynamic,fixed_bg0,0.023,23.0,5090,0.077011583482512,0.061303513073038766,0.12080079054008548,0.1558259789017536,0.13546568462236422
all_valid_dynamic,fixed_bg0,0.02325,23.25,5090,0.07684341454737341,0.06128964644768751,0.12124149919626839,0.1560795702465276,0.13585257409795834
all_valid_dynamic,fixed_bg0,0.0235,23.5,5090,0.07671860663377301,0.06127984981033701,0.12168860859128199,0.15636202242708203,0.13624733925350502
all_valid_dynamic,fixed_bg0,0.02375,23.75,5090,0.07664038619767743,0.06127471297435305,0.12214127904913971,0.1566742840876522,0.13664948773357768
all_valid_dynamic,fixed_bg0,0.024,24.0,5090,0.07660885522789035,0.06127424564103935,0.12259949102623656,0.1570161936810932,0.13705899597899696
all_valid_dynamic,fixed_bg0,0.02425,24.25,5090,0.07662402022901278,0.06127845764187222,0.12306332706437083,0.1573876498178151,0.137475931853976
all_valid_dynamic,fixed_bg0,0.0245,24.5,5090,0.07668592131087008,0.06128733457393112,0.12353253246342771,0.15778832175830299,0.1379000506018935
all_valid_dynamic,fixed_bg0,0.02475,24.75,5090,0.07679444545700664,0.06130087441063979,0.12400704627522528,0.15821798754397043,0.13833128615542778
all_valid_dynamic,fixed_bg0,0.025,25.0,5090,0.07694939540577693,0.061319074063158424,0.12448680779664777,0.15867641164545296,0.13876957216682126
all_valid_dynamic,fixed_bg0,0.02525,25.25,5090,0.07715049143129715,0.06134192938389624,0.12497175659042184,0.1591633455727957,0.13921484204579093
all_valid_dynamic,fixed_bg0,0.025500000000000002,25.500000000000004,5090,0.07739737384032155,0.06136943517123661,0.12546183250535065,0.15967852850717193,0.1396670289969585
all_valid_dynamic,fixed_bg0,0.025750000000000002,25.750000000000004,5090,0.07768960613351576,0.06140158517543662,0.12595697569536038,0.16022168795003622,0.1401260660561696
all_valid_dynamic,fixed_bg0,0.026000000000000002,26.000000000000004,5090,0.07802667876753731,0.0614383721056952,0.1264571266376263,0.16079254038647123,0.14059188612591592
all_valid_dynamic,fixed_bg0,0.026250000000000002,26.250000000000004,5090,0.07840801344454196,0.061479787638389696,0.12696222615007888,0.16139079195965508,0.14106442201010577
all_valid_dynamic,fixed_bg0,0.026500000000000003,26.500000000000004,5090,0.07883296784756375,0.06152582242641467,0.1274722154076126,0.16201613915232804,0.14154360644752378
all_valid_dynamic,fixed_bg0,0.026750000000000003,26.750000000000004,5090,0.07930081484728672,0.06157657907115178,0.12798699693481605,0.16266826890928077,0.14202938595409903
all_valid_dynamic,fixed_bg0,0.027000000000000003,27.000000000000004,5090,0.07979328529293077,0.061629484869836604,0.12850222249603266,0.16333396147029677,0.14251671688521786
all_valid_dynamic,fixed_bg0,0.027250000000000003,27.250000000000004,5090,0.08015293486694268,0.06166507741327752,0.12900389037811288,0.16391790162413022,0.1429845638699286
all_valid_dynamic,fixed_bg0,0.027500000000000004,27.500000000000004,5090,0.08037481112588017,0.06167651563320351,0.1294964546415621,0.16441847404993118,0.14343404179408378
all_valid_dynamic,fixed_bg0,0.027750000000000004,27.750000000000004,5090,0.08059280324195338,0.06168173703771527,0.12998821245136377,0.1649144384057591,0.14388040888283124
all_valid_dynamic,fixed_bg0,0.028000000000000004,28.000000000000004,5090,0.08059174897476563,0.06166534859194377,0.13047982799644814,0.16529558594759952,0.14431770761396057
all_valid_dynamic,fixed_bg0,0.028250000000000004,28.250000000000004,5090,0.08034597858941388,0.061625710807505125,0.13096784073518794,0.16554691122113513,0.14474219681685033
all_valid_dynamic,fixed_bg0,0.028500000000000004,28.500000000000004,5090,0.08013940182535702,0.061590041025877035,0.131460250871994,0.16582356418139993,0.1451727616080125
all_valid_dynamic,fixed_bg0,0.028750000000000005,28.750000000000004,5090,0.07997530272075404,0.061558939042151366,0.131957399060348,0.16612738241495148,0.14560995207322636
all_valid_dynamic,fixed_bg0,0.029000000000000005,29.000000000000004,5090,0.07985392357988493,0.06153241372380021,0.13245929309322346,0.16645825715937168,0.14605376498205522
all_valid_dynamic,fixed_bg0,0.029250000000000005,29.250000000000004,5090,0.07977540627459849,0.061510476127333506,0.13296604372505616,0.16681613502171208,0.14650429160029688
all_valid_dynamic,fixed_bg0,0.029500000000000005,29.500000000000007,5090,0.07973994795687336,0.06149312408806558,0.13347737681072033,0.1672006989535215,0.14696126847023766
all_valid_dynamic,fixed_bg0,0.029750000000000006,29.750000000000007,5090,0.07974760606290543,0.06148036148863764,0.13399323988882503,0.1676117652715408,0.1474246356097845
all_valid_dynamic,fixed_bg0,0.03,30.0,5090,0.07979836817927757,0.061472191187572425,0.13451358084140613,0.16804913949275224,0.147894332954914
high_NIS,fixed_bg0,-0.03,-30.0,4201,0.06526873406882479,0.0560164722555264,0.1491183130720612,0.17214564793905895,0.15929254991182562
high_NIS,fixed_bg0,-0.02975,-29.75,4201,0.06520039595775527,0.05600593147759434,0.14855289205134967,0.17162668128977226,0.1587596488327339
high_NIS,fixed_bg0,-0.0295,-29.5,4201,0.06519033550412043,0.05600005058127562,0.14799124937252983,0.1711350209603153,0.15823215714875333
high_NIS,fixed_bg0,-0.029249999999999998,-29.25,4201,0.0652385796689528,0.05599883103468859,0.14743342821606986,0.1706709029390099,0.1577101291382219
high_NIS,fixed_bg0,-0.028999999999999998,-28.999999999999996,4201,0.0653449993136148,0.05600227314235941,0.14687947212222552,0.17023455249540656,0.1571936192344175
high_NIS,fixed_bg0,-0.028749999999999998,-28.749999999999996,4201,0.06550931092112205,0.05601037604484492,0.14632942498671364,0.16982618366726449,0.15668268200929933
high_NIS,fixed_bg0,-0.028499999999999998,-28.499999999999996,4201,0.06573108034572793,0.0560231377198043,0.14578333105551194,0.16944599876370547,0.15617737215619024
high_NIS,fixed_bg0,-0.028249999999999997,-28.249999999999996,4201,0.06600926275158088,0.05604058874793883,0.1452414735919608,0.16909422227677418,0.1556779792982292
high_NIS,fixed_bg0,-0.027999999999999997,-27.999999999999996,4201,0.06631066485955832,0.056059221921041076,0.144703821202328,0.168757033948409,0.15518322149300745
high_NIS,fixed_bg0,-0.027749999999999997,-27.749999999999996,4201,0.06644909447723409,0.05605969030353722,0.14417084399226057,0.1683549918808872,0.15468652538074937
high_NIS,fixed_bg0,-0.0275,-27.5,4201,0.06646300191159664,0.056044353407770864,0.14364063053499196,0.16790155125098175,0.15418690051163603
high_NIS,fixed_bg0,-0.02725,-27.25,4201,0.06647500407103887,0.05602873956726129,0.14311163755981715,0.16744875821812794,0.1536885176665727
high_NIS,fixed_bg0,-0.027,-27.0,4201,0.06613462748015371,0.055997937605123636,0.14256487652931543,0.16683615311971486,0.1531682507435736
high_NIS,fixed_bg0,-0.02675,-26.75,4201,0.06549609129760557,0.055947067539175895,0.14200318493169514,0.16608647407974733,0.15262692716876103
high_NIS,fixed_bg0,-0.0265,-26.5,4201,0.06490744803849324,0.05590061774241421,0.14144513929085248,0.16536197659638022,0.152090783721408
high_NIS,fixed_bg0,-0.02625,-26.25,4201,0.06437239801294091,0.05585888476538734,0.14089109259535593,0.1646642663296517,0.15156026847411552
high_NIS,fixed_bg0,-0.026,-26.0,4201,0.06389227790966666,0.05582187669029354,0.14034097476722932,0.1639935800338798,0.1510353306873675
high_NIS,fixed_bg0,-0.02575,-25.75,4201,0.06346832728237183,0.05578960172931762,0.13979478042874444,0.16335020313504042,0.15051598020222542
high_NIS,fixed_bg0,-0.0255,-25.5,4201,0.06310169183370823,0.0557620717979801,0.13925273269820307,0.16273461748317894,0.150002440697211
high_NIS,fixed_bg0,-0.025249999999999998,-25.249999999999996,4201,0.06279337552045912,0.05573929392707046,0.13871488018602116,0.162147139604015,0.14949477205745532
high_NIS,fixed_bg0,-0.024999999999999998,-24.999999999999996,4201,0.06254424081360964,0.055721273944261934,0.13818127188019072,0.16158807606797435,0.14899303429489133
high_NIS,fixed_bg0,-0.024749999999999998,-24.749999999999996,4201,0.06235499708417356,0.05570801646668437,0.13765195713873501,0.16105772277088676,0.1484972875266633
high_NIS,fixed_bg0,-0.0245,-24.5,4201,0.06222619076004598,0.055699524895022404,0.13712698568162812,0.16055636422193392,0.14800759195278015
high_NIS,fixed_bg0,-0.02425,-24.25,4201,0.062158197563667666,0.05569580140915392,0.1366064075818804,0.1600842728421461,0.14752400783274136
high_NIS,fixed_bg0,-0.024,-24.0,4201,0.06215121708336227,0.05569684696535801,0.13609027325651274,0.15964170827781202,0.14704659546182908
high_NIS,fixed_bg0,-0.02375,-23.75,4201,0.06220526985909452,0.05570266129508499,0.13557863345652174,0.15922891673165263,0.14657541514624067
high_NIS,fixed_bg0,-0.0235,-23.5,4201,0.062320197081392324,0.055713242905303266,0.13507153925655777,0.15884613031617953,0.14611052717775377
high_NIS,fixed_bg0,-0.02325,-23.25,4201,0.06249521281923132,0.05572859042884012,0.1345694366531257,0.15849372447401835,0.14565235690617925
high_NIS,fixed_bg0,-0.023,-23.0,4201,0.06271257215723333,0.055745527500903426,0.13407257761822436,0.15816411290847554,0.14519993080421487
high_NIS,fixed_bg0,-0.02275,-22.75,4201,0.06277839783981586,0.05572905308924192,0.13357998249875,0.1577671268608391,0.1447388651419856
high_NIS,fixed_bg0,-0.0225,-22.5,4201,0.06270357923578833,0.055679503550397316,0.13309213559380698,0.15730690551122614,0.14426962144727157
high_NIS,fixed_bg0,-0.02225,-22.25,4201,0.06263006181571909,0.05562914990381597,0.13260889633617853,0.1568510323509583,0.1438044564904738
high_NIS,fixed_bg0,-0.022,-22.0,4201,0.062255764922471,0.055556544790470785,0.13211067253033118,0.15625472706946805,0.14331698945160679
high_NIS,fixed_bg0,-0.02175,-21.75,4201,0.061651547061424755,0.05546254843459422,0.13160106122695028,0.15555014255855343,0.14281083150419374
high_NIS,fixed_bg0,-0.0215,-21.5,4201,0.06108629576986034,0.05537266357712505,0.13109597545972154,0.15486711137050443,0.14231052896170882
high_NIS,fixed_bg0,-0.021249999999999998,-21.249999999999996,4201,0.06057776574507415,0.055287490484452015,0.13059554848112484,0.15421274133423374,0.14181644434674776
high_NIS,fixed_bg0,-0.020999999999999998,-20.999999999999996,4201,0.06012739341724713,0.055207050379640236,0.1300997253601402,0.15358730543100385,0.1413285425892592
high_NIS,fixed_bg0,-0.020749999999999998,-20.749999999999996,4201,0.05973649059254047,0.05513136375559983,0.12960852136532977,0.15299112519480348,0.1408468532841943
high_NIS,fixed_bg0,-0.020499999999999997,-20.499999999999996,4201,0.05940623407273098,0.05506045103212393,0.12912214358804597,0.15242467608408095,0.14037158271043637
high_NIS,fixed_bg0,-0.020249999999999997,-20.249999999999996,4201,0.05913763991174433,0.05499433067641546,0.12864064677073356,0.1518882907352331,0.13990279628420427
high_NIS,fixed_bg0,-0.019999999999999997,-19.999999999999996,4201,0.058931551236923965,0.05493301999352967,0.1281640859248613,0.15138228871884238,0.1394405594027963
high_NIS,fixed_bg0,-0.019749999999999997,-19.749999999999996,4201,0.05878862540733527,0.05487653510426301,0.1276925163150659,0.1509069756678159,0.13898493741381762
high_NIS,fixed_bg0,-0.019499999999999997,-19.499999999999996,4201,0.05870932372809819,0.054824890924341486,0.1272259934421172,0.1504626424226632,0.1385359955830959
high_NIS,fixed_bg0,-0.019249999999999996,-19.249999999999996,4201,0.058693904088680325,0.05477810114507177,0.1267645730255472,0.15004956419990084,0.13809379906211924
high_NIS,fixed_bg0,-0.019,-19.0,4201,0.05874241679540374,0.054736178215421705,0.12630831098511913,0.1496679997878936,0.137658412854224
high_NIS,fixed_bg0,-0.01875,-18.75,4201,0.058854703754184265,0.05469913332565536,0.12585726342178385,0.1493181907759095,0.13722990178018096
high_NIS,fixed_bg0,-0.0185,-18.5,4201,0.059030401034155876,0.05466697639253883,0.1254114865978478,0.1490003608211666,0.1368083304429396
high_NIS,fixed_bg0,-0.01825,-18.25,4201,0.059268391518192,0.054639640822983844,0.12497114537249547,0.14871455798990155,0.13639383243012893
high_NIS,fixed_bg0,-0.018,-18.0,4201,0.05953691007093052,0.05461408054146114,0.12453679428994197,0.14844781772124033,0.1359857011799569
high_NIS,fixed_bg0,-0.01775,-17.75,4201,0.05961081486511029,0.054570702649374435,0.12410376957731536,0.14809846879636634,0.13557177881456686
high_NIS,fixed_bg0,-0.017499999999999998,-17.499999999999996,4201,0.05948480932717521,0.054508371600993415,0.12367373423892301,0.14766447662143448,0.13515308030226977
high_NIS,fixed_bg0,-0.017249999999999998,-17.249999999999996,4201,0.05934020671509853,0.05444618676088231,0.12324757137728311,0.1472263944956542,0.13473808334394313
high_NIS,fixed_bg0,-0.016999999999999998,-16.999999999999996,4201,0.058872023843843345,0.05437956876996905,0.12281033633179467,0.14664730274030396,0.13431126613034478
high_NIS,fixed_bg0,-0.01675,-16.75,4201,0.058068919131298365,0.05429933020300337,0.12236175446798245,0.14592057972080186,0.1338686528541227
high_NIS,fixed_bg0,-0.0165,-16.5,4201,0.05731473350823832,0.054223488950353595,0.12191823347119093,0.14522128316402286,0.1334325387852788
high_NIS,fixed_bg0,-0.01625,-16.25,4201,0.05661678401476775,0.05415249913667736,0.12148015503374546,0.1445523485175718,0.13300346322472464
high_NIS,fixed_bg0,-0.016,-16.0,4201,0.055977155880711914,0.05408636130254315,0.12104731050816409,0.14391395985345765,0.1325812424900638
high_NIS,fixed_bg0,-0.01575,-15.75,4201,0.055397722820752705,0.054024948555512826,0.12061766808014006,0.14330465663488254,0.13216397738989485
high_NIS,fixed_bg0,-0.015499999999999998,-15.499999999999998,4201,0.05488055418114825,0.053968440499480325,0.12019363498049078,0.14272693399285,0.1317539466572801
high_NIS,fixed_bg0,-0.015249999999999998,-15.249999999999998,4201,0.05442742489776742,0.053916852555662025,0.11977527078427451,0.14218117689046372,0.13135121804138408
high_NIS,fixed_bg0,-0.015,-15.0,4201,0.054039945920096595,0.05387019885906832,0.11936263509981018,0.14166775475785923,0.1309558589108787
high_NIS,fixed_bg0,-0.01475,-14.75,4201,0.053719537873678586,0.053828492239383297,0.11895578754054094,0.1411870203507293,0.1305679362100652
high_NIS,fixed_bg0,-0.014499999999999999,-14.499999999999998,4201,0.05346740655712246,0.053791744203531174,0.11855478769624081,0.14073930863160963,0.1301875164144352
high_NIS,fixed_bg0,-0.014249999999999999,-14.249999999999998,4201,0.05328452119329894,0.05375996491995081,0.11815969510333135,0.140324935681103,0.12981466548547804
high_NIS,fixed_bg0,-0.013999999999999999,-13.999999999999998,4201,0.053171596307830644,0.053733163204613583,0.11777056921410574,0.1399441976464583,0.129449448824582
high_NIS,fixed_bg0,-0.013749999999999998,-13.749999999999998,4201,0.05312907800176183,0.05371134650887338,0.1173874693654206,0.13959736973571935,0.12909193122660237
high_NIS,fixed_bg0,-0.013499999999999998,-13.499999999999998,4201,0.05315713522173483,0.053694520909139724,0.11701045474619576,0.13928470526427292,0.12874217683251118
high_NIS,fixed_bg0,-0.013249999999999998,-13.249999999999998,4201,0.0532544245207312,0.053682706001921966,0.11663955673593902,0.13900594537745273,0.12840023021492256
high_NIS,fixed_bg0,-0.012999999999999998,-12.999999999999998,4201,0.05338823892707331,0.05367279043807177,0.11627368506016249,0.13874668402024348,0.12806380546773946
high_NIS,fixed_bg0,-0.012749999999999997,-12.749999999999998,4201,0.05334614404872511,0.053643859258405674,0.11591405256150897,0.13841799847648137,0.12772521762505581
high_NIS,fixed_bg0,-0.012499999999999997,-12.499999999999996,4201,0.05314441423405658,0.053589637891256085,0.11556815809816962,0.13802962442823816,0.12738857270383194
high_NIS,fixed_bg0,-0.012249999999999997,-12.249999999999996,4201,0.05292482160519083,0.05353395050989009,0.11522915592902318,0.1376396707902621,0.1270576335105863
high_NIS,fixed_bg0,-0.011999999999999997,-11.999999999999996,4201,0.05246537652607322,0.05346313579747172,0.114883410669365,0.13714634763765132,0.1267142649283216
high_NIS,fixed_bg0,-0.01175,-11.75,4201,0.051788278851685875,0.053374955635468145,0.1145320758571692,0.136559540551587,0.1263585465619186
high_NIS,fixed_bg0,-0.0115,-11.5,4201,0.051170648530360165,0.05329111198412741,0.11418688519139496,0.1360037596437514,0.12601026690796926
high_NIS,fixed_bg0,-0.01125,-11.25,4201,0.050620315227031525,0.053212163495729915,0.11384802319547144,0.13548181812736687,0.12566983221685654
high_NIS,fixed_bg0,-0.011,-11.0,4201,0.05013949911196128,0.05313813251181657,0.11351553033204476,0.13499409662873085,0.1253372919501964
high_NIS,fixed_bg0,-0.01075,-10.75,4201,0.04973024825700025,0.05306904386577387,0.1131893352439256,0.13454087342325424,0.12501259548457205
high_NIS,fixed_bg0,-0.010499999999999999,-10.499999999999998,4201,0.04939430112405879,0.05300491210713217,0.11286964486725795,0.1341226096654844,0.1246959399497261
high_NIS,fixed_bg0,-0.010249999999999999,-10.249999999999998,4201,0.04913316137494102,0.052945755248330964,0.1125565146274116,0.13373963335744143,0.12438738675559863
high_NIS,fixed_bg0,-0.009999999999999998,-9.999999999999998,4201,0.048948026325748954,0.052891589981973096,0.11224999942444189,0.1333922484359363,0.12408699634372791
high_NIS,fixed_bg0,-0.009749999999999998,-9.749999999999998,4201,0.04883976030863087,0.052842431657708036,0.1119501535934928,0.13308073361726955,0.123794828135533
high_NIS,fixed_bg0,-0.009499999999999998,-9.499999999999998,4201,0.048808874850297744,0.05279829426081714,0.11165703086477151,0.1328053413178114,0.12351094048054354
high_NIS,fixed_bg0,-0.009249999999999998,-9.249999999999998,4201,0.048855516706186354,0.05275919039255221,0.11137068432298305,0.13256629665973008,0.12323539060451393
high_NIS,fixed_bg0,-0.008999999999999998,-8.999999999999998,4201,0.04897946439512389,0.052725131252346506,0.11109116636669562,0.1323637965711289,0.1229682345579133
high_NIS,fixed_bg0,-0.008749999999999997,-8.749999999999998,4201,0.0491801334236337,0.05269612662189115,0.11081852866719874,0.13219800898833367,0.12270952716441025
high_NIS,fixed_bg0,-0.008499999999999997,-8.499999999999996,4201,0.04945658991509437,0.05267218485118236,0.11055282212732578,0.13206907216810093,0.12245932196984124
high_NIS,fixed_bg0,-0.008249999999999997,-8.249999999999996,4201,0.049805810187113365,0.05265328119577919,0.11029406182233549,0.13197638736662595,0.12221762595448718
high_NIS,fixed_bg0,-0.008,-8.0,4201,0.05015921207978273,0.052635302871669,0.1100406473032131,0.1318914922342115,0.12198122465077343
high_NIS,fixed_bg0,-0.00775,-7.75,4201,0.0502648239860162,0.05259945685549453,0.1097890334943413,0.13170758242204497,0.12173879717294146
high_NIS,fixed_bg0,-0.0075,-7.5,4201,0.05014425570175397,0.052547654754143636,0.10954107590394972,0.13143420296954075,0.1214928118464444
high_NIS,fixed_bg0,-0.0072499999999999995,-7.249999999999999,4201,0.05000398548165586,0.05249404691190673,0.10929856032438935,0.13115715311878062,0.12125098040912341
high_NIS,fixed_bg0,-0.006999999999999999,-6.999999999999999,4201,0.04955143689121242,0.0524217646419561,0.10904309451601919,0.1307431939635481,0.12098941222192194
high_NIS,fixed_bg0,-0.006749999999999999,-6.749999999999999,4201,0.04874271323804653,0.05233714707446767,0.10878060922278568,0.1301854446571555,0.12071618742643782
high_NIS,fixed_bg0,-0.006499999999999999,-6.499999999999999,4201,0.047991329243227895,0.05225663603378009,0.10852480406233023,0.12965938758480253,0.12045077461907061
high_NIS,fixed_bg0,-0.006249999999999999,-6.249999999999998,4201,0.04730974237794481,0.052181236017793876,0.10827609564185879,0.1291696791188133,0.12019398603836089
high_NIS,fixed_bg0,-0.005999999999999998,-5.999999999999998,4201,0.04670102587183025,0.0521109685117886,0.10803448553189574,0.12871670024071996,0.11994583403927793
high_NIS,fixed_bg0,-0.005749999999999998,-5.749999999999998,4201,0.046168064104441554,0.05204585409596156,0.10780001316451919,0.12830083362940586,0.11970636477167228
high_NIS,fixed_bg0,-0.005499999999999998,-5.499999999999998,4201,0.0457134826358397,0.05198591305078953,0.10757278975679134,0.12792248725880953,0.11947568895713917
high_NIS,fixed_bg0,-0.005249999999999998,-5.249999999999997,4201,0.04533963908239903,0.05193116329022144,0.10735286133826023,0.12758199492996497,0.1192538576239251
high_NIS,fixed_bg0,-0.0049999999999999975,-4.999999999999997,4201,0.045048543543859544,0.051881621249067825,0.10714027283250707,0.12727966043904565,0.11904092021677147
high_NIS,fixed_bg0,-0.004749999999999997,-4.749999999999997,4201,0.044841807552801864,0.05183730185872944,0.10693506801513102,0.12701575626667846,0.11883692454533547
high_NIS,fixed_bg0,-0.004499999999999997,-4.499999999999997,4201,0.044720601065489814,0.05179821852495565,0.10673728947203469,0.1267905223818196,0.11864191673348844
high_NIS,fixed_bg0,-0.004249999999999997,-4.2499999999999964,4201,0.044685620064990876,0.05176438310779193,0.10654697855846233,0.1266041651726372,0.11845594116998813
high_NIS,fixed_bg0,-0.003999999999999997,-3.9999999999999964,4201,0.04473706681716825,0.051735805903710394,0.10636417535852834,0.1264568565148206,0.11827904046028676
high_NIS,fixed_bg0,-0.00375,-3.75,4201,0.04487464406647492,0.051712495630044174,0.10618891864560025,0.12634873298732377,0.1181112553798715
high_NIS,fixed_bg0,-0.0034999999999999996,-3.4999999999999996,4201,0.04509756355567787,0.05169445941175286,0.10602124584350078,0.12627989524362054,0.11795262482912948
high_NIS,fixed_bg0,-0.0032499999999999994,-3.2499999999999996,4201,0.04540455529199827,0.05168170239913961,0.10586120030562007,0.1262504088479875,0.11780319220216351
high_NIS,fixed_bg0,-0.002999999999999999,-2.999999999999999,4201,0.04579362265094737,0.05167421466111457,0.10570879322946126,0.12626016514470942,0.11766296540063881
high_NIS,fixed_bg0,-0.002749999999999999,-2.749999999999999,4201,0.04589511669784623,0.05166685274368453,0.10557115348285522,0.12617881698941016,0.11753608858617907
high_NIS,fixed_bg0,-0.0024999999999999988,-2.4999999999999987,4201,0.04575602253589596,0.05165305574997628,0.10544437765721616,0.12601654076403299,0.1174161613570626
high_NIS,fixed_bg0,-0.0022499999999999985,-2.2499999999999987,4201,0.045661508868802214,0.0516427945307849,0.1053241859877441,0.12587746332487604,0.117303718529848
high_NIS,fixed_bg0,-0.0019999999999999983,-1.9999999999999982,4201,0.045309965674795165,0.05162306841849968,0.10520390591040629,0.12564153772219516,0.11718704284922749
high_NIS,fixed_bg0,-0.001749999999999998,-1.749999999999998,4201,0.04469289668539333,0.05159520808829228,0.10508487408312574,0.12530902311035635,0.11706791301949729
high_NIS,fixed_bg0,-0.0014999999999999979,-1.4999999999999978,4201,0.044154352945333555,0.0515724671783995,0.10497348561271053,0.12501503484209447,0.11695790718266554
high_NIS,fixed_bg0,-0.0012499999999999976,-1.2499999999999976,4201,0.043698205308988956,0.05155491055829246,0.10486979915443154,0.1247602369530889,0.11685710751753332
high_NIS,fixed_bg0,-0.0009999999999999974,-0.9999999999999974,4201,0.043327049306266976,0.0515425441066269,0.10477385761076592,0.12454488465293269,0.11676555610120916
high_NIS,fixed_bg0,-0.0007499999999999972,-0.7499999999999972,4201,0.04304308361517983,0.051535371559708505,0.10468568227571327,0.12436918284861478,0.11668327470262745
high_NIS,fixed_bg0,-0.000499999999999997,-0.499999999999997,4201,0.04284804177294821,0.05153339508623963,0.10460529278848486,0.1242332997720636,0.11661028294485486
high_NIS,fixed_bg0,-0.00024999999999999675,-0.24999999999999675,4201,0.04274314110596771,0.05153661528404208,0.10453270711188051,0.1241373661822991,0.11654659828186127
high_NIS,fixed_bg0,0.0,0.0,4201,0.04272904551460768,0.05154503117915281,0.10446794151247563,0.12408147474020151,0.1164922359778275
high_NIS,fixed_bg0,0.0002500000000000002,0.2500000000000002,4201,0.04280584470291226,0.05155864022729761,0.10441101054252475,0.12406567956259676,0.1164472090889219
high_NIS,fixed_bg0,0.0005000000000000004,0.5000000000000004,4201,0.04297305134647755,0.05157743831773443,0.10436192702374344,0.12408999596081811,0.11641152844769653
high_NIS,fixed_bg0,0.0007500000000000007,0.7500000000000007,4201,0.04322961640448856,0.0516014197794497,0.10432070203295764,0.12415440036657313,0.1163852026500968
high_NIS,fixed_bg0,0.0010000000000000009,1.0000000000000009,4201,0.043573961468852715,0.051630577389702476,0.10428734488963665,0.12425883044602173,0.11636823804511312
high_NIS,fixed_bg0,0.0012500000000000011,1.250000000000001,4201,0.04400402587097127,0.05166490238485473,0.1042618631454128,0.1244031854007062,0.11636063872714596
high_NIS,fixed_bg0,0.0015000000000000013,1.5000000000000013,4201,0.04451732537757437,0.05170438447349183,0.10424426257553404,0.12458732645206101,0.11636240653105964
high_NIS,fixed_bg0,0.0017500000000000016,1.7500000000000016,4201,0.04511100796056712,0.05174901109528817,0.10423452916174718,0.12481105823655914,0.11637352456169488
high_NIS,fixed_bg0,0.0020000000000000018,2.0000000000000018,4201,0.045780764885842234,0.051798697620807556,0.10423263468029811,0.12507368084909426,0.11639393114595077
high_NIS,fixed_bg0,0.002250000000000002,2.2500000000000018,4201,0.04619812459265731,0.05184046920914093,0.10423166844505616,0.12524352945578746,0.11641166159223057
high_NIS,fixed_bg0,0.0025000000000000022,2.500000000000002,4201,0.0463727907961791,0.051872370208978974,0.10423062037820317,0.1253203923619323,0.11642493296335826
high_NIS,fixed_bg0,0.0027500000000000024,2.7500000000000027,4201,0.04659024870448521,0.051908450580861486,0.10423599088836367,0.12542041425753062,0.11644582018340031
high_NIS,fixed_bg0,0.0030000000000000027,3.0000000000000027,4201,0.046511576204852405,0.05193560788143372,0.10424041923152418,0.12540613656690702,0.11646189234070492
high_NIS,fixed_bg0,0.003250000000000003,3.2500000000000027,4201,0.04611937201835816,0.05194620323613664,0.10423976103368889,0.12526504814343975,0.1164660285706118
high_NIS,fixed_bg0,0.003500000000000003,3.500000000000003,4201,0.045807697350441545,0.05196193598010836,0.10424688594701162,0.1251630982238766,0.11647942316327867
high_NIS,fixed_bg0,0.0037500000000000033,3.7500000000000036,4201,0.04557836560255475,0.05198279462577256,0.10426181160324097,0.12510045446318374,0.11650208708815031
high_NIS,fixed_bg0,0.0040000000000000036,4.0000000000000036,4201,0.04543263806951941,0.05200877438872396,0.10428452014084444,0.1250771696049256,0.1165340025675913
high_NIS,fixed_bg0,0.004250000000000004,4.2500000000000036,4201,0.045371320340260785,0.0520398675991441,0.10431500647700798,0.1250932656279036,0.11657516200303858
high_NIS,fixed_bg0,0.004500000000000004,4.5000000000000036,4201,0.04539475446994965,0.05207606509773101,0.10435326379498659,0.12514872733718144,0.1166255556073761
high_NIS,fixed_bg0,0.004750000000000004,4.750000000000004,4201,0.04550280951613931,0.05211735624911749,0.10439928355170908,0.12524350243573368,0.11668517141654108
high_NIS,fixed_bg0,0.0050000000000000044,5.000000000000004,4201,0.04569488517156618,0.05216372895737963,0.10445305548728352,0.12537750177049764,0.11675399530366624
high_NIS,fixed_bg0,0.005250000000000005,5.250000000000004,4201,0.045969928261099476,0.05221516968360987,0.10451456763640837,0.1255505997502369,0.11683201099576075
high_NIS,fixed_bg0,0.005500000000000005,5.500000000000005,4201,0.046326461059779896,0.05227166346544337,0.1045838063415956,0.12576263493050813,0.11691920009280322
high_NIS,fixed_bg0,0.005750000000000005,5.750000000000005,4201,0.046762619695909856,0.052333193938538886,0.10466075626825944,0.12601341075963718,0.11701554208930004
high_NIS,fixed_bg0,0.006000000000000005,6.000000000000005,4201,0.047276200395432434,0.05239974335986755,0.10474540042152977,0.12630269647745326,0.1171210143981284
high_NIS,fixed_bg0,0.006249999999999999,6.249999999999998,4201,0.04786471104414729,0.05247129263281656,0.10483772016485723,0.1266302281576691,0.11723559237673355
high_NIS,fixed_bg0,0.006499999999999999,6.499999999999999,4201,0.04852542549385794,0.05254782133395436,0.1049376952402721,0.12699570988283562,0.1173592493554956
high_NIS,fixed_bg0,0.006749999999999999,6.749999999999999,4201,0.04925538752708331,0.052629313668083766,0.10504521649901741,0.1273987259235434,0.11749188127908662
high_NIS,fixed_bg0,0.006999999999999999,6.999999999999999,4201,0.049995520509448825,0.05271344059409794,0.10516021275467356,0.127815997578106,0.117632381451179
high_NIS,fixed_bg0,0.0072499999999999995,7.249999999999999,4201,0.05047921881031203,0.052781416062291094,0.1052870271561375,0.12813815786336738,0.11777621138802986
high_NIS,fixed_bg0,0.0075,7.5,4201,0.05072902699575991,0.05283380040568756,0.10541620220581689,0.12836440446144823,0.11791516506711817
high_NIS,fixed_bg0,0.00775,7.75,4201,0.050963320559767704,0.05288346493119428,0.10555076497224232,0.12858804334708573,0.11805771829640938
high_NIS,fixed_bg0,0.008,8.0,4201,0.05089646780242352,0.05291516629487572,0.1056891525265198,0.12868823652747544,0.11819565045207178
high_NIS,fixed_bg0,0.00825,8.25,4201,0.05050610884442921,0.052926081210851836,0.10582831305232301,0.12865328968372128,0.11832498432638042
high_NIS,fixed_bg0,0.0085,8.5,4201,0.05018234858612904,0.052941710319539696,0.1059742745750838,0.12865317591452252,0.11846253231833814
high_NIS,fixed_bg0,0.00875,8.75,4201,0.04993350753160487,0.05296243601095563,0.10612756990274508,0.12869124249957908,0.11860894031090842
high_NIS,fixed_bg0,0.009000000000000001,9.000000000000002,4201,0.04976069202804168,0.052988250822212174,0.1062881911360968,0.12876746782976956,0.11876419620483741
high_NIS,fixed_bg0,0.009250000000000001,9.250000000000002,4201,0.04966464566241505,0.05301914334305436,0.1064561743069069,0.12888182043122748,0.11892832551118304
high_NIS,fixed_bg0,0.009500000000000001,9.500000000000002,4201,0.04964587742679404,0.05305511016481378,0.10663140044818804,0.12903415602707133,0.11910121861736903
high_NIS,fixed_bg0,0.009750000000000002,9.750000000000002,4201,0.04970447486111162,0.05309614097563772,0.10681383391404439,0.129224340289052,0.11928283741562251
high_NIS,fixed_bg0,0.010000000000000002,10.000000000000002,4201,0.049840165088026536,0.053142224045899994,0.10700343784053197,0.1294522064015866,0.1194731421125152
high_NIS,fixed_bg0,0.010250000000000002,10.250000000000002,4201,0.05005232112323422,0.05319334624480335,0.10720017418066088,0.12971755578527883,0.11967209127061985
high_NIS,fixed_bg0,0.010500000000000002,10.500000000000002,4201,0.05033997618875346,0.053249493058898756,0.10740400374023995,0.13002015894909322,0.1198796418515805
high_NIS,fixed_bg0,0.010750000000000003,10.750000000000002,4201,0.05070184527792552,0.05331064861240707,0.10761488621423866,0.13035975646251322,0.12009574926024263
high_NIS,fixed_bg0,0.011000000000000003,11.000000000000004,4201,0.05113635287666287,0.053376795689291164,0.10783278022368308,0.13073606003835384,0.12032036738983751
high_NIS,fixed_bg0,0.011250000000000003,11.250000000000004,4201,0.05164166549898288,0.05344791575705108,0.1080576433531448,0.13114875371621765,0.12055344866824952
high_NIS,fixed_bg0,0.011500000000000003,11.500000000000004,4201,0.052215724490177695,0.053523986253017755,0.1082894340447693,0.13159749433094775,0.12079494455543115
high_NIS,fixed_bg0,0.011750000000000003,11.750000000000004,4201,0.052855944734401264,0.053604971059913714,0.10852805392823096,0.1320817258577025,0.12104474962501763
high_NIS,fixed_bg0,0.012000000000000004,12.000000000000004,4201,0.053519582751818076,0.053688307343409486,0.10877167945004956,0.13258227005792828,0.12130009314004969
high_NIS,fixed_bg0,0.012250000000000004,12.250000000000004,4201,0.05402645964691257,0.05375661011713739,0.10900850779572456,0.13300934645774304,0.1215426999170927
high_NIS,fixed_bg0,0.012500000000000004,12.500000000000004,4201,0.05441730872479743,0.05381271016223717,0.10923938565026718,0.13338026331171582,0.12177459157087216
high_NIS,fixed_bg0,0.012750000000000004,12.750000000000004,4201,0.0547953055078228,0.05386689260154483,0.10947313833207807,0.13374803041733482,0.12200823797932937
high_NIS,fixed_bg0,0.013000000000000005,13.000000000000005,4201,0.05489306325641388,0.05390816662070829,0.10970629337250998,0.13399555823837572,0.12223567905460864
high_NIS,fixed_bg0,0.013250000000000005,13.250000000000005,4201,0.054651638413838674,0.05393483392088442,0.1099414347720691,0.1341002869912344,0.12245850476718419
high_NIS,fixed_bg0,0.013500000000000005,13.500000000000005,4201,0.05447531347294162,0.05396581952287279,0.11018453100251366,0.13424045711704966,0.12269042566157799
high_NIS,fixed_bg0,0.013750000000000005,13.750000000000005,4201,0.05437129884033241,0.05400176113228538,0.11043428242809833,0.13441785252853178,0.12293055332502732
high_NIS,fixed_bg0,0.013999999999999999,13.999999999999998,4201,0.054339977596001746,0.05404265080701076,0.11069068869792044,0.13463235062867465,0.12317888078184679
high_NIS,fixed_bg0,0.014249999999999999,14.249999999999998,4201,0.05438140916446024,0.054088481185108776,0.11095379731106028,0.13488382630014673,0.12343544440174276
high_NIS,fixed_bg0,0.014499999999999999,14.499999999999998,4201,0.054495521802309606,0.054139233926841515,0.11122343111319521,0.13517200218715017,0.12370007388347401
high_NIS,fixed_bg0,0.01475,14.75,4201,0.054681860488794566,0.054194895203047634,0.11149954276574348,0.13549664412654341,0.1239727175754374
high_NIS,fixed_bg0,0.015,15.0,4201,0.0549396903225726,0.054255449906560844,0.1117820842660919,0.13585749070321884,0.12425332272190959
high_NIS,fixed_bg0,0.01525,15.25,4201,0.05526801077639247,0.054320881672406965,0.11207100698352115,0.13625425427173848,0.1245418355090695
high_NIS,fixed_bg0,0.0155,15.5,4201,0.05566557458462524,0.05439117289949442,0.11236626169478053,0.13668662206111862,0.12483820111104857
high_NIS,fixed_bg0,0.01575,15.75,4201,0.056130910456773486,0.05446630477375537,0.11266779861940443,0.13715425735337788,0.12514236373606774
high_NIS,fixed_bg0,0.016,16.0,4201,0.05666234869642159,0.05454625729271742,0.11297556745489849,0.13765680072627906,0.12545426667275864
high_NIS,fixed_bg0,0.01625,16.25,4201,0.057258048753824696,0.05463100929132535,0.11328951741133485,0.13819387134955513,0.12577385233617527
high_NIS,fixed_bg0,0.0165,16.5,4201,0.05791601670427016,0.0547205338721056,0.11360960093592992,0.1387650649225475,0.12610106364368825
high_NIS,fixed_bg0,0.01675,16.75,4201,0.058633627203580084,0.054814810722402775,0.11393578430607922,0.13936975518032113,0.12643585891658363
high_NIS,fixed_bg0,0.017,17.0,4201,0.059382506618671914,0.054911872911356775,0.1142665211267862,0.13999440606455638,0.12677598998647688
high_NIS,fixed_bg0,0.01725,17.25,4201,0.05988584446421696,0.05498861589027977,0.11458570711835417,0.1404989199977508,0.127096939984179
high_NIS,fixed_bg0,0.0175,17.5,4201,0.06022376030911425,0.055040649757822094,0.1148958611385641,0.14091640549739076,0.12739910530508217
high_NIS,fixed_bg0,0.017750000000000002,17.750000000000004,4201,0.06056139319955492,0.05509068636888429,0.11520509578364616,0.14133251630599714,0.12769963907197956
high_NIS,fixed_bg0,0.018000000000000002,18.000000000000004,4201,0.06058913792294406,0.05511816850795842,0.11551429354703285,0.1416072319748793,0.12799048602666427
high_NIS,fixed_bg0,0.018250000000000002,18.250000000000004,4201,0.06023201596594185,0.055123073779433575,0.11582655495911182,0.14171181970432276,0.128274487317584
high_NIS,fixed_bg0,0.018500000000000003,18.500000000000004,4201,0.05993111120386497,0.055132408814484724,0.11614430098392756,0.14184787359302437,0.12856547418623937
high_NIS,fixed_bg0,0.018750000000000003,18.750000000000004,4201,0.059694426575772945,0.05514666087095972,0.11646789129642107,0.14201883140084615,0.12886397443914113
high_NIS,fixed_bg0,0.019000000000000003,19.000000000000004,4201,0.05952265398628133,0.05516584211716422,0.11679740901247587,0.142224650557117,0.12917006188944666
high_NIS,fixed_bg0,0.019250000000000003,19.250000000000004,4201,0.05941636382647826,0.05518994523387962,0.11713279220360334,0.142465172427129,0.12948367103357536
high_NIS,fixed_bg0,0.019500000000000003,19.500000000000004,4201,0.05937597113044326,0.05521894999703672,0.1174738794298985,0.14274015109550914,0.12980464085342075
high_NIS,fixed_bg0,0.019750000000000004,19.750000000000004,4201,0.059401610327829917,0.05525284868733885,0.11782062115234954,0.143049387857239,0.13013291688420514
high_NIS,fixed_bg0,0.020000000000000004,20.000000000000004,4201,0.05949319604735025,0.055291632303544405,0.11817296759686201,0.1433926610722034,0.13046844397569607
high_NIS,fixed_bg0,0.020250000000000004,20.250000000000004,4201,0.059650424532032786,0.0553352905743605,0.11853086878146979,0.14376972693822118,0.1308111663316207
high_NIS,fixed_bg0,0.020500000000000004,20.500000000000004,4201,0.05987277864194324,0.05538381197192089,0.11889427454271832,0.14418032032800968,0.13116102754850756
high_NIS,fixed_bg0,0.020750000000000005,20.750000000000004,4201,0.06015953625401042,0.055437183726876726,0.119263134561801,0.14462415568421255,0.13151797065448415
high_NIS,fixed_bg0,0.021000000000000005,21.000000000000004,4201,0.06050978174493179,0.05549539184497613,0.11963739838980635,0.14510092796508217,0.13188193814737742
high_NIS,fixed_bg0,0.021250000000000005,21.250000000000004,4201,0.06092242014130675,0.05555842112516598,0.12001701547267793,0.14561031363459184,0.13225287203267197
high_NIS,fixed_bg0,0.021500000000000005,21.500000000000004,4201,0.06139619344442223,0.0556262551790918,0.12040193517537338,0.1461519716893658,0.13263071386079572
high_NIS,fixed_bg0,0.021750000000000005,21.750000000000007,4201,0.06192944759593495,0.05569889737529577,0.12079204312301663,0.14672539429217468,0.13301535569495904
high_NIS,fixed_bg0,0.022000000000000006,22.000000000000007,4201,0.06249896890208128,0.055774444743340555,0.12118546170998086,0.14731879014610622,0.13340429084661842
high_NIS,fixed_bg0,0.02225,22.25,4201,0.06291660478277657,0.055830651253671426,0.1215690401310355,0.1478329878450087,0.1337762801762345
high_NIS,fixed_bg0,0.0225,22.5,4201,0.06323196601076304,0.055871196544640435,0.1219393073453271,0.14828710936819245,0.13412973301691156
high_NIS,fixed_bg0,0.02275,22.75,4201,0.06357019013724322,0.055906949370458175,0.12231038858984153,0.14875008308903312,0.13448203651383703
high_NIS,fixed_bg0,0.023,23.0,4201,0.06363997911817001,0.05591917671806427,0.12268478081793337,0.14909244350848777,0.13482770401208535
high_NIS,fixed_bg0,0.02325,23.25,4201,0.06333481341911268,0.055908749016048274,0.12306326412623446,0.1492704049193164,0.13516787781844788
high_NIS,fixed_bg0,0.0235,23.5,4201,0.06308484752909652,0.05590224732807483,0.12344787465591799,0.1494795537896801,0.13551545673240561
high_NIS,fixed_bg0,0.02375,23.75,4201,0.06289666602938329,0.0559005695272826,0.12383761431099528,0.14972180532349025,0.1358698950898003
high_NIS,fixed_bg0,0.024,24.0,4201,0.06277076451326616,0.05590372291648575,0.12423248465422125,0.1499970178265702,0.13623118761606867
high_NIS,fixed_bg0,0.02425,24.25,4201,0.06270744240714142,0.0559117195917475,0.12463260972331867,0.15030512675020857,0.13659944287643086
high_NIS,fixed_bg0,0.0245,24.5,4201,0.06270698977085275,0.05592453963222911,0.12503771002167874,0.15064577533626355,0.13697438833790118
high_NIS,fixed_bg0,0.02475,24.75,4201,0.06276940796447374,0.055942179721876165,0.1254477373507027,0.15101874338854795,0.13735596921301071
high_NIS,fixed_bg0,0.025,25.0,4201,0.06289450980421077,0.055964635302843256,0.12586264355754262,0.15142379209155096,0.1377441303572435
high_NIS,fixed_bg0,0.02525,25.25,4201,0.06308192235517505,0.05599190058136186,0.12628238055287153,0.15186066474514623,0.13813881630017458
high_NIS,fixed_bg0,0.025500000000000002,25.500000000000004,4201,0.06333109244082469,0.056023968535203354,0.1267069003284282,0.152329087540824,0.13853997127642162
high_NIS,fixed_bg0,0.025750000000000002,25.750000000000004,4201,0.06364129468109768,0.056060830922681604,0.12713615497376538,0.15282877037371279,0.1389475392558455
high_NIS,fixed_bg0,0.026000000000000002,26.000000000000004,4201,0.06401164179142671,0.05610247829318026,0.12757009669241845,0.1533594076852922,0.13936146397318638
high_NIS,fixed_bg0,0.026250000000000002,26.250000000000004,4201,0.06444109681093645,0.056148899999196845,0.12800867781775507,0.1539206793318105,0.13978168895735074
high_NIS,fixed_bg0,0.026500000000000003,26.500000000000004,4201,0.06492848688185913,0.05620008420981253,0.1284518508278927,0.15451225147239608,0.1402081575597554
high_NIS,fixed_bg0,0.026750000000000003,26.750000000000004,4201,0.06547246980694314,0.056256167821287305,0.12889951700129848,0.15513376874080617,0.14064082586896615
high_NIS,fixed_bg0,0.027000000000000003,27.000000000000004,4201,0.06603998826593219,0.056315173051466945,0.12934843062690166,0.1557680816843538,0.1410759200624226
high_NIS,fixed_bg0,0.027250000000000003,27.250000000000004,4201,0.06645020933154158,0.056356784678280106,0.1297837706954787,0.15631872771813468,0.14149174645614718
high_NIS,fixed_bg0,0.027500000000000004,27.500000000000004,4201,0.06672742386726374,0.0563707208127484,0.13020950430529865,0.15679516023252094,0.1418878894634085
high_NIS,fixed_bg0,0.027750000000000004,27.750000000000004,4201,0.06699102122714035,0.05637843214767575,0.13063482007187813,0.15726341199305466,0.14228135445884
high_NIS,fixed_bg0,0.028000000000000004,28.000000000000004,4201,0.06696573896727223,0.05636411700943094,0.13106241203878513,0.15760291790163639,0.14266839010683866
high_NIS,fixed_bg0,0.028250000000000004,28.250000000000004,4201,0.06659193005646197,0.05632510853663323,0.13148619478544082,0.1577834668761692,0.14304243171457362
high_NIS,fixed_bg0,0.028500000000000004,28.500000000000004,4201,0.06626122693863529,0.05629011095902242,0.13191397803637242,0.15798868436876415,0.1434220143254153
high_NIS,fixed_bg0,0.028750000000000005,28.750000000000004,4201,0.06598848420676531,0.0562597325388245,0.13234621535229898,0.15822502416281586,0.1438077822074214
high_NIS,fixed_bg0,0.029000000000000005,29.000000000000004,4201,0.06577439410053049,0.056233983335374924,0.1327829371361702,0.1584923979109511,0.1441997547718836
high_NIS,fixed_bg0,0.029250000000000005,29.250000000000004,4201,0.06561945244937831,0.05621287651903676,0.13322429820551995,0.1587907858115641,0.14459806747981735
high_NIS,fixed_bg0,0.029500000000000005,29.500000000000007,4201,0.06552418285802322,0.05619640794099544,0.13366998784889683,0.159119830493269,0.14500242038323014
high_NIS,fixed_bg0,0.029750000000000006,29.750000000000007,4201,0.06548884574992049,0.056184581679869464,0.1341199629139309,0.15947934219902257,0.14541276309380846
high_NIS,fixed_bg0,0.03,30.0,4201,0.06551353810543542,0.05617740066751104,0.13457418041314437,0.1598691153873066,0.14582904504805483
longest_high_NIS_segment,fixed_bg0,-0.03,-30.0,207,0.0476579472640332,0.06721687873546521,0.2016333176834847,0.2178196123502396,0.2125420042885342
longest_high_NIS_segment,fixed_bg0,-0.02975,-29.75,207,0.047420444851402024,0.06722063119643168,0.2010651172692157,0.2172429359745329,0.212004232601451
longest_high_NIS_segment,fixed_bg0,-0.0295,-29.5,207,0.04721694124774721,0.06722769395546664,0.20050036539860608,0.2166780997247707,0.2114709421162739
longest_high_NIS_segment,fixed_bg0,-0.029249999999999998,-29.25,207,0.04704787763638884,0.06723806596941738,0.1999390912941944,0.2161251964324025,0.21094216682033004
longest_high_NIS_segment,fixed_bg0,-0.028999999999999998,-28.999999999999996,207,0.04691362635513545,0.06725174570715882,0.19938132432647457,0.21558431790978783,0.21041794075325235
longest_high_NIS_segment,fixed_bg0,-0.028749999999999998,-28.749999999999996,207,0.046814486901989825,0.06726873115071799,0.19882709401108226,0.21505555488621056,0.20989829800053014
longest_high_NIS_segment,fixed_bg0,-0.028499999999999998,-28.499999999999996,207,0.04675068265180211,0.06728901979676662,0.19827643000533834,0.21453899694293582,0.20938327268640994
longest_high_NIS_segment,fixed_bg0,-0.028249999999999997,-28.249999999999996,207,0.04672235836651164,0.06731260865845458,0.19772936210516148,0.21403473244837865,0.2088728989670998
longest_high_NIS_segment,fixed_bg0,-0.027999999999999997,-27.999999999999996,207,0.04672326707259222,0.06733716447846473,0.19718555580562835,0.21354039623525842,0.20836611321991488
longest_high_NIS_segment,fixed_bg0,-0.027749999999999997,-27.749999999999996,207,0.0466111090617212,0.06736024855251424,0.1966803842928401,0.21305673455349733,0.2078955907436128
longest_high_NIS_segment,fixed_bg0,-0.0275,-27.5,207,0.04638429758975321,0.06736903052359584,0.19620422833405643,0.21257043198137066,0.20744803081700183
longest_high_NIS_segment,fixed_bg0,-0.02725,-27.25,207,0.046188056512756086,0.06737548209174982,0.19573131870488297,0.21209323721767684,0.20700290990478418
longest_high_NIS_segment,fixed_bg0,-0.027,-27.0,207,0.04589186500605063,0.06733840167664379,0.19520765231848966,0.21153380613461042,0.2064957332829455
longest_high_NIS_segment,fixed_bg0,-0.02675,-26.75,207,0.04548084102252989,0.06731023997561178,0.19463478670018877,0.21090726753604072,0.20594506209036045
longest_high_NIS_segment,fixed_bg0,-0.0265,-26.5,207,0.04510155412593478,0.06728541423507141,0.194065128314828,0.21029206162195097,0.2053986392278094
longest_high_NIS_segment,fixed_bg0,-0.02625,-26.25,207,0.0447561333750753,0.06726387600234233,0.1934990135867576,0.20968883792084458,0.20485677258491283
longest_high_NIS_segment,fixed_bg0,-0.026,-26.0,207,0.04444536838020157,0.06724562843630887,0.19293647370934228,0.20909770013474954,0.2043194984116539
longest_high_NIS_segment,fixed_bg0,-0.02575,-25.75,207,0.04416999062565731,0.06723067421640454,0.19237754004279672,0.20851875105222756,0.20378685303156874
longest_high_NIS_segment,fixed_bg0,-0.0255,-25.5,207,0.04393066558727799,0.06721901554064051,0.19182224411050508,0.20795209247512833,0.20325887283423344
longest_high_NIS_segment,fixed_bg0,-0.025249999999999998,-25.249999999999996,207,0.04372798522303551,0.06721065412399994,0.1912706175956908,0.20739782514500707,0.20273559426803406
longest_high_NIS_segment,fixed_bg0,-0.024999999999999998,-24.999999999999996,207,0.043562461019134836,0.06720559119717234,0.19072269233745098,0.20685604866827337,0.20221705383228053
longest_high_NIS_segment,fixed_bg0,-0.024749999999999998,-24.749999999999996,207,0.04343451777185518,0.06720382750565157,0.19017850032694425,0.2063268614409876,0.20170328806941867
longest_high_NIS_segment,fixed_bg0,-0.0245,-24.5,207,0.043344488274256514,0.06720536330918643,0.18963807370340788,0.20581036057306748,0.2011943335570336
longest_high_NIS_segment,fixed_bg0,-0.02425,-24.25,207,0.043292609058515175,0.06721019838158933,0.18910144474969912,0.20530664181172886,0.20069022689935873
longest_high_NIS_segment,fixed_bg0,-0.024,-24.0,207,0.04327901731882222,0.06721833201090185,0.1885686458881268,0.20481579946501313,0.20019100471901718
longest_high_NIS_segment,fixed_bg0,-0.02375,-23.75,207,0.04330374910703771,0.06722976299992067,0.18803970967564856,0.20433792632463746,0.1996967036481266
longest_high_NIS_segment,fixed_bg0,-0.0235,-23.5,207,0.04336673885618906,0.06724448966707769,0.18751466879920023,0.20387311358901736,0.19920736031949088
longest_high_NIS_segment,fixed_bg0,-0.02325,-23.25,207,0.04346782024635214,0.06726250984767264,0.18699355607084125,0.20342145078628326,0.19872301135758555
longest_high_NIS_segment,fixed_bg0,-0.023,-23.0,207,0.043587115034334385,0.06728261926303401,0.18647874346023063,0.20298056363705663,0.1982454857428055
longest_high_NIS_segment,fixed_bg0,-0.02275,-22.75,207,0.043562241673822416,0.06728730483454783,0.18600670747992104,0.20254319420574657,0.19780312590911767
longest_high_NIS_segment,fixed_bg0,-0.0225,-22.5,207,0.04339651511098778,0.06726808803570758,0.18558115981983236,0.20211041554514717,0.19739646032301056
longest_high_NIS_segment,fixed_bg0,-0.02225,-22.25,207,0.043261619528664655,0.0672410422454247,0.18517081669455726,0.20169570357799704,0.19700149521661078
longest_high_NIS_segment,fixed_bg0,-0.022,-22.0,207,0.04300161700711913,0.06719257162656958,0.18472331609601764,0.2012130320245881,0.196564353816507
longest_high_NIS_segment,fixed_bg0,-0.02175,-21.75,207,0.0425619691304376,0.06712720926640352,0.18424280148879255,0.20065640617880717,0.19609046923380571
longest_high_NIS_segment,fixed_bg0,-0.0215,-21.5,207,0.04214790417359773,0.06706506093725341,0.18376637807107554,0.20011059425753988,0.1956215839519734
longest_high_NIS_segment,fixed_bg0,-0.021249999999999998,-21.249999999999996,207,0.041769678529285106,0.06700613135056793,0.18329419687274515,0.19957778005137256,0.19515784443827572
longest_high_NIS_segment,fixed_bg0,-0.020999999999999998,-20.999999999999996,207,0.041428273810322665,0.06695042900573965,0.18282629076270143,0.19905806793245914,0.19469928746171733
longest_high_NIS_segment,fixed_bg0,-0.020749999999999998,-20.749999999999996,207,0.04112460705726696,0.06689796196421914,0.18236269264797864,0.19855156078561018,0.1942459497255663
longest_high_NIS_segment,fixed_bg0,-0.020499999999999997,-20.499999999999996,207,0.04085951968113819,0.06684873784380516,0.18190343546655474,0.19805835992055004,0.19379786785680803
longest_high_NIS_segment,fixed_bg0,-0.020249999999999997,-20.249999999999996,207,0.04063376674370291,0.06680276381321625,0.18144855217997363,0.19757856498384288,0.19335507839540433
longest_high_NIS_segment,fixed_bg0,-0.019999999999999997,-19.999999999999996,207,0.04044800686359632,0.06676004658693035,0.18099807576552587,0.19711227387037494,0.19291761778311525
longest_high_NIS_segment,fixed_bg0,-0.019749999999999997,-19.749999999999996,207,0.04030279304145884,0.06672059242036689,0.18055203920863616,0.19665958263523364,0.19248552235251778
longest_high_NIS_segment,fixed_bg0,-0.019499999999999997,-19.499999999999996,207,0.040198564687009816,0.06668440710533885,0.1801104754946582,0.19622058540529877,0.1920588283154472
longest_high_NIS_segment,fixed_bg0,-0.019249999999999996,-19.249999999999996,207,0.04013564110734538,0.06665149596586117,0.17967341760089617,0.1957953742915569,0.19163757175166155
longest_high_NIS_segment,fixed_bg0,-0.019,-19.0,207,0.04011421667623407,0.06662186385425103,0.17924089848806904,0.1953840393015061,0.1912217885969709
longest_high_NIS_segment,fixed_bg0,-0.01875,-18.75,207,0.04013435785267488,0.06659551514758207,0.17881295109184903,0.19498666825245864,0.19081151463144927
longest_high_NIS_segment,fixed_bg0,-0.0185,-18.5,207,0.04019600215436328,0.06657245374447315,0.17838960831421904,0.19460334668564694,0.1904067854674841
longest_high_NIS_segment,fixed_bg0,-0.01825,-18.25,207,0.040298959122903655,0.066552683062207,0.17797090301441615,0.19423415778110384,0.19000763653744362
longest_high_NIS_segment,fixed_bg0,-0.018,-18.0,207,0.040420947981083546,0.06653432230555081,0.1775598858884213,0.1938767189660934,0.1896162680820612
longest_high_NIS_segment,fixed_bg0,-0.01775,-17.75,207,0.04038513412350347,0.06651683664145681,0.1771753284587336,0.1935110994992787,0.18925006359641303
longest_high_NIS_segment,fixed_bg0,-0.017499999999999998,-17.499999999999996,207,0.04018268716727752,0.06648673628479677,0.1768158683749634,0.19312945336996054,0.1889029841241172
longest_high_NIS_segment,fixed_bg0,-0.017249999999999998,-17.249999999999996,207,0.03999998004758446,0.0664516911947048,0.17645976931514587,0.19275340685237718,0.1885573585129758
longest_high_NIS_segment,fixed_bg0,-0.016999999999999998,-16.999999999999996,207,0.03958537022370789,0.06638691684765025,0.17606741021493372,0.19228613367603656,0.1881673607944018
longest_high_NIS_segment,fixed_bg0,-0.01675,-16.75,207,0.03890048688141157,0.06629412690415536,0.17558928573864432,0.1916761759004035,0.18768726256246465
longest_high_NIS_segment,fixed_bg0,-0.0165,-16.5,207,0.0382470369454747,0.06620445959380117,0.17511471297918652,0.19107859379584785,0.1872116267006142
longest_high_NIS_segment,fixed_bg0,-0.01625,-16.25,207,0.03762704896042933,0.06611798201067,0.17464456846117174,0.19049437695539137,0.18674129923011726
longest_high_NIS_segment,fixed_bg0,-0.016,-16.0,207,0.03704220315658924,0.06603470668634533,0.1741788880427704,0.18992364871616602,0.1862763203602852
longest_high_NIS_segment,fixed_bg0,-0.01575,-15.75,207,0.03649418910973039,0.06595464575048371,0.17371770762433766,0.1893665310373072,0.18581673024334133
longest_high_NIS_segment,fixed_bg0,-0.015499999999999998,-15.499999999999998,207,0.03598468960159762,0.06587781092238033,0.17326106313977163,0.18882314439170897,0.18536256896215278
longest_high_NIS_segment,fixed_bg0,-0.015249999999999998,-15.249999999999998,207,0.035515362246914026,0.06580421350270664,0.17280899054738197,0.18829360765635275,0.18491387651746144
longest_high_NIS_segment,fixed_bg0,-0.015,-15.0,207,0.035087819085819115,0.0657338643655431,0.17236152582092182,0.18777803800216655,0.18447069281526518
longest_high_NIS_segment,fixed_bg0,-0.01475,-14.75,207,0.03470360447749287,0.0656667739505892,0.17191870494000464,0.18727655078267666,0.1840330576535808
longest_high_NIS_segment,fixed_bg0,-0.014499999999999999,-14.499999999999998,207,0.034364171779944906,0.06560295225567084,0.17148056388055474,0.18678925942241537,0.18360101070923554
longest_high_NIS_segment,fixed_bg0,-0.014249999999999999,-14.249999999999998,207,0.034070859445804035,0.06554240882951062,0.17104713860502654,0.1863162753049706,0.18317459152443022
longest_high_NIS_segment,fixed_bg0,-0.013999999999999999,-13.999999999999998,207,0.03382486729449943,0.06548515276474148,0.1706184650521567,0.18585770766063497,0.18275383949284227
longest_high_NIS_segment,fixed_bg0,-0.013749999999999998,-13.749999999999998,207,0.03362723382123113,0.06543119269126257,0.17019457912686356,0.18541366345455537,0.18233879384588286
longest_high_NIS_segment,fixed_bg0,-0.013499999999999998,-13.499999999999998,207,0.0334788154555381,0.06538053676984244,0.16977551668953741,0.18498424727478305,0.18192949363836558
longest_high_NIS_segment,fixed_bg0,-0.013249999999999998,-13.249999999999998,207,0.033380268677862854,0.06533319268608444,0.16936131354550146,0.18456956122129406,0.1815259777343582
longest_high_NIS_segment,fixed_bg0,-0.012999999999999998,-12.999999999999998,207,0.03330387888468782,0.06528169048706892,0.16894278431788717,0.18415350073972409,0.18111698839680831
longest_high_NIS_segment,fixed_bg0,-0.012749999999999997,-12.749999999999998,207,0.033159014507684194,0.06522378890123107,0.1685450463181329,0.18374192640803227,0.18072513736891704
longest_high_NIS_segment,fixed_bg0,-0.012499999999999997,-12.499999999999996,207,0.03302337687450813,0.06518133368642505,0.16819685308422966,0.1833830173946727,0.18038510927617896
longest_high_NIS_segment,fixed_bg0,-0.012249999999999997,-12.249999999999996,207,0.03290517518348708,0.06514676282480703,0.16786740710410555,0.18304730980886647,0.1800654521956035
longest_high_NIS_segment,fixed_bg0,-0.011999999999999997,-11.999999999999996,207,0.03265123760901406,0.06510008532026124,0.167512476044979,0.18265966729638272,0.1797176973462128
longest_high_NIS_segment,fixed_bg0,-0.01175,-11.75,207,0.03225665857994353,0.06503972368046868,0.16713474974476822,0.18222151972646114,0.17934377666559279
longest_high_NIS_segment,fixed_bg0,-0.0115,-11.5,207,0.03190889895018403,0.06498259763378675,0.16676202494523823,0.1817979339576882,0.1789757272902415
longest_high_NIS_segment,fixed_bg0,-0.01125,-11.25,207,0.031610617404767886,0.06492879376868489,0.1663944669988331,0.1813893548166286,0.1786137366164265
longest_high_NIS_segment,fixed_bg0,-0.011,-11.0,207,0.03136322566691073,0.06487832035045515,0.16603211022028486,0.18099588393090787,0.1782578415545782
longest_high_NIS_segment,fixed_bg0,-0.01075,-10.75,207,0.031167935555369845,0.06483118515772317,0.16567498873690978,0.1806176200394464,0.17790807868652322
longest_high_NIS_segment,fixed_bg0,-0.010499999999999999,-10.499999999999998,207,0.031025730939972806,0.06478739547652633,0.16532313647561642,0.1802546588777297,0.17756448424943294
longest_high_NIS_segment,fixed_bg0,-0.010249999999999999,-10.249999999999998,207,0.030937343857582008,0.06474695809478184,0.16497658715009983,0.17990709306523794,0.1772270941200073
longest_high_NIS_segment,fixed_bg0,-0.009999999999999998,-9.999999999999998,207,0.030903236086066013,0.06470987929707095,0.16463537424759617,0.17957501199464998,0.17689594379828938
longest_high_NIS_segment,fixed_bg0,-0.009749999999999998,-9.749999999999998,207,0.030923587231211566,0.06467616485981337,0.16429953101571462,0.179258501723639,0.17657106839161826
longest_high_NIS_segment,fixed_bg0,-0.009499999999999998,-9.499999999999998,207,0.03099829003231917,0.06464582004681144,0.16396909044914593,0.1789576448693173,0.17625250259853026
longest_high_NIS_segment,fixed_bg0,-0.009249999999999998,-9.249999999999998,207,0.03112695316981633,0.06461884960515746,0.16364408527607402,0.17867252050545682,0.17594028069244672
longest_high_NIS_segment,fixed_bg0,-0.008999999999999998,-8.999999999999998,207,0.03130891140506049,0.06459525776155586,0.16332454794477244,0.1784032040632007,0.1756344365056184
longest_high_NIS_segment,fixed_bg0,-0.008749999999999997,-8.749999999999998,207,0.03154324244794912,0.06457504821901543,0.16301051060983132,0.17814976723503229,0.1753350034127986
longest_high_NIS_segment,fixed_bg0,-0.008499999999999997,-8.499999999999996,207,0.031828789576695826,0.06455822415395907,0.16270200511849356,0.17791227788269334,0.17504201431510982
longest_high_NIS_segment,fixed_bg0,-0.008249999999999997,-8.249999999999996,207,0.032164188762198155,0.06454478821373623,0.16239906299691764,0.17769079994913403,0.17475550162393416
longest_high_NIS_segment,fixed_bg0,-0.008,-8.0,207,0.032529965993298895,0.06453183852633339,0.16210332073746764,0.1774825159423549,0.1744759146062948
longest_high_NIS_segment,fixed_bg0,-0.00775,-7.75,207,0.03272760203553521,0.06451552527018656,0.16182171018365152,0.1772557892500162,0.17420826297179415
longest_high_NIS_segment,fixed_bg0,-0.0075,-7.5,207,0.03267021232379917,0.06449775670014062,0.16155606015095775,0.17699622584714214,0.17395494011625662
longest_high_NIS_segment,fixed_bg0,-0.0072499999999999995,-7.249999999999999,207,0.03262426422113783,0.06447024896793503,0.16129431475854816,0.17673882310173883,0.17370166658790906
longest_high_NIS_segment,fixed_bg0,-0.006999999999999999,-6.999999999999999,207,0.0323918179713855,0.06441761325601864,0.16103548112485622,0.1764405989283852,0.17344179161527337
longest_high_NIS_segment,fixed_bg0,-0.006749999999999999,-6.749999999999999,207,0.031907395829188244,0.06432284614585485,0.16075299190615644,0.17605974795984633,0.1731443124768588
longest_high_NIS_segment,fixed_bg0,-0.006499999999999999,-6.499999999999999,207,0.031454060921555754,0.06422289220868194,0.16047200790078006,0.17568495425565878,0.172846305148117
longest_high_NIS_segment,fixed_bg0,-0.006249999999999999,-6.249999999999998,207,0.031048340562702788,0.06412615793371992,0.1601967254374356,0.17532585212659058,0.17255478832016666
longest_high_NIS_segment,fixed_bg0,-0.005999999999999998,-5.999999999999998,207,0.03069212306643652,0.06403265791283363,0.15992717395833095,0.17498253818025808,0.17226979494293304
longest_high_NIS_segment,fixed_bg0,-0.005749999999999998,-5.749999999999998,207,0.03038714939474469,0.06394240633391891,0.15966338248943057,0.17465510551964042,0.17199135744489663
longest_high_NIS_segment,fixed_bg0,-0.005499999999999998,-5.499999999999998,207,0.030134975389678784,0.0638554169707617,0.15940537962652473,0.17434364362408758,0.17171950771646854
longest_high_NIS_segment,fixed_bg0,-0.005249999999999998,-5.249999999999997,207,0.029936935356196053,0.06377170317309065,0.15915319352133128,0.17404823823341672,0.17145427709344294
longest_high_NIS_segment,fixed_bg0,-0.0049999999999999975,-4.999999999999997,207,0.029794108791684374,0.063691277856796,0.15890685186750983,0.17376897123527268,0.17119569634039958
longest_high_NIS_segment,fixed_bg0,-0.004749999999999997,-4.749999999999997,207,0.029707292071922468,0.06361415349445,0.15866638188695947,0.1735059205565056,0.17094379563445383
longest_high_NIS_segment,fixed_bg0,-0.004499999999999997,-4.499999999999997,207,0.02967697675282679,0.06354034210599767,0.15843181031597467,0.17325916005837042,0.1706986045489072
longest_high_NIS_segment,fixed_bg0,-0.004249999999999997,-4.2499999999999964,207,0.029703335831432667,0.06346985524977969,0.1582031633917181,0.1730287594363709,0.17046015203728593
longest_high_NIS_segment,fixed_bg0,-0.003999999999999997,-3.9999999999999964,207,0.02978621884743782,0.06340270401376581,0.15798046683860378,0.17281478412458776,0.1702284664173428
longest_high_NIS_segment,fixed_bg0,-0.00375,-3.75,207,0.02992515614539303,0.06333889900712202,0.15776374585494235,0.17261729520515431,0.17000357535539432
longest_high_NIS_segment,fixed_bg0,-0.0034999999999999996,-3.4999999999999996,207,0.030119372018852078,0.06327845035207902,0.1575530250997209,0.1724363493230004,0.1697855058508641
longest_high_NIS_segment,fixed_bg0,-0.0032499999999999994,-3.2499999999999996,207,0.030367805891772202,0.06322136767608483,0.1573483286794207,0.17227199860604764,0.16957428422093287
longest_high_NIS_segment,fixed_bg0,-0.002999999999999999,-2.999999999999999,207,0.030668924388948214,0.0631676987453483,0.15714962526508017,0.17212421621873325,0.16936989958590107
longest_high_NIS_segment,fixed_bg0,-0.002749999999999999,-2.749999999999999,207,0.03076058454287025,0.06314328877251722,0.1569648386116487,0.1719629292574696,0.16918934800214352
longest_high_NIS_segment,fixed_bg0,-0.0024999999999999988,-2.4999999999999987,207,0.03056334725022584,0.06313725120072565,0.15678132916677395,0.1717580154159385,0.16901685615489323
longest_high_NIS_segment,fixed_bg0,-0.0022499999999999985,-2.2499999999999987,207,0.03041157704221349,0.06313376694081765,0.15660159450518213,0.17156571903471118,0.1688488434360833
longest_high_NIS_segment,fixed_bg0,-0.0019999999999999983,-1.9999999999999982,207,0.030107711173757747,0.06312383291021272,0.15641907199548324,0.1713418181219257,0.1686758559047638
longest_high_NIS_segment,fixed_bg0,-0.001749999999999998,-1.749999999999998,207,0.0296263893378763,0.0631073541794853,0.15623326742054508,0.1710821292409993,0.16849739463990104
longest_high_NIS_segment,fixed_bg0,-0.0014999999999999979,-1.4999999999999978,207,0.029201698457554513,0.06309426961682946,0.15605360856559272,0.17084014398738473,0.16832592077521633
longest_high_NIS_segment,fixed_bg0,-0.0012499999999999976,-1.2499999999999976,207,0.02883667846337201,0.06308463059465902,0.1558801282952565,0.17061605739029995,0.16816148493222288
longest_high_NIS_segment,fixed_bg0,-0.0009999999999999974,-0.9999999999999974,207,0.028533619489643898,0.06307843869251321,0.1557128472602808,0.17040994005916574,0.1680041077765323
longest_high_NIS_segment,fixed_bg0,-0.0007499999999999972,-0.7499999999999972,207,0.02829451257655675,0.06307569492556414,0.15555178546070803,0.17022185726957012,0.1678538091624881
longest_high_NIS_segment,fixed_bg0,-0.000499999999999997,-0.499999999999997,207,0.028120989084612094,0.06307639974378451,0.1553969622344116,0.17005186886187904,0.16771060812101551
longest_high_NIS_segment,fixed_bg0,-0.00024999999999999675,-0.24999999999999675,207,0.028014267733326634,0.06308055303157817,0.155248396245839,0.16990002914746458,0.1675745228478208
longest_high_NIS_segment,fixed_bg0,0.0,0.0,207,0.027975113057117574,0.06308815410787438,0.15510610547520415,0.16976638682313583,0.16744557069216276
longest_high_NIS_segment,fixed_bg0,0.0002500000000000002,0.2500000000000002,207,0.02800380847078549,0.06309920172668762,0.15497010720787657,0.16965098489379427,0.16732376814596894
longest_high_NIS_segment,fixed_bg0,0.0005000000000000004,0.5000000000000004,207,0.028100146112871035,0.06311369407813794,0.15484041802420195,0.16955386060383026,0.16720913083351158
longest_high_NIS_segment,fixed_bg0,0.0007500000000000007,0.7500000000000007,207,0.028263434303826013,0.06313162878992903,0.15471705378967218,0.1694750453774018,0.1671016735015712
longest_high_NIS_segment,fixed_bg0,0.0010000000000000009,1.0000000000000009,207,0.028492522003421273,0.06315300292929317,0.15460002964539332,0.16941456476778863,0.16700141001004692
longest_high_NIS_segment,fixed_bg0,0.0012500000000000011,1.250000000000001,207,0.02878583828846215,0.06317781300537578,0.15448935999904434,0.16937243841613078,0.16690835332318307
longest_high_NIS_segment,fixed_bg0,0.0015000000000000013,1.5000000000000013,207,0.029141443790750367,0.06320605497208547,0.15438505851612583,0.16934868001957182,0.16682251550124122
longest_high_NIS_segment,fixed_bg0,0.0017500000000000016,1.7500000000000016,207,0.029557090364865934,0.06323772423137732,0.15428713811168676,0.1693432973090322,0.16674390769278025
longest_high_NIS_segment,fixed_bg0,0.0020000000000000018,2.0000000000000018,207,0.030029789556613888,0.06327277428661973,0.15419560048391817,0.16935617920624021,0.16667251475429787
longest_high_NIS_segment,fixed_bg0,0.002250000000000002,2.2500000000000018,207,0.03034626287934645,0.06330284927726895,0.15410253977762403,0.1693391247269137,0.16659784960357332
longest_high_NIS_segment,fixed_bg0,0.0025000000000000022,2.500000000000002,207,0.030509091528341522,0.0633245358498748,0.15400611682184406,0.1692887637294049,0.1665169086283599
longest_high_NIS_segment,fixed_bg0,0.0027500000000000024,2.7500000000000027,207,0.03072800619236138,0.06334866736240653,0.15391360639255705,0.16925324887255078,0.1664405355956169
longest_high_NIS_segment,fixed_bg0,0.0030000000000000027,3.0000000000000027,207,0.030658208182237745,0.06334605669365684,0.15383750055736872,0.16917040286444865,0.16636916624295026
longest_high_NIS_segment,fixed_bg0,0.003250000000000003,3.2500000000000027,207,0.03040822514214077,0.06332320237772171,0.15376234421883805,0.16904835584925834,0.1662909692648472
longest_high_NIS_segment,fixed_bg0,0.003500000000000003,3.500000000000003,207,0.03023435893274952,0.06330381049489835,0.1536935010749164,0.1689472733012097,0.16621992869640906
longest_high_NIS_segment,fixed_bg0,0.0037500000000000033,3.7500000000000036,207,0.030137979212702583,0.06328789112385674,0.15363107530941267,0.1688672918437933,0.16615614482658042
longest_high_NIS_segment,fixed_bg0,0.0040000000000000036,4.0000000000000036,207,0.030119829832642633,0.06327544688552661,0.15357507474799936,0.1688084414700996,0.16609962601528247
longest_high_NIS_segment,fixed_bg0,0.004250000000000004,4.2500000000000036,207,0.030180051929057726,0.06326647983053939,0.15352550642173046,0.16877074428536917,0.1660503796809777
longest_high_NIS_segment,fixed_bg0,0.004500000000000004,4.5000000000000036,207,0.030318178489231747,0.0632609914375351,0.15348237656262356,0.16875421446552316,0.16600841229579563
longest_high_NIS_segment,fixed_bg0,0.004750000000000004,4.750000000000004,207,0.030533152253593262,0.06325898261194704,0.15344569059976745,0.16875885823055126,0.1659737293813036
longest_high_NIS_segment,fixed_bg0,0.0050000000000000044,5.000000000000004,207,0.030823365379979362,0.0632604536852548,0.15341545315591865,0.16878467383280932,0.16594633550488577
longest_high_NIS_segment,fixed_bg0,0.005250000000000005,5.250000000000004,207,0.031186717482395463,0.06326540441471036,0.15339166804458038,0.16883165156031127,0.16592623427672795
longest_high_NIS_segment,fixed_bg0,0.005500000000000005,5.500000000000005,207,0.03162068734982946,0.06327383398353788,0.1533743382676161,0.16889977375497306,0.16591342834745304
longest_high_NIS_segment,fixed_bg0,0.005750000000000005,5.750000000000005,207,0.03212241299774274,0.06328574100160918,0.15336346601334466,0.1689890148457782,0.1659079194063656
longest_high_NIS_segment,fixed_bg0,0.006000000000000005,6.000000000000005,207,0.03268877471378785,0.0633011235065857,0.1533590526551687,0.16909934139663463,0.1659097081803437
longest_high_NIS_segment,fixed_bg0,0.006249999999999999,6.249999999999998,207,0.03331647632855283,0.06331997896553802,0.15336109875070092,0.16923071216883015,0.1659187944333565
longest_high_NIS_segment,fixed_bg0,0.006499999999999999,6.499999999999999,207,0.03400212088660125,0.06334230427702636,0.15336960404141647,0.16938307819770934,0.16593517696662233
longest_high_NIS_segment,fixed_bg0,0.006749999999999999,6.749999999999999,207,0.03474227801672768,0.06336809577364115,0.15338456745281254,0.16955638288326208,0.165958853619395
longest_high_NIS_segment,fixed_bg0,0.006999999999999999,6.999999999999999,207,0.03551606406992462,0.06339742070076697,0.15340212922073737,0.16974344466866712,0.1659862831711279
longest_high_NIS_segment,fixed_bg0,0.0072499999999999995,7.249999999999999,207,0.03597792461948856,0.06343481907548235,0.15344243638438815,0.16989104924816315,0.1660378196517775
longest_high_NIS_segment,fixed_bg0,0.0075,7.5,207,0.03615956874413504,0.06344186994262088,0.1535003553352929,0.16998454153728051,0.1660940394772721
longest_high_NIS_segment,fixed_bg0,0.00775,7.75,207,0.036413899899677006,0.06345157184391358,0.1535707084612324,0.17010595689937455,0.16616276498285704
longest_high_NIS_segment,fixed_bg0,0.008,8.0,207,0.03623812198048302,0.0634472158669979,0.15365763068287588,0.17014528542695764,0.16624144088748904
longest_high_NIS_segment,fixed_bg0,0.00825,8.25,207,0.03575316220477814,0.06343501758812203,0.15375902868205912,0.17012974156594962,0.16633051541330482
longest_high_NIS_segment,fixed_bg0,0.0085,8.5,207,0.03534551021773108,0.06342622669762041,0.15386675372721131,0.17013867646187902,0.16642675306466873
longest_high_NIS_segment,fixed_bg0,0.00875,8.75,207,0.0350187905755483,0.0634208818784987,0.1539808028147801,0.17017229970563594,0.16653016511650576
longest_high_NIS_segment,fixed_bg0,0.009000000000000001,9.000000000000002,207,0.03477528447203449,0.06341898400204052,0.1541011619036274,0.17023059666819593,0.16664073821217631
longest_high_NIS_segment,fixed_bg0,0.009250000000000001,9.250000000000002,207,0.03461674800960794,0.06342053337769764,0.15422781622082207,0.1703135420127126,0.16675845810679385
longest_high_NIS_segment,fixed_bg0,0.009500000000000001,9.500000000000002,207,0.034544351076888254,0.0634255297528391,0.15436075027050608,0.17042109974948863,0.16688330967625803
longest_high_NIS_segment,fixed_bg0,0.009750000000000002,9.750000000000002,207,0.03455863503958653,0.06343397231295606,0.15449994784314017,0.1705532233138185,0.16701527692679463
longest_high_NIS_segment,fixed_bg0,0.010000000000000002,10.000000000000002,207,0.034659492728383826,0.06344585968232719,0.15464539202519734,0.17070985566640667,0.16715434300506976
longest_high_NIS_segment,fixed_bg0,0.010250000000000002,10.250000000000002,207,0.03484617242239348,0.06346118992513572,0.1547970652090996,0.1708909294156819,0.16730049020867932
longest_high_NIS_segment,fixed_bg0,0.010500000000000002,10.500000000000002,207,0.035117305487557246,0.06347996054704777,0.15495494910361968,0.17109636696162348,0.16745369999722345
longest_high_NIS_segment,fixed_bg0,0.010750000000000003,10.750000000000002,207,0.035470955341465056,0.06350216849723711,0.1551190247445338,0.17132608066019311,0.16761395300376034
longest_high_NIS_segment,fixed_bg0,0.011000000000000003,11.000000000000004,207,0.03590468377353722,0.06352781017085421,0.15528927250558625,0.17157997300762126,0.16778122904669143
longest_high_NIS_segment,fixed_bg0,0.011250000000000003,11.250000000000004,207,0.036415629568008784,0.06355688141195176,0.15546567210985252,0.1718579368438232,0.16795550714216279
longest_high_NIS_segment,fixed_bg0,0.011500000000000003,11.500000000000004,207,0.037000593950667765,0.0635893775168267,0.1556482026412478,0.17215985557362273,0.1681367655167318
longest_high_NIS_segment,fixed_bg0,0.011750000000000003,11.750000000000004,207,0.03765612758218585,0.06362529323781833,0.15583684255646651,0.17248560340519195,0.16832498162057616
longest_high_NIS_segment,fixed_bg0,0.012000000000000004,12.000000000000004,207,0.03836360406493724,0.06366767536249258,0.15602745470018203,0.172829122612864,0.16851747537356807
longest_high_NIS_segment,fixed_bg0,0.012250000000000004,12.250000000000004,207,0.03899663673741984,0.06370393291573401,0.15620041105796148,0.17314010846836952,0.16869131419136105
longest_high_NIS_segment,fixed_bg0,0.012500000000000004,12.500000000000004,207,0.039575884907619235,0.06372576347736332,0.1563511036181158,0.17341537186650083,0.1688390965782974
longest_high_NIS_segment,fixed_bg0,0.012750000000000004,12.750000000000004,207,0.04018387066319732,0.06374264096140164,0.15650153701765768,0.17369685900182544,0.16898477850274993
longest_high_NIS_segment,fixed_bg0,0.013000000000000005,13.000000000000005,207,0.04045182011514762,0.06376959618310041,0.15666550371328883,0.173916621407278,0.16914680443654326
longest_high_NIS_segment,fixed_bg0,0.013250000000000005,13.250000000000005,207,0.03999800941858594,0.06382450911698073,0.1568258508511325,0.1739763093546201,0.16931602245270586
longest_high_NIS_segment,fixed_bg0,0.013500000000000005,13.500000000000005,207,0.03961188459925117,0.06388348489673538,0.15698710889216694,0.174055029810623,0.1694876160693532
longest_high_NIS_segment,fixed_bg0,0.013750000000000005,13.750000000000005,207,0.039320595226261426,0.06394582365871052,0.15715446066749442,0.17416286079422752,0.1696661217541144
longest_high_NIS_segment,fixed_bg0,0.013999999999999999,13.999999999999998,207,0.039126259465750206,0.06401151557759831,0.1573278867311378,0.17429974827752343,0.16985151771422832
longest_high_NIS_segment,fixed_bg0,0.014249999999999999,14.249999999999998,207,0.03903032556876513,0.06408055034098098,0.157507367018534,0.17446562386647396,0.17004378141265314
longest_high_NIS_segment,fixed_bg0,0.014499999999999999,14.499999999999998,207,0.03903351907804532,0.06415291715717654,0.15769288085757394,0.17466040497076807,0.170242889581141
longest_high_NIS_segment,fixed_bg0,0.01475,14.75,207,0.03913581572700657,0.06422860476345281,0.15788440698004955,0.17488399500789079,0.17044881823380809
longest_high_NIS_segment,fixed_bg0,0.015,15.0,207,0.03933644235323213,0.06430760143447069,0.15808192353316994,0.17513628363994388,0.17066154268083283
longest_high_NIS_segment,fixed_bg0,0.01525,15.25,207,0.03963390574734189,0.06438989499106833,0.15828540809145863,0.1754171470422136,0.17088103754261444
longest_high_NIS_segment,fixed_bg0,0.0155,15.5,207,0.04002604696894619,0.06447547280926806,0.15849483766875058,0.17572644820169372,0.17110727676408816
longest_high_NIS_segment,fixed_bg0,0.01575,15.75,207,0.040510116644104144,0.06456432182952965,0.15871018873037554,0.17606403724400232,0.17134023362928658
longest_high_NIS_segment,fixed_bg0,0.016,16.0,207,0.04108286538776871,0.06465642856628678,0.15893143720564182,0.17642975178712836,0.1715798807762676
longest_high_NIS_segment,fixed_bg0,0.01625,16.25,207,0.04174064290121527,0.06475177911762811,0.15915855850030158,0.17682341731964912,0.17182619021206288
longest_high_NIS_segment,fixed_bg0,0.0165,16.5,207,0.04247949946189468,0.0648503591752584,0.15939152750935198,0.177244847602004,0.17207913332802596
longest_high_NIS_segment,fixed_bg0,0.01675,16.75,207,0.043294916975419345,0.0649524747515503,0.15963048324789644,0.17769402070473891,0.17233895426834794
longest_high_NIS_segment,fixed_bg0,0.017,17.0,207,0.044167989483997874,0.06505709673234406,0.15987451469749414,0.17816592710184345,0.17260442139470483
longest_high_NIS_segment,fixed_bg0,0.01725,17.25,207,0.04489966253847019,0.06512131649864106,0.1600929450673606,0.1785679607850345,0.1728309489728536
longest_high_NIS_segment,fixed_bg0,0.0175,17.5,207,0.045426081784278094,0.06515653988824774,0.16029889409001458,0.1788984042493461,0.1730349968552331
longest_high_NIS_segment,fixed_bg0,0.017750000000000002,17.750000000000004,207,0.04601540196370952,0.06519277570816769,0.16050378497012835,0.17924558631150295,0.17323845703039695
longest_high_NIS_segment,fixed_bg0,0.018000000000000002,18.000000000000004,207,0.04623978154463443,0.06521597209828724,0.1607325247353515,0.1795165310544421,0.17345912349751155
longest_high_NIS_segment,fixed_bg0,0.018250000000000002,18.250000000000004,207,0.045681003207452504,0.06522467156842397,0.1609959302697108,0.17961264264705207,0.17370649770408225
longest_high_NIS_segment,fixed_bg0,0.018500000000000003,18.500000000000004,207,0.045144409447427605,0.06523677411762675,0.1612649507446545,0.17972267174818846,0.17396040076968694
longest_high_NIS_segment,fixed_bg0,0.018750000000000003,18.750000000000004,207,0.044690404495777075,0.06525228623281767,0.16153958715434155,0.17986142257471685,0.1742208342208379
longest_high_NIS_segment,fixed_bg0,0.019000000000000003,19.000000000000004,207,0.044321526405937214,0.06527120548308357,0.16181981090514694,0.1800288287179157,0.17448776881659192
longest_high_NIS_segment,fixed_bg0,0.019250000000000003,19.250000000000004,207,0.04403991429633783,0.0652935289066998,0.1621055930213782,0.18022481032624646,0.1747611747668879
longest_high_NIS_segment,fixed_bg0,0.019500000000000003,19.500000000000004,207,0.04384724961527066,0.06531925301344971,0.1623969041586254,0.18044927429436972,0.17504102174787722
longest_high_NIS_segment,fixed_bg0,0.019750000000000004,19.750000000000004,207,0.04374470763117657,0.06534837378734226,0.1626937146169521,0.18070211448195506,0.1753272789172081
longest_high_NIS_segment,fixed_bg0,0.020000000000000004,20.000000000000004,207,0.0437329222893874,0.0653808866897279,0.1629959943540676,0.18098321196115366,0.17561991492939028
longest_high_NIS_segment,fixed_bg0,0.020250000000000004,20.250000000000004,207,0.0438119668300931,0.06541678666282875,0.16330371299864513,0.18129243529158928,0.17591889795139665
longest_high_NIS_segment,fixed_bg0,0.020500000000000004,20.500000000000004,207,0.04398135152983671,0.06545606813363221,0.1636168398633488,0.18162964082102484,0.17622419567807202
longest_high_NIS_segment,fixed_bg0,0.020750000000000005,20.750000000000004,207,0.044240038727163936,0.06549872501819849,0.1639353439580906,0.18199467301063513,0.17653577534785134
longest_high_NIS_segment,fixed_bg0,0.021000000000000005,21.000000000000004,207,0.04458647407104836,0.06554475072630948,0.16425919400294822,0.18238736478265297,0.17685360375822784
longest_high_NIS_segment,fixed_bg0,0.021250000000000005,21.250000000000004,207,0.04501863184187242,0.06559413816651927,0.16458835844128478,0.18280753788922194,0.17717764728149332
longest_high_NIS_segment,fixed_bg0,0.021500000000000005,21.500000000000004,207,0.0455340713648713,0.06564687975153949,0.1649228054526107,0.18325500330013902,0.17750787188029937
longest_high_NIS_segment,fixed_bg0,0.021750000000000005,21.750000000000007,207,0.0461296630248655,0.06570337728238487,0.16526269235916907,0.18372979367239384,0.17784457054437383
longest_high_NIS_segment,fixed_bg0,0.022000000000000006,22.000000000000007,207,0.04678682806400019,0.0657654767070718,0.16560669212021162,0.18422725553456334,0.17818718921826837
longest_high_NIS_segment,fixed_bg0,0.02225,22.25,207,0.04744151112452153,0.06581918372900286,0.16591938693241903,0.1846946260305376,0.17849764117988237
longest_high_NIS_segment,fixed_bg0,0.0225,22.5,207,0.04795119270780995,0.06585573857110795,0.16619013325787044,0.1850822940670349,0.17876280008719617
longest_high_NIS_segment,fixed_bg0,0.02275,22.75,207,0.04849384479504108,0.06589044693427046,0.1664592492174062,0.18547745315866837,0.1790257876598243
longest_high_NIS_segment,fixed_bg0,0.023,23.0,207,0.04878232555036939,0.0659376098574936,0.16676184730443733,0.18584132316632312,0.1793245161992847
longest_high_NIS_segment,fixed_bg0,0.02325,23.25,207,0.04830437396537429,0.06601405665054817,0.16710375690535173,0.18605062158329758,0.1796705909361481
longest_high_NIS_segment,fixed_bg0,0.0235,23.5,207,0.04780797612476928,0.06609309061574599,0.16745474765992088,0.18626591669474984,0.18002607905797696
longest_high_NIS_segment,fixed_bg0,0.02375,23.75,207,0.04739154132582321,0.06617540576862622,0.16781084032796864,0.18650903637480556,0.180387534104276
longest_high_NIS_segment,fixed_bg0,0.024,24.0,207,0.047057192526364505,0.06626098988065225,0.16817200250060357,0.18677987197096546,0.1807549202788873
longest_high_NIS_segment,fixed_bg0,0.02425,24.25,207,0.04680668882566258,0.06634983030201765,0.16853820158737454,0.1870783031092474,0.18112820149113454
longest_high_NIS_segment,fixed_bg0,0.0245,24.5,207,0.046641381200751016,0.06644191397055735,0.1689094048279037,0.18740419795645286,0.18150734137050104
longest_high_NIS_segment,fixed_bg0,0.02475,24.75,207,0.04656217706399891,0.06653722742086364,0.169285579303375,0.18775741350443173,0.18189230328118605
longest_high_NIS_segment,fixed_bg0,0.025,25.0,207,0.04656951574472093,0.06663575679364894,0.16966669194809195,0.18813779587517465,0.18228305033675257
longest_high_NIS_segment,fixed_bg0,0.02525,25.25,207,0.046663356411531014,0.06673748784520783,0.17005270956056662,0.18854518064477088,0.18267954541431208
longest_high_NIS_segment,fixed_bg0,0.025500000000000002,25.500000000000004,207,0.04684317920054399,0.06684240595712622,0.17044359881477406,0.18897939318529725,0.18308175116889422
longest_high_NIS_segment,fixed_bg0,0.025750000000000002,25.750000000000004,207,0.04710799947751517,0.06695049614608659,0.17083932627103185,0.1894402490225369,0.18348963004744226
longest_high_NIS_segment,fixed_bg0,0.026000000000000002,26.000000000000004,207,0.04745639433274106,0.06706174307380698,0.17123985838670958,0.18992755420807766,0.1839031443026401
longest_high_NIS_segment,fixed_bg0,0.026250000000000002,26.250000000000004,207,0.047886539679655005,0.06717613105716487,0.17164516152699477,0.19044110570443734,0.18432225600680324
longest_high_NIS_segment,fixed_bg0,0.026500000000000003,26.500000000000004,207,0.048396255775096556,0.0672936440783354,0.17205520197514382,0.19098069178086505,0.18474692706524026
longest_high_NIS_segment,fixed_bg0,0.026750000000000003,26.750000000000004,207,0.048983058650337294,0.06741426579512663,0.17246994594292248,0.19154609241901271,0.18517711922980812
longest_high_NIS_segment,fixed_bg0,0.027000000000000003,27.000000000000004,207,0.04962508938899521,0.06753636184864151,0.17287289630760677,0.1921167560271539,0.18559687079671144
longest_high_NIS_segment,fixed_bg0,0.027250000000000003,27.250000000000004,207,0.050174790662729125,0.0676312795627019,0.17323140701006132,0.19261521219265773,0.18596534717514945
longest_high_NIS_segment,fixed_bg0,0.027500000000000004,27.500000000000004,207,0.05057077073548883,0.06764473294567734,0.17355175592451905,0.19301146269731545,0.18626868196177213
longest_high_NIS_segment,fixed_bg0,0.027750000000000004,27.750000000000004,207,0.05096904290296351,0.06760531038807834,0.17387911107743073,0.19339665611429288,0.1865594362709802
longest_high_NIS_segment,fixed_bg0,0.028000000000000004,28.000000000000004,207,0.051075677163385215,0.06753705272595062,0.17424420308307428,0.1937292455894613,0.18687508073299516
longest_high_NIS_segment,fixed_bg0,0.028250000000000004,28.250000000000004,207,0.0507281337435298,0.0674532869713202,0.1746443623815286,0.19396892222205964,0.18721805264152805
longest_high_NIS_segment,fixed_bg0,0.028500000000000004,28.500000000000004,207,0.050172238877477605,0.06737253869394268,0.17504797324996357,0.1941599996471092,0.18756559361723774
longest_high_NIS_segment,fixed_bg0,0.028750000000000005,28.750000000000004,207,0.049691602931723255,0.06729499855884868,0.17545621368243047,0.19437786693122805,0.18791886480822023
longest_high_NIS_segment,fixed_bg0,0.029000000000000005,29.000000000000004,207,0.04928842761686585,0.0672206776679795,0.17586905143941237,0.1946224341058453,0.18827783395912823
longest_high_NIS_segment,fixed_bg0,0.029250000000000005,29.250000000000004,207,0.04896462640550903,0.0671495867104669,0.17628645422212197,0.19489360065591146,0.1886424685419347
longest_high_NIS_segment,fixed_bg0,0.029500000000000005,29.500000000000007,207,0.048721781865935516,0.06708173595524258,0.1767083896813814,0.19519125572306673,0.18901273576813765
longest_high_NIS_segment,fixed_bg0,0.029750000000000006,29.750000000000007,207,0.04856110855841866,0.06701713524382007,0.1771348254267113,0.19551527832796722,0.18938860260121243
longest_high_NIS_segment,fixed_bg0,0.03,30.0,207,0.048483423432395985,0.06695579398339072,0.17756572903486983,0.19586553761025977,0.18977003576864046
max_NIS_segment,fixed_bg0,-0.03,-30.0,163,0.05875931719135549,0.08651745981246446,0.22634453221811987,0.2493386762502666,0.24231615323259184
max_NIS_segment,fixed_bg0,-0.02975,-29.75,163,0.05865932885757249,0.08638097175704774,0.22538393691010733,0.2483958698545769,0.2413702369779486
max_NIS_segment,fixed_bg0,-0.0295,-29.5,163,0.0586476803880923,0.08625148025188138,0.22442735420500853,0.24748031351201427,0.24043076999648164
max_NIS_segment,fixed_bg0,-0.029249999999999998,-29.25,163,0.05872442435174196,0.08612901685407981,0.22347483563070794,0.2465923107476504,0.23949782818310128
max_NIS_segment,fixed_bg0,-0.028999999999999998,-28.999999999999996,163,0.0588892151725658,0.08601361158281008,0.2225264333763193,0.24573216027281558,0.23857148808837986
max_NIS_segment,fixed_bg0,-0.028749999999999998,-28.749999999999996,163,0.05914131685626823,0.08590529288377637,0.2215822002972011,0.24490015556036276,0.23765182691070644
max_NIS_segment,fixed_bg0,-0.028499999999999998,-28.499999999999996,163,0.0594796192237738,0.08580408759514256,0.22064218991891557,0.24409658441538024,0.23673892248688155
max_NIS_segment,fixed_bg0,-0.028249999999999997,-28.249999999999996,163,0.059902661828761895,0.0857100209151939,0.21970645644184034,0.24332172854409093,0.23583285328281395
max_NIS_segment,fixed_bg0,-0.027999999999999997,-27.999999999999996,163,0.06036138938422584,0.08561033547025589,0.2187808840504284,0.2425648410087721,0.23493446908705573
max_NIS_segment,fixed_bg0,-0.027749999999999997,-27.749999999999996,163,0.060730233459577905,0.08547459733191992,0.21792445562318152,0.24183700379339945,0.2340875373609494
max_NIS_segment,fixed_bg0,-0.0275,-27.5,163,0.061092539693549476,0.08533348994728805,0.21708814739672108,0.2411252094927702,0.23325751487727975
max_NIS_segment,fixed_bg0,-0.02725,-27.25,163,0.061270055503505276,0.08518488909873093,0.21625701659984456,0.24036967833075615,0.23242969379885295
max_NIS_segment,fixed_bg0,-0.027,-27.0,163,0.060905626285572265,0.08499416691872806,0.21535234159093183,0.23939535240297333,0.2315181190293883
max_NIS_segment,fixed_bg0,-0.02675,-26.75,163,0.05990017815903053,0.08479388636063735,0.21438523176837743,0.2381996265908181,0.23054507317338532
max_NIS_segment,fixed_bg0,-0.0265,-26.5,163,0.05896918988154751,0.08460046612851307,0.21342236802303244,0.23703103467058145,0.22957862714486374
max_NIS_segment,fixed_bg0,-0.02625,-26.25,163,0.05811676266758736,0.08441394378171689,0.21246370925269556,0.2358900162303557,0.22861876925177596
max_NIS_segment,fixed_bg0,-0.026,-26.0,163,0.05734639994364304,0.08423436514274096,0.2115093126339836,0.23477697329252095,0.22766558282248292
max_NIS_segment,fixed_bg0,-0.02575,-25.75,163,0.05666144902756085,0.08406177471251959,0.21055923612386027,0.2336923055874643,0.22671915200282908
max_NIS_segment,fixed_bg0,-0.0255,-25.5,163,0.05606504045456171,0.08389621561925728,0.20961353846509595,0.23263641001413085,0.22577956174793848
max_NIS_segment,fixed_bg0,-0.025249999999999998,-25.249999999999996,163,0.05556002566873234,0.08373772956826157,0.20867227919234896,0.23160968008459218,0.22484689781399464
max_NIS_segment,fixed_bg0,-0.024999999999999998,-24.999999999999996,163,0.055148915486294164,0.08358635679260085,0.2077355186371722,0.2306125053517899,0.22392124674830413
max_NIS_segment,fixed_bg0,-0.024749999999999998,-24.749999999999996,163,0.054833822064330316,0.08344213600495598,0.20680331793327758,0.22964527082320793,0.22300269587895544
max_NIS_segment,fixed_bg0,-0.0245,-24.5,163,0.05461640725019177,0.08330510435068696,0.20587573902149245,0.22870835636120365,0.22209133330349592
max_NIS_segment,fixed_bg0,-0.02425,-24.25,163,0.05449784009958741,0.08317529736216879,0.20495284465386554,0.22780213607101432,0.22118724787608515
max_NIS_segment,fixed_bg0,-0.024,-24.0,163,0.05447876601014657,0.08305274891471735,0.20403469839822097,0.2269269776794561,0.22029052919438924
max_NIS_segment,fixed_bg0,-0.02375,-23.75,163,0.054559289331167694,0.08293749118399493,0.203121364641557,0.22608324190453752,0.21940126758463263
max_NIS_segment,fixed_bg0,-0.0235,-23.5,163,0.05473897052852678,0.08282955460520532,0.20221290859358304,0.22527128181926878,0.21851955408606685
max_NIS_segment,fixed_bg0,-0.02325,-23.25,163,0.055016838082432844,0.08272896783411149,0.20130939628984104,0.22449144221120396,0.217645480434301
max_NIS_segment,fixed_bg0,-0.023,-23.0,163,0.055439862973242784,0.08261502601538813,0.20041254400415082,0.22374987983065128,0.21677276193687006
max_NIS_segment,fixed_bg0,-0.02275,-22.75,163,0.05572362405614972,0.08249954280001041,0.19959521292016175,0.22304606219524828,0.21597320107563217
max_NIS_segment,fixed_bg0,-0.0225,-22.5,163,0.05600416447382127,0.08237090170712874,0.19883387991314577,0.2223878227056768,0.2152205316631309
max_NIS_segment,fixed_bg0,-0.02225,-22.25,163,0.05615179524020784,0.0822359282861966,0.19807696420428933,0.221698569589833,0.21446965204774263
max_NIS_segment,fixed_bg0,-0.022,-22.0,163,0.05576069656571758,0.0820735196449062,0.19726825923368313,0.22081685626211703,0.21366054555764485
max_NIS_segment,fixed_bg0,-0.02175,-21.75,163,0.054835968296432294,0.08188560935313731,0.19641388765125656,0.21975134061120624,0.21279959652549874
max_NIS_segment,fixed_bg0,-0.0215,-21.5,163,0.0539915417083015,0.08170512560875925,0.1955640806619042,0.21871470863185713,0.21194583552379342
max_NIS_segment,fixed_bg0,-0.021249999999999998,-21.249999999999996,163,0.05323589998899313,0.0815318508012006,0.19471985019226828,0.21770926439085383,0.21110012495014926
max_NIS_segment,fixed_bg0,-0.020999999999999998,-20.999999999999996,163,0.052572871652716346,0.0813658309864537,0.19388126908912262,0.21673544193218125,0.21026256194511883
max_NIS_segment,fixed_bg0,-0.020749999999999998,-20.749999999999996,163,0.05200599902471906,0.08120711066084181,0.19304841097311612,0.21579366935961397,0.20943324425966217
max_NIS_segment,fixed_bg0,-0.020499999999999997,-20.499999999999996,163,0.051538455059051844,0.08105573270513355,0.19222135023402145,0.2148843680681085,0.20861227022914164
max_NIS_segment,fixed_bg0,-0.020249999999999997,-20.249999999999996,163,0.05117296238994745,0.08091173832992658,0.1914001620252207,0.2140079519611695,0.20779973874586863
max_NIS_segment,fixed_bg0,-0.019999999999999997,-19.999999999999996,163,0.05091171892818017,0.08077516702237693,0.19058492225693105,0.21316482665626468,0.20699574922972055
max_NIS_segment,fixed_bg0,-0.019749999999999997,-19.749999999999996,163,0.05075633441506654,0.08064605649463417,0.1897757075893143,0.21235538868230946,0.2062004015979616
max_NIS_segment,fixed_bg0,-0.019499999999999997,-19.499999999999996,163,0.05070778201476893,0.08052444263387752,0.18897259542399028,0.2115800246706505,0.20541379623281333
max_NIS_segment,fixed_bg0,-0.019249999999999996,-19.249999999999996,163,0.05076636824741703,0.0804103594543504,0.1881756638954083,0.21083911054424376,0.20463603394821622
max_NIS_segment,fixed_bg0,-0.019,-19.0,163,0.05093172339297541,0.08030383905130696,0.187384991860616,0.21013301070693266,0.20386721595435917
max_NIS_segment,fixed_bg0,-0.01875,-18.75,163,0.0512028130584427,0.08020491155719123,0.18660065888854455,0.20946207723746468,0.20310744382108648
max_NIS_segment,fixed_bg0,-0.0185,-18.5,163,0.05157797007431579,0.08011360510010533,0.1858227452483104,0.20882664909139612,0.2023568194397067
max_NIS_segment,fixed_bg0,-0.01825,-18.25,163,0.052054944466885196,0.08002994576464986,0.1850513318960681,0.2082270513143094,0.20161544498277295
max_NIS_segment,fixed_bg0,-0.018,-18.0,163,0.052651377291254416,0.07993331904785517,0.18428709739479887,0.20766135242474065,0.20087575702460045
max_NIS_segment,fixed_bg0,-0.01775,-17.75,163,0.05300657314790223,0.07980275574726386,0.1835778411610157,0.2070724520236346,0.20017318399375214
max_NIS_segment,fixed_bg0,-0.017499999999999998,-17.499999999999996,163,0.053190117748001975,0.07964673361351746,0.182893914519069,0.20645332346430612,0.1994837992003639
max_NIS_segment,fixed_bg0,-0.017249999999999998,-17.249999999999996,163,0.053251777917203764,0.07948905270893622,0.1822039072125934,0.20579729141911116,0.19878826249077025
max_NIS_segment,fixed_bg0,-0.016999999999999998,-16.999999999999996,163,0.052599265476680736,0.07932055524160915,0.18148200140820828,0.20492474239986838,0.19805925204081248
max_NIS_segment,fixed_bg0,-0.01675,-16.75,163,0.05122279142554889,0.07912277364230409,0.18071807064425813,0.20382151193546677,0.19728009115527687
max_NIS_segment,fixed_bg0,-0.0165,-16.5,163,0.04991901792731137,0.07893231128655367,0.1799608796400425,0.2027514150793589,0.19651012178983365
max_NIS_segment,fixed_bg0,-0.01625,-16.25,163,0.048693836816695917,0.07874922655205972,0.1792105161808231,0.20171499581408348,0.19574945668467306
max_NIS_segment,fixed_bg0,-0.016,-16.0,163,0.04755332313023778,0.07857357101074247,0.1784670663856643,0.200712775842531,0.19499820472426227
max_NIS_segment,fixed_bg0,-0.01575,-15.75,163,0.04650370674704683,0.07840539459459166,0.17773061701442203,0.19974526994919328,0.1942564751195202
max_NIS_segment,fixed_bg0,-0.015499999999999998,-15.499999999999998,163,0.04555127161124915,0.07824474552972195,0.17700125544722278,0.19881298493384617,0.19352437736084813
max_NIS_segment,fixed_bg0,-0.015249999999999998,-15.249999999999998,163,0.0447022298468235,0.07809167027160631,0.17627906966220713,0.1979164185206998,0.19280202116882117
max_NIS_segment,fixed_bg0,-0.015,-15.0,163,0.043962572318432105,0.07794621344190723,0.17556414821254634,0.19705605824836164,0.1920895164435798
max_NIS_segment,fixed_bg0,-0.01475,-14.75,163,0.04333790004283234,0.07780841776681867,0.17485658020145958,0.196232380343428,0.191386973211672
max_NIS_segment,fixed_bg0,-0.014499999999999999,-14.499999999999998,163,0.042833244087782364,0.07767832401733084,0.17415645525623497,0.19544584858380074,0.1906945015713836
max_NIS_segment,fixed_bg0,-0.014249999999999999,-14.249999999999998,163,0.04245288472814735,0.07755597095150457,0.17346386350080906,0.19469691315631918,0.19001221163614176
max_NIS_segment,fixed_bg0,-0.013999999999999999,-13.999999999999998,163,0.04220018303387212,0.07744139525887417,0.172778895526488,0.19398600951379597,0.18934021347562233
max_NIS_segment,fixed_bg0,-0.013749999999999998,-13.749999999999998,163,0.042077439063455346,0.07733463150733388,0.17210164236177758,0.1933135572383249,0.1886786170555538
max_NIS_segment,fixed_bg0,-0.013499999999999998,-13.499999999999998,163,0.04208578990442813,0.07723571209246778,0.1714321954400782,0.1926799589155951,0.18802753217504015
max_NIS_segment,fixed_bg0,-0.013249999999999998,-13.249999999999998,163,0.04222515777726382,0.07714466718969805,0.17077064656647278,0.19208559902776484,0.18738706840265268
max_NIS_segment,fixed_bg0,-0.012999999999999998,-12.999999999999998,163,0.04250101029783247,0.07705004233529797,0.1701226814276519,0.19153269077716736,0.18675769263943465
max_NIS_segment,fixed_bg0,-0.012749999999999997,-12.749999999999998,163,0.04271458021878214,0.07691867448310936,0.16951688496701423,0.19098950792236008,0.18615170365365571
max_NIS_segment,fixed_bg0,-0.012499999999999997,-12.499999999999996,163,0.04286604543237891,0.07680645011745078,0.1689444810977482,0.19047038175013623,0.18558412775081778
max_NIS_segment,fixed_bg0,-0.012249999999999997,-12.249999999999996,163,0.04303878861948498,0.0766656824701376,0.16838012922414988,0.18995218375155917,0.185012147671858
max_NIS_segment,fixed_bg0,-0.011999999999999997,-11.999999999999996,163,0.04259332912825484,0.0765045375891066,0.16779342492276353,0.18926639798247852,0.18441143597682358
max_NIS_segment,fixed_bg0,-0.01175,-11.75,163,0.04156912899268591,0.07631515101983867,0.16717706436626742,0.1884148762983286,0.18377206840350876
max_NIS_segment,fixed_bg0,-0.0115,-11.5,163,0.04065229240074607,0.07613247033808707,0.1665681668661108,0.1875998830765947,0.18314231420651053
max_NIS_segment,fixed_bg0,-0.01125,-11.25,163,0.039853831598256305,0.0759574980867784,0.16596782892718576,0.18682395362337434,0.18252359232276402
max_NIS_segment,fixed_bg0,-0.011,-11.0,163,0.03918098431742746,0.07579028765381131,0.1653761437665713,0.1860875765918607,0.1819160153195675
max_NIS_segment,fixed_bg0,-0.01075,-10.75,163,0.038640313074595777,0.07563089052044908,0.16479320458700036,0.18539122329137347,0.18131969523184488
max_NIS_segment,fixed_bg0,-0.010499999999999999,-10.499999999999998,163,0.038237425126676994,0.07547935618701493,0.16421910452695712,0.18473534632646824,0.18073474348348723
max_NIS_segment,fixed_bg0,-0.010249999999999999,-10.249999999999998,163,0.03797670588047854,0.07533573210051396,0.16365393660975955,0.1841203782543475,0.1801612708075507
max_NIS_segment,fixed_bg0,-0.009999999999999998,-9.999999999999998,163,0.037861092458394995,0.07520006358413034,0.16309779369062224,0.18354673026766,0.17959938716433865
max_NIS_segment,fixed_bg0,-0.009749999999999998,-9.749999999999998,163,0.03789191309700476,0.0750723937690528,0.16255076840254654,0.18301479091216916,0.17904920165829846
max_NIS_segment,fixed_bg0,-0.009499999999999998,-9.499999999999998,163,0.03806881213743853,0.07495276352875861,0.16201295310073235,0.18252492484746763,0.1785108224534807
max_NIS_segment,fixed_bg0,-0.009249999999999998,-9.249999999999998,163,0.038389770256652245,0.07484121141591757,0.16148443980524652,0.18207747165911245,0.17798435668736837
max_NIS_segment,fixed_bg0,-0.008999999999999998,-8.999999999999998,163,0.038851217311134945,0.07473777360230784,0.16096532014275722,0.18167274473141853,0.17746991038395812
max_NIS_segment,fixed_bg0,-0.008749999999999997,-8.749999999999998,163,0.03944822348537562,0.07464248382175027,0.16045568528646267,0.1813110301884051,0.1769675883652953
max_NIS_segment,fixed_bg0,-0.008499999999999997,-8.499999999999996,163,0.04017474591266843,0.0745553733164329,0.15995562589502563,0.18099258591160455,0.17647749416234942
max_NIS_segment,fixed_bg0,-0.008249999999999997,-8.249999999999996,163,0.04102390407477623,0.07447647078674288,0.15946523205025495,0.18071764064204324,0.17599972992504911
max_NIS_segment,fixed_bg0,-0.008,-8.0,163,0.04193327079086751,0.07439460913705162,0.15898855615069016,0.1804724855892334,0.1755332414545343
max_NIS_segment,fixed_bg0,-0.00775,-7.75,163,0.04251478301266082,0.0742789504115195,0.1585413112501521,0.18016719074728402,0.17507915309126496
max_NIS_segment,fixed_bg0,-0.0075,-7.5,163,0.042811994821047965,0.07415655494574358,0.15810899620115765,0.17980688591295996,0.17463576186210764
max_NIS_segment,fixed_bg0,-0.0072499999999999995,-7.249999999999999,163,0.04298809346987639,0.07403405099374416,0.15768274393900222,0.17942370139658828,0.17419784281866768
max_NIS_segment,fixed_bg0,-0.006999999999999999,-6.999999999999999,163,0.04211515832157724,0.07395749070364574,0.15724395514545955,0.1787989329426176,0.17376815548588626
max_NIS_segment,fixed_bg0,-0.006749999999999999,-6.749999999999999,163,0.04061737869991054,0.07390977844900226,0.15679341844353414,0.17803539780066696,0.17334021869603655
max_NIS_segment,fixed_bg0,-0.006499999999999999,-6.499999999999999,163,0.03919972726408592,0.07387077509839313,0.1563528701056762,0.17731252076911702,0.17292516128059512
max_NIS_segment,fixed_bg0,-0.006249999999999999,-6.249999999999998,163,0.037875513970931404,0.07384031689167733,0.155922530157121,0.17663177055055482,0.17252312253510144
max_NIS_segment,fixed_bg0,-0.005999999999999998,-5.999999999999998,163,0.036654867008543965,0.07381841440629132,0.15550248335049827,0.17599363599018283,0.17213419367932373
max_NIS_segment,fixed_bg0,-0.005749999999999998,-5.749999999999998,163,0.03554845662090099,0.07380507525925281,0.15509281331833458,0.17539858222103114,0.17175846377113338
max_NIS_segment,fixed_bg0,-0.005499999999999998,-5.499999999999998,163,0.03456725382064256,0.07380030409394238,0.15469360250205155,0.17484704909183293,0.1713960196137037
max_NIS_segment,fixed_bg0,-0.005249999999999998,-5.249999999999997,163,0.033722189744140464,0.0738041025720267,0.15430493208056228,0.1743394496434728,0.17104694566360776
max_NIS_segment,fixed_bg0,-0.0049999999999999975,-4.999999999999997,163,0.03302371725652297,0.07381646937056545,0.15392688189836992,0.17387616864518587,0.17071132393983227
max_NIS_segment,fixed_bg0,-0.004749999999999997,-4.749999999999997,163,0.03248129458015657,0.0738374001843127,0.15355953039384862,0.17345756120261974,0.17038923393441754
max_NIS_segment,fixed_bg0,-0.004499999999999997,-4.499999999999997,163,0.032102832735261516,0.07386688773321051,0.15320295452714974,0.17308395144803815,0.17008075252431903
max_NIS_segment,fixed_bg0,-0.004249999999999997,-4.2499999999999964,163,0.03189416902064332,0.07390492177502313,0.15285722970855167,0.17275563132431487,0.1697859538853118
max_NIS_segment,fixed_bg0,-0.003999999999999997,-3.9999999999999964,163,0.031858639978328634,0.07395148912309497,0.15252242972673913,0.17247285947226618,0.16950490940757823
max_NIS_segment,fixed_bg0,-0.00375,-3.75,163,0.0319968223560275,0.07400657366912797,0.15219862667766687,0.17223586023152976,0.1692376876136396
max_NIS_segment,fixed_bg0,-0.0034999999999999996,-3.4999999999999996,163,0.032306487217889,0.07407015641089107,0.15188589089393179,0.17204482276353691,0.168984354078646
max_NIS_segment,fixed_bg0,-0.0032499999999999994,-3.2499999999999996,163,0.032782775472805184,0.07414221548479442,0.15158429087462816,0.17189990030438623,0.16874497135309713
max_NIS_segment,fixed_bg0,-0.002999999999999999,-2.999999999999999,163,0.033418563627149706,0.07422272620311339,0.15129389321628228,0.17180120955471767,0.168519598888563
max_NIS_segment,fixed_bg0,-0.002749999999999999,-2.749999999999999,163,0.0337967311707967,0.07420766615831291,0.15105338198307863,0.17165698635074714,0.1682970645174463
max_NIS_segment,fixed_bg0,-0.0024999999999999988,-2.4999999999999987,163,0.0338150750868099,0.07412461633447293,0.15084959428896308,0.17144537948572475,0.1680775381896034
max_NIS_segment,fixed_bg0,-0.0022499999999999985,-2.2499999999999987,163,0.03387104292815679,0.07404837340798537,0.15065420549413308,0.17125156579277737,0.1678685534501233
max_NIS_segment,fixed_bg0,-0.0019999999999999983,-1.9999999999999982,163,0.03319042833940808,0.0739598849484298,0.15045796285371968,0.1709071903140112,0.16765340189711705
max_NIS_segment,fixed_bg0,-0.001749999999999998,-1.749999999999998,163,0.032054092217340534,0.07385784688903163,0.150263007182947,0.1704740968670132,0.16743342818788015
max_NIS_segment,fixed_bg0,-0.0014999999999999979,-1.4999999999999978,163,0.031051401080070533,0.07376430670520294,0.1500796251502743,0.17008602628664557,0.16722758991549835
max_NIS_segment,fixed_bg0,-0.0012499999999999976,-1.2499999999999976,163,0.030195671491680367,0.0736792967626141,0.14990785922976457,0.1697432873698331,0.16703593933727037
max_NIS_segment,fixed_bg0,-0.0009999999999999974,-0.9999999999999974,163,0.02949969544364968,0.07360284661808368,0.14974774939367658,0.16944615519398662,0.16685852534035084
max_NIS_segment,fixed_bg0,-0.0007499999999999972,-0.7499999999999972,163,0.028974987011865797,0.07353498296902022,0.1495993330670487,0.16919487003658729,0.16669539338074063
max_NIS_segment,fixed_bg0,-0.000499999999999997,-0.499999999999997,163,0.02863096400832643,0.07347572960741068,0.14946264508484786,0.1689896364193574,0.1665465854261219
max_NIS_segment,fixed_bg0,-0.00024999999999999675,-0.24999999999999675,163,0.028474176272382485,0.07342510737851086,0.14933771765172718,0.16883062228566106,0.16641213990263104
max_NIS_segment,fixed_bg0,0.0,0.0,163,0.028507713261022645,0.07338313414449203,0.14922458030469846,0.1687179583190675,0.1662920916459406
max_NIS_segment,fixed_bg0,0.0002500000000000002,0.2500000000000002,163,0.02873090849575066,0.07334982475308899,0.1491232598785856,0.1686517374091244,0.16618647185654145
max_NIS_segment,fixed_bg0,0.0005000000000000004,0.5000000000000004,163,0.029139404202006156,0.07332519101145749,0.14903378047454188,0.16863201426967703,0.1660953080595616
max_NIS_segment,fixed_bg0,0.0007500000000000007,0.7500000000000007,163,0.02972556203236687,0.07330924166530789,0.14895616343162746,0.1686588052132242,0.16601862406914536
max_NIS_segment,fixed_bg0,0.0010000000000000009,1.0000000000000009,163,0.03047913361091006,0.07330198238339779,0.14889042730149185,0.1687320880835311,0.1659564399574683
max_NIS_segment,fixed_bg0,0.0012500000000000011,1.250000000000001,163,0.03138806333365581,0.07330341574747513,0.14883658782634587,0.16885180234713026,0.16590877202859633
max_NIS_segment,fixed_bg0,0.0015000000000000013,1.5000000000000013,163,0.03243929470010104,0.07331354124768556,0.14879465792015076,0.16901784934287495,0.16587563279713743
max_NIS_segment,fixed_bg0,0.0017500000000000016,1.7500000000000016,163,0.033619481674822,0.0733323552834823,0.1487646476531833,0.16923009268709377,0.16585703097185434
max_NIS_segment,fixed_bg0,0.0020000000000000018,2.0000000000000018,163,0.03491555014831919,0.07335985117001818,0.14874656423996443,0.16948835883045443,0.16585297144423158
max_NIS_segment,fixed_bg0,0.002250000000000002,2.2500000000000018,163,0.035765179857037116,0.07337624595745754,0.14872926021744717,0.1696573440964011,0.16584470541937243
max_NIS_segment,fixed_bg0,0.0025000000000000022,2.500000000000002,163,0.03593455696484184,0.07338229840922324,0.14871207073571305,0.16968068271486733,0.16583196827609573
max_NIS_segment,fixed_bg0,0.0027500000000000024,2.7500000000000027,163,0.03614220658802622,0.0733950012825338,0.14870391636846947,0.1697231276333178,0.1658302775628863
max_NIS_segment,fixed_bg0,0.0030000000000000027,3.0000000000000027,163,0.03593581846456393,0.07341440384323263,0.14868310019636724,0.16966944929591282,0.1658202007466528
max_NIS_segment,fixed_bg0,0.003250000000000003,3.2500000000000027,163,0.03526907171934328,0.07342754361055588,0.14864754711838532,0.16950399654561793,0.1657941417089056
max_NIS_segment,fixed_bg0,0.003500000000000003,3.500000000000003,163,0.03474434470350156,0.07344930567824023,0.14862389213817914,0.16938427113457857,0.1657825739301833
max_NIS_segment,fixed_bg0,0.0037500000000000033,3.7500000000000036,163,0.03436814303271186,0.07347968238542774,0.14861214093730502,0.1693103700691416,0.1657855004438951
max_NIS_segment,fixed_bg0,0.0040000000000000036,4.0000000000000036,163,0.03414537625894368,0.07351866305383888,0.14861229633955939,0.16928235336385697,0.1658029204825443
max_NIS_segment,fixed_bg0,0.004250000000000004,4.2500000000000036,163,0.034079053418796065,0.07356623400648282,0.14862435830759357,0.16930024379829378,0.16583482947873332
max_NIS_segment,fixed_bg0,0.004500000000000004,4.5000000000000036,163,0.034170085479622817,0.07362237859157844,0.14864832394295663,0.1693640268245196,0.16588121907115302
max_NIS_segment,fixed_bg0,0.004750000000000004,4.750000000000004,163,0.034417223873473984,0.07368707721154254,0.14868418748957907,0.1694736506262049,0.16594207711552889
max_NIS_segment,fixed_bg0,0.0050000000000000044,5.000000000000004,163,0.03481714454597791,0.07376030735693746,0.14873194034067186,0.16962902632871113,0.16601738770047866
max_NIS_segment,fixed_bg0,0.005250000000000005,5.250000000000004,163,0.03536466467003403,0.07384204364529112,0.14879157104905635,0.16983002835830718,0.1661071311682899
max_NIS_segment,fixed_bg0,0.005500000000000005,5.500000000000005,163,0.0360530603114044,0.0739322578645347,0.14886306534083577,0.17007649494693775,0.16621128414045172
max_NIS_segment,fixed_bg0,0.005750000000000005,5.750000000000005,163,0.036874442451683746,0.07403091902101666,0.14894640613245497,0.17036822877811778,0.1663298195480009
max_NIS_segment,fixed_bg0,0.006000000000000005,6.000000000000005,163,0.03782014743667009,0.07413799339175713,0.14904157355099434,0.17070499776762288,0.16646270666642626
max_NIS_segment,fixed_bg0,0.006249999999999999,6.249999999999998,163,0.038881104611978856,0.0742534445808984,0.1491485449577632,0.17108653597227957,0.16660991115520848
max_NIS_segment,fixed_bg0,0.006499999999999999,6.499999999999999,163,0.04004815522938126,0.07437723358000344,0.1492672949750237,0.17151254461832155,0.16677139510172337
max_NIS_segment,fixed_bg0,0.006749999999999999,6.749999999999999,163,0.04131230901811124,0.07450931883202026,0.14939779551580026,0.17198269324033869,0.16694711706942567
max_NIS_segment,fixed_bg0,0.006999999999999999,6.999999999999999,163,0.0425600308663176,0.074682506190347,0.14953799056310846,0.17248316897560015,0.1671498948624364
max_NIS_segment,fixed_bg0,0.0072499999999999995,7.249999999999999,163,0.0433036942569139,0.074898415864415,0.1496968859108321,0.17289922002917135,0.16738856099028848
max_NIS_segment,fixed_bg0,0.0075,7.5,163,0.04336598120998527,0.07512829513475501,0.14986333184864314,0.17315856111938618,0.16764032618266822
max_NIS_segment,fixed_bg0,0.00775,7.75,163,0.043219228104743615,0.07535494392526272,0.15003839917230632,0.17337182723308217,0.16789844787897187
max_NIS_segment,fixed_bg0,0.008,8.0,163,0.042708381760170375,0.07555611391663483,0.15023573339839943,0.17350362478205147,0.1681651032168638
max_NIS_segment,fixed_bg0,0.00825,8.25,163,0.041799988825752796,0.07571772831526452,0.15045799199227153,0.17354544304418865,0.16843628390453963
max_NIS_segment,fixed_bg0,0.0085,8.5,163,0.04099909330483096,0.07588651581168464,0.15069220098524652,0.17363130009198577,0.16872137600142725
max_NIS_segment,fixed_bg0,0.00875,8.75,163,0.04031408263424185,0.07606322281950507,0.15093767890066798,0.17376139397533422,0.169020107613298
max_NIS_segment,fixed_bg0,0.009000000000000001,9.000000000000002,163,0.039750948244112724,0.07624779427746757,0.15119437085013354,0.17393562543439126,0.16933240655275272
max_NIS_segment,fixed_bg0,0.009250000000000001,9.250000000000002,163,0.03931492763330124,0.07644017321740289,0.1514622198184145,0.17415386199748767,0.16965819789750294
max_NIS_segment,fixed_bg0,0.009500000000000001,9.500000000000002,163,0.039010283312944274,0.07664030084540438,0.15174116672343094,0.17441593848160303,0.1699974040750686
max_NIS_segment,fixed_bg0,0.009750000000000002,9.750000000000002,163,0.0388401067756287,0.07684811662414456,0.15203115047764762,0.17472165761169248,0.17034994494931677
max_NIS_segment,fixed_bg0,0.010000000000000002,10.000000000000002,163,0.03880616710483511,0.07706355835621848,0.15233210805092592,0.1750707907537109,0.17071573790884437
max_NIS_segment,fixed_bg0,0.010250000000000002,10.250000000000002,163,0.03890882081527168,0.07728656226798299,0.1526439745342839,0.17546307875465098,0.1710946979564999
max_NIS_segment,fixed_bg0,0.010500000000000002,10.500000000000002,163,0.03914699337039039,0.07751706309401526,0.15296668320492118,0.17589823288304418,0.17148673780043827
max_NIS_segment,fixed_bg0,0.010750000000000003,10.750000000000002,163,0.03951823456949659,0.07775499416166542,0.1533001655919512,0.17637593586169864,0.17189176794599642
max_NIS_segment,fixed_bg0,0.011000000000000003,11.000000000000004,163,0.040018841286032995,0.07800028747559747,0.1536443515428613,0.17689584298444913,0.1723096967883763
max_NIS_segment,fixed_bg0,0.011250000000000003,11.250000000000004,163,0.0406440336717057,0.07825287380225443,0.15399916929076846,0.17745758330842065,0.17274043070618503
max_NIS_segment,fixed_bg0,0.011500000000000003,11.500000000000004,163,0.041388166293931966,0.07851268275370087,0.15436454552185389,0.17806076091190318,0.17318387415504882
max_NIS_segment,fixed_bg0,0.011750000000000003,11.750000000000004,163,0.042244954326947665,0.07877964287108452,0.15474040544345358,0.17870495620935062,0.17363992976184953
max_NIS_segment,fixed_bg0,0.012000000000000004,12.000000000000004,163,0.04315448209233871,0.07904668957079405,0.15511941365338489,0.17936755823985953,0.1740988558959289
max_NIS_segment,fixed_bg0,0.012250000000000004,12.250000000000004,163,0.04371630914229243,0.07928634752064309,0.1554627694328612,0.17990584556351585,0.17451360285920162
max_NIS_segment,fixed_bg0,0.012500000000000004,12.500000000000004,163,0.04380697568466017,0.07953237036162099,0.15579303972708983,0.18032171328317909,0.17491960771378556
max_NIS_segment,fixed_bg0,0.012750000000000004,12.750000000000004,163,0.04371969962681501,0.07977094656275817,0.15612591356552608,0.18069343357645146,0.17532456987595477
max_NIS_segment,fixed_bg0,0.013000000000000005,13.000000000000005,163,0.04381293405402462,0.07990646537676532,0.15651987704407797,0.18111622872985123,0.17573706245098522
max_NIS_segment,fixed_bg0,0.013250000000000005,13.250000000000005,163,0.04386437955069683,0.08001470266390724,0.15695705253167905,0.18155426950417153,0.17617567647614057
max_NIS_segment,fixed_bg0,0.013500000000000005,13.500000000000005,163,0.044039298111821716,0.08013068683737885,0.15740412207005294,0.1820341846902831,0.17662668149992003
max_NIS_segment,fixed_bg0,0.013750000000000005,13.750000000000005,163,0.0443368468878033,0.08025436537995895,0.1578610357662899,0.18255581548583524,0.1770900047313394
max_NIS_segment,fixed_bg0,0.013999999999999999,13.999999999999998,163,0.04475458004133687,0.08038570277680505,0.1583277083933861,0.18311880539884043,0.17756554974437458
max_NIS_segment,fixed_bg0,0.014249999999999999,14.249999999999998,163,0.0452891720652727,0.08052466155268925,0.1588040539166008,0.18372277421397626,0.17805321861320514
max_NIS_segment,fixed_bg0,0.014499999999999999,14.499999999999998,163,0.04593654326341277,0.08067120232338386,0.15928998555755272,0.1843673192033151,0.1785529119987285
max_NIS_segment,fixed_bg0,0.01475,14.75,163,0.046692002918954825,0.08082528384917108,0.15978541585781456,0.18505201638117183,0.17906452923500454
max_NIS_segment,fixed_bg0,0.015,15.0,163,0.04755039952646876,0.08098686309006266,0.16029025674106587,0.18577642179354237,0.17958796841460556
max_NIS_segment,fixed_bg0,0.01525,15.25,163,0.048506268487942955,0.08115589526282203,0.16080441957458913,0.18654007283491408,0.18012312647361706
max_NIS_segment,fixed_bg0,0.0155,15.5,163,0.04955396955928607,0.08133233389941237,0.1613278152293506,0.18734248958333943,0.18066989927544932
max_NIS_segment,fixed_bg0,0.01575,15.75,163,0.05068780863767791,0.08151613090678059,0.16186035413887676,0.18818317614617902,0.18122818169361515
max_NIS_segment,fixed_bg0,0.016,16.0,163,0.05190214079263921,0.08170723662792168,0.16240194635718314,0.18906162200941662,0.1817978676936905
max_NIS_segment,fixed_bg0,0.01625,16.25,163,0.053191453469290974,0.08190559990379996,0.162952501614955,0.18997730338213836,0.1823788504135644
max_NIS_segment,fixed_bg0,0.0165,16.5,163,0.0545504303782018,0.08211116813627511,0.1635119293748443,0.1909296845308103,0.18297102224283415
max_NIS_segment,fixed_bg0,0.01675,16.75,163,0.05597399767465322,0.08232388735160688,0.16408013888508408,0.19191821909581858,0.18357427490045694
max_NIS_segment,fixed_bg0,0.017,17.0,163,0.057409472871738136,0.08254193532099686,0.16465490700026128,0.19292552205763538,0.18418580153149783
max_NIS_segment,fixed_bg0,0.01725,17.25,163,0.057941208433649236,0.08286151854583657,0.16516495365600506,0.193656078672124,0.18478499173881058
max_NIS_segment,fixed_bg0,0.0175,17.5,163,0.05804418934257029,0.08318149763223046,0.16563376437922486,0.1942236684011748,0.18534752615228872
max_NIS_segment,fixed_bg0,0.017750000000000002,17.750000000000004,163,0.05794513400972265,0.08348279718110807,0.16610230907948811,0.19472286219682725,0.1859014645093466
max_NIS_segment,fixed_bg0,0.018000000000000002,18.000000000000004,163,0.0575469072982645,0.0837282304499608,0.16660958069223708,0.19514306416657456,0.18646492687024224
max_NIS_segment,fixed_bg0,0.018250000000000002,18.250000000000004,163,0.056837878540244094,0.08392176215235823,0.16715882593305534,0.19548779933036753,0.18704260276759008
max_NIS_segment,fixed_bg0,0.018500000000000003,18.500000000000004,163,0.05621614841625377,0.08412185602814563,0.16772018543488668,0.19587445623840571,0.1876340780986568
max_NIS_segment,fixed_bg0,0.018750000000000003,18.750000000000004,163,0.05568659938624988,0.08432896049972488,0.16829000374212963,0.19630052544426574,0.18823628486158064
max_NIS_segment,fixed_bg0,0.019000000000000003,19.000000000000004,163,0.055251881979603616,0.08454302404570857,0.1688681952262736,0.1967657509224107,0.18884912039448876
max_NIS_segment,fixed_bg0,0.019250000000000003,19.250000000000004,163,0.05491424838795334,0.08476399394261251,0.16945467417763738,0.19726985564390298,0.18947248156329324
max_NIS_segment,fixed_bg0,0.019500000000000003,19.500000000000004,163,0.05467549718456156,0.08499181632307988,0.17004935484896186,0.197812542369849,0.1901062648269233
max_NIS_segment,fixed_bg0,0.019750000000000004,19.750000000000004,163,0.05453692704382042,0.08522643623415359,0.1706521514973876,0.19839349448821295,0.19075036630072717
max_NIS_segment,fixed_bg0,0.020000000000000004,20.000000000000004,163,0.05449930213339916,0.0854677976955826,0.17126297842512106,0.19901237688898654,0.19140468181833092
max_NIS_segment,fixed_bg0,0.020250000000000004,20.250000000000004,163,0.054562831280205254,0.08571584375818259,0.17188175001913455,0.19966883687278184,0.19206910699229438
max_NIS_segment,fixed_bg0,0.020500000000000004,20.500000000000004,163,0.0547271622161798,0.08597051656179482,0.17250838078903172,0.20036250508663409,0.1927435372726033
max_NIS_segment,fixed_bg0,0.020750000000000005,20.750000000000004,163,0.05499139126991881,0.08623175739315533,0.1731427854041513,0.20109299648277484,0.19342786800412187
max_NIS_segment,fixed_bg0,0.021000000000000005,21.000000000000004,163,0.05535408788883248,0.0864995067431171,0.17378487872878498,0.20185991129391115,0.1941219944817719
max_NIS_segment,fixed_bg0,0.021250000000000005,21.250000000000004,163,0.0558133324649877,0.08677370436356868,0.17443457585661618,0.20266283602106439,0.1948258120046047
max_NIS_segment,fixed_bg0,0.021500000000000005,21.500000000000004,163,0.05636676519309164,0.08705428932358934,0.17509179214348755,0.2035013444279585,0.19553921592778636
max_NIS_segment,fixed_bg0,0.021750000000000005,21.750000000000007,163,0.057011643183258284,0.08734120006488658,0.17575644323885975,0.20437499853750268,0.19626210171286015
max_NIS_segment,fixed_bg0,0.022000000000000006,22.000000000000007,163,0.05769848337661418,0.0876319938055514,0.17642683725334407,0.20526789867272371,0.19699186592738835
max_NIS_segment,fixed_bg0,0.02225,22.25,163,0.0579140282852161,0.0879194880219501,0.17703715977866727,0.2059757922396707,0.19766636617426642
max_NIS_segment,fixed_bg0,0.0225,22.5,163,0.05793775414621716,0.08820517952095663,0.1776043042038542,0.20659193092075712,0.19830139325294557
max_NIS_segment,fixed_bg0,0.02275,22.75,163,0.057812820605462986,0.08846874332158142,0.1781753704016597,0.20716057392522333,0.19893009114427224
max_NIS_segment,fixed_bg0,0.023,23.0,163,0.057724546864090565,0.08860344698108366,0.17879546204308627,0.20772701166385416,0.19954545362931828
max_NIS_segment,fixed_bg0,0.02325,23.25,163,0.057553738017853615,0.08864778426253157,0.17949172857366463,0.20829820700343568,0.2001891862239777
max_NIS_segment,fixed_bg0,0.0235,23.5,163,0.05747951231283559,0.08869942078124703,0.18019491482080427,0.20890593316114084,0.20084271103081044
max_NIS_segment,fixed_bg0,0.02375,23.75,163,0.057502243767914754,0.08875834379790926,0.1809049400927845,0.20954987230267288,0.20150593277549378
max_NIS_segment,fixed_bg0,0.024,24.0,163,0.05762181763618053,0.08882453881170783,0.18162172418084818,0.21022969166422217,0.20217875602925417
max_NIS_segment,fixed_bg0,0.02425,24.25,163,0.0578376332830011,0.08889798957807457,0.18234518737998476,0.21094504434910089,0.20286108525704288
max_NIS_segment,fixed_bg0,0.0245,24.5,163,0.058148619128850096,0.088978678128422,0.1830752505082057,0.21169557013956541,0.2035528248640229
max_NIS_segment,fixed_bg0,0.02475,24.75,163,0.05855325880028034,0.08906658479185418,0.18381183492472736,0.21248089632014538,0.204253879240713
max_NIS_segment,fixed_bg0,0.025,25.0,163,0.05904962703020136,0.08916168821884725,0.18455486254751294,0.21330063850905887,0.20496415280718314
max_NIS_segment,fixed_bg0,0.02525,25.25,163,0.0596354333882574,0.08926396540671111,0.1853042558691506,0.21415440149283754,0.20568355005529773
max_NIS_segment,fixed_bg0,0.025500000000000002,25.500000000000004,163,0.06030807164164511,0.08937339172691301,0.186059937972352,0.2150417800618789,0.20641197559019608
max_NIS_segment,fixed_bg0,0.025750000000000002,25.750000000000004,163,0.06106467245140159,0.0894899409540611,0.1868218325440447,0.21596235984234236,0.207149334170005
max_NIS_segment,fixed_bg0,0.026000000000000002,26.000000000000004,163,0.06190215719007169,0.08961358529651314,0.18758986388850057,0.21691571812154584,0.2078955307441735
max_NIS_segment,fixed_bg0,0.026250000000000002,26.250000000000004,163,0.06281729088959218,0.0897442954286067,0.1883639569399662,0.21790142466437917,0.20865047049086294
max_NIS_segment,fixed_bg0,0.026500000000000003,26.500000000000004,163,0.06380673264910121,0.08988204052425312,0.1891440372737344,0.21891904251655495,0.20941405885234
max_NIS_segment,fixed_bg0,0.026750000000000003,26.750000000000004,163,0.06486708221230017,0.09002678829202777,0.1899300311170374,0.21996812879377253,0.21018620156969484
max_NIS_segment,fixed_bg0,0.027000000000000003,27.000000000000004,163,0.06595807316878419,0.09016390780816709,0.19072011950608941,0.22102977553215625,0.21095898714123723
max_NIS_segment,fixed_bg0,0.027250000000000003,27.250000000000004,163,0.06663068133240706,0.09029935000074191,0.19145506443608012,0.22192039564582805,0.21168139811702888
max_NIS_segment,fixed_bg0,0.027500000000000004,27.500000000000004,163,0.06673913824402859,0.0904205410201357,0.19214761462764374,0.22259984865004528,0.2123595536948303
max_NIS_segment,fixed_bg0,0.027750000000000004,27.750000000000004,163,0.0666461371683023,0.09051585617279087,0.19284160453941257,0.22321001827759598,0.21302817808925784
max_NIS_segment,fixed_bg0,0.028000000000000004,28.000000000000004,163,0.066300017408042,0.09056972499983834,0.19359636737297795,0.2237814131130332,0.21373448141691923
max_NIS_segment,fixed_bg0,0.028250000000000004,28.250000000000004,163,0.06569511723660174,0.09057351218168393,0.19438728006343933,0.2242895989298624,0.21445273549056837
max_NIS_segment,fixed_bg0,0.028500000000000004,28.500000000000004,163,0.0651708629066159,0.09058385370889344,0.19518479819732587,0.22483278535853699,0.21518025002328872
max_NIS_segment,fixed_bg0,0.028750000000000005,28.750000000000004,163,0.06472855646690327,0.09060119429076187,0.19598782877289941,0.22540982999043493,0.2159162000268338
max_NIS_segment,fixed_bg0,0.029000000000000005,29.000000000000004,163,0.06436988721153594,0.09062552990962221,0.19679630430925205,0.22602047349920637,0.2166604995405937
max_NIS_segment,fixed_bg0,0.029250000000000005,29.250000000000004,163,0.06409625920440275,0.09065685493230527,0.1976101579761533,0.22666444433473748,0.21741306281265002
max_NIS_segment,fixed_bg0,0.029500000000000005,29.500000000000007,163,0.06390876477768485,0.0906951621166387,0.19842932359865653,0.2273414592866712,0.21817380432853006
max_NIS_segment,fixed_bg0,0.029750000000000006,29.750000000000007,163,0.06380816322272202,0.09074044261981323,0.1992537356618362,0.22805122406138068,0.21894263883957488
max_NIS_segment,fixed_bg0,0.03,30.0,163,0.06379486561897986,0.09079268600853728,0.20008332931419506,0.22879343386872178,0.21971948138956057
